request_id,waste_id,requester_company_id,supplier_company_id,requested_quantity,request_date,expected_pickup_date,offered_price_per_unit,request_status,transportation_mode,priority,remarks
REQ00001,WST00001,C046,C001,2664.81,2026-08-16,2026-08-31,46.37,Accepted,Road,Low,Need immediate pickup
REQ00002,WST00001,C021,C001,1917.01,2026-07-12,2026-07-20,49.76,Pending,Road,Low,Price negotiation required
REQ00003,WST00001,C037,C001,1656.91,2026-05-28,2026-06-15,47.13,Accepted,Rail,Low,Requested for pilot testing
REQ00004,WST00001,C015,C001,2066.82,2026-06-02,2026-06-14,53.04,Pending,Road,Medium,Requested as secondary raw material
REQ00005,WST00002,C036,C001,1263.85,2026-07-17,2026-07-24,210.65,Pending,Road,Medium,Need immediate pickup
REQ00006,WST00002,C023,C001,3827.68,2026-07-08,2026-07-23,210.55,Accepted,Road,Low,No additional remarks
REQ00007,WST00002,C057,C001,2329.94,2026-08-20,2026-09-02,189.26,Accepted,Rail,Medium,Requested as secondary raw material
REQ00008,WST00002,C006,C001,2455.62,2026-05-21,2026-06-10,191.69,Pending,Rail,High,Requested for pilot testing
REQ00009,WST00003,C012,C001,130.72,2026-06-25,2026-06-29,312.3,Pending,Sea,Medium,Requested for pilot testing
REQ00010,WST00003,C050,C001,177.53,2026-08-19,2026-08-23,325.16,Accepted,Rail,Medium,Trial order
REQ00011,WST00003,C007,C001,199.88,2026-08-08,2026-08-24,295.18,Pending,Road,Low,Bulk procurement
REQ00012,WST00003,C050,C001,213.03,2026-07-10,2026-07-29,370.05,Pending,Sea,Low,Requested as secondary raw material
REQ00013,WST00003,C039,C001,64.85,2026-06-16,2026-06-30,276.56,Pending,Road,Medium,Requested as secondary raw material
REQ00014,WST00003,C015,C001,214.85,2026-06-04,2026-06-14,353.53,Pending,Road,High,Price negotiation required
REQ00015,WST00004,C059,C001,881.56,2026-06-01,2026-06-10,453.99,Pending,Road,Low,Price negotiation required
REQ00016,WST00004,C003,C001,1674.67,2026-08-04,2026-08-23,390.23,Cancelled,Road,High,Need immediate pickup
REQ00017,WST00004,C002,C001,2981.45,2026-07-22,2026-07-31,368.77,Rejected,Rail,Low,No additional remarks
REQ00018,WST00004,C034,C001,1520.55,2026-07-16,2026-08-01,433.09,Pending,Road,Medium,Requested for pilot testing
REQ00019,WST00004,C009,C001,2569.96,2026-09-02,2026-09-16,417.71,Rejected,Road,Low,Requested for pilot testing
REQ00020,WST00004,C007,C001,2772.04,2026-06-22,2026-07-02,453.7,Cancelled,Road,Medium,Price negotiation required
REQ00021,WST00005,C014,C001,3877.63,2026-05-26,2026-06-05,316.45,Accepted,Sea,Low,Bulk procurement
REQ00022,WST00005,C037,C001,1588.56,2026-06-11,2026-06-18,296.72,Accepted,Sea,High,Need immediate pickup
REQ00023,WST00005,C011,C001,3391.77,2026-07-31,2026-08-05,292.41,Cancelled,Road,Medium,Trial order
REQ00024,WST00005,C036,C001,3491.08,2026-09-01,2026-09-05,277.46,Pending,Road,Medium,Requested for pilot testing
REQ00025,WST00006,C021,C001,593.32,2026-08-20,2026-09-04,295.94,Pending,Road,Medium,Price negotiation required
REQ00026,WST00006,C019,C001,727.41,2026-06-01,2026-06-04,370.59,Pending,Road,Medium,Trial order
REQ00027,WST00006,C006,C001,1914.25,2026-08-15,2026-09-01,354.29,Rejected,Road,Medium,Price negotiation required
REQ00028,WST00007,C033,C002,3259.79,2026-06-26,2026-07-07,383.53,Accepted,Road,High,For recycling process
REQ00029,WST00007,C026,C002,3800.59,2026-07-31,2026-08-07,367.45,Accepted,Road,High,No additional remarks
REQ00030,WST00007,C022,C002,1758.71,2026-08-31,2026-09-15,330.43,Accepted,Rail,High,Urgent production requirement
REQ00031,WST00007,C014,C002,4432.64,2026-08-10,2026-08-12,360.17,Pending,Road,High,Trial order
REQ00032,WST00007,C026,C002,4574.28,2026-06-06,2026-06-12,425.17,Rejected,Road,Medium,Long-term procurement
REQ00033,WST00008,C019,C002,4800.89,2026-07-03,2026-07-20,16.79,Accepted,Road,Medium,Requested as secondary raw material
REQ00034,WST00008,C044,C002,4576.59,2026-08-23,2026-08-30,17.21,Rejected,Road,High,Requested for pilot testing
REQ00035,WST00008,C018,C002,4343.74,2026-06-22,2026-07-08,18.59,Rejected,Rail,High,Requested as secondary raw material
REQ00036,WST00009,C018,C002,166.47,2026-07-04,2026-07-20,205.78,Pending,Road,High,Requested for pilot testing
REQ00037,WST00009,C010,C002,199.32,2026-05-18,2026-06-07,163.39,Cancelled,Road,Low,For recycling process
REQ00038,WST00009,C058,C002,391.66,2026-08-25,2026-09-13,160.98,Accepted,Road,Medium,Long-term procurement
REQ00039,WST00009,C027,C002,532.2,2026-05-21,2026-06-05,168.69,Accepted,Rail,Low,Long-term procurement
REQ00040,WST00009,C050,C002,389.92,2026-07-28,2026-08-13,188.79,Accepted,Road,Medium,Requested as secondary raw material
REQ00041,WST00009,C047,C002,150.73,2026-07-09,2026-07-14,159.05,Cancelled,Road,High,Long-term procurement
REQ00042,WST00010,C056,C002,1532.63,2026-06-10,2026-06-23,359.07,Pending,Road,High,Trial order
REQ00043,WST00010,C052,C002,1163.14,2026-06-27,2026-07-04,360.85,Pending,Road,Low,Need immediate pickup
REQ00044,WST00010,C034,C002,2878.15,2026-05-27,2026-06-01,347.16,Accepted,Rail,High,No additional remarks
REQ00045,WST00010,C010,C002,944.42,2026-08-25,2026-08-28,367.12,Accepted,Sea,Medium,Long-term procurement
REQ00046,WST00010,C034,C002,2834.43,2026-08-16,2026-08-23,283.97,Pending,Road,Low,Price negotiation required
REQ00047,WST00011,C054,C002,1089.51,2026-06-05,2026-06-13,424.35,Accepted,Rail,Low,For recycling process
REQ00048,WST00011,C037,C002,885.41,2026-09-07,2026-09-16,372.05,Accepted,Road,Low,Bulk procurement
REQ00049,WST00011,C016,C002,791.77,2026-07-02,2026-07-18,361.72,Accepted,Road,Medium,Requested as secondary raw material
REQ00050,WST00011,C059,C002,689.01,2026-06-27,2026-07-12,424.46,Pending,Road,Medium,No additional remarks
REQ00051,WST00011,C026,C002,777.58,2026-06-05,2026-06-08,446.99,Pending,Road,High,For recycling process
REQ00052,WST00012,C060,C002,1142.63,2026-05-27,2026-05-30,255.93,Rejected,Rail,Low,Bulk procurement
REQ00053,WST00012,C040,C002,816.83,2026-05-27,2026-06-02,291.14,Cancelled,Road,Medium,Long-term procurement
REQ00054,WST00012,C004,C002,624.72,2026-07-28,2026-08-01,312.88,Pending,Rail,High,Urgent production requirement
REQ00055,WST00012,C027,C002,1275.19,2026-07-14,2026-07-28,255.83,Pending,Sea,High,Price negotiation required
REQ00056,WST00013,C028,C002,1650.87,2026-08-19,2026-08-31,116.46,Pending,Rail,Low,Price negotiation required
REQ00057,WST00013,C029,C002,1712.63,2026-08-28,2026-09-15,133.41,Pending,Rail,High,Bulk procurement
REQ00058,WST00014,C017,C002,1948.55,2026-08-08,2026-08-15,475.03,Cancelled,Road,Medium,Price negotiation required
REQ00059,WST00014,C027,C002,1464.97,2026-06-27,2026-06-29,427.8,Cancelled,Road,Low,Price negotiation required
REQ00060,WST00015,C011,C003,2373.73,2026-06-10,2026-06-12,336.87,Pending,Sea,Medium,Need immediate pickup
REQ00061,WST00015,C022,C003,2129.67,2026-07-01,2026-07-18,364.47,Accepted,Road,Low,Price negotiation required
REQ00062,WST00015,C047,C003,1313.04,2026-06-14,2026-06-22,384.74,Rejected,Sea,Low,Requested as secondary raw material
REQ00063,WST00015,C028,C003,1648.07,2026-07-19,2026-07-27,335.93,Accepted,Road,High,Trial order
REQ00064,WST00015,C051,C003,1715.67,2026-08-14,2026-08-27,370.78,Rejected,Road,High,For recycling process
REQ00065,WST00016,C054,C003,2638.3,2026-08-16,2026-08-29,273.37,Cancelled,Road,Medium,Long-term procurement
REQ00066,WST00016,C002,C003,2934.89,2026-08-29,2026-09-04,352.41,Accepted,Road,High,Need immediate pickup
REQ00067,WST00016,C010,C003,1155.63,2026-07-24,2026-08-12,284.41,Rejected,Road,High,No additional remarks
REQ00068,WST00016,C017,C003,1126.99,2026-08-21,2026-09-10,280.61,Pending,Sea,Low,Price negotiation required
REQ00069,WST00016,C038,C003,2822.43,2026-07-22,2026-07-27,287.89,Pending,Road,Low,Requested for pilot testing
REQ00070,WST00017,C010,C003,1744.27,2026-06-09,2026-06-11,325.37,Accepted,Road,Low,For recycling process
REQ00071,WST00017,C015,C003,777.41,2026-09-06,2026-09-19,302.31,Accepted,Rail,High,Bulk procurement
REQ00072,WST00017,C055,C003,1491.53,2026-05-27,2026-06-16,298.36,Pending,Road,Medium,Urgent production requirement
REQ00073,WST00017,C053,C003,2087.36,2026-08-22,2026-09-11,314.52,Pending,Sea,Medium,Trial order
REQ00074,WST00017,C044,C003,3651.69,2026-07-08,2026-07-21,293.03,Accepted,Road,Medium,Need immediate pickup
REQ00075,WST00017,C020,C003,848.41,2026-09-11,2026-09-21,353.63,Rejected,Road,Medium,Urgent production requirement
REQ00076,WST00018,C046,C003,177.48,2026-05-23,2026-06-09,112.37,Accepted,Rail,High,Long-term procurement
REQ00077,WST00018,C005,C003,80.49,2026-06-25,2026-06-29,95.16,Cancelled,Road,High,Price negotiation required
REQ00078,WST00018,C029,C003,177.49,2026-06-22,2026-07-02,115.75,Accepted,Road,Low,Requested as secondary raw material
REQ00079,WST00018,C013,C003,176.46,2026-07-03,2026-07-08,90.78,Pending,Rail,Medium,Requested for pilot testing
REQ00080,WST00018,C042,C003,186.47,2026-09-08,2026-09-19,101.15,Rejected,Road,High,Trial order
REQ00081,WST00019,C048,C003,170.25,2026-08-05,2026-08-11,215.51,Pending,Rail,High,No additional remarks
REQ00082,WST00019,C009,C003,64.64,2026-06-09,2026-06-28,183.57,Pending,Road,Medium,Trial order
REQ00083,WST00019,C005,C003,82.53,2026-06-21,2026-06-23,206.42,Pending,Road,Medium,Long-term procurement
REQ00084,WST00019,C015,C003,43.7,2026-05-21,2026-05-29,219.02,Accepted,Road,High,Need immediate pickup
REQ00085,WST00019,C019,C003,165.39,2026-06-01,2026-06-07,218.74,Accepted,Road,Medium,Long-term procurement
REQ00086,WST00020,C042,C003,1587.22,2026-08-04,2026-08-22,300.7,Accepted,Rail,Medium,Trial order
REQ00087,WST00020,C035,C003,2778.11,2026-08-11,2026-08-23,314.98,Accepted,Road,Low,Long-term procurement
REQ00088,WST00020,C056,C003,4081.38,2026-09-03,2026-09-18,326.96,Pending,Road,Low,Requested as secondary raw material
REQ00089,WST00020,C055,C003,3080.33,2026-06-18,2026-06-23,318.94,Accepted,Road,Medium,Trial order
REQ00090,WST00021,C042,C003,2792.28,2026-09-06,2026-09-13,280.19,Rejected,Road,High,Urgent production requirement
REQ00091,WST00021,C055,C003,828.33,2026-08-10,2026-08-13,325.33,Pending,Rail,Medium,Long-term procurement
REQ00092,WST00021,C005,C003,1982.4,2026-07-18,2026-08-04,290.27,Rejected,Road,Low,Need immediate pickup
REQ00093,WST00022,C010,C003,3100.27,2026-06-10,2026-06-19,510.68,Cancelled,Rail,Medium,No additional remarks
REQ00094,WST00022,C012,C003,3729.85,2026-05-29,2026-06-03,452.42,Pending,Road,High,Long-term procurement
REQ00095,WST00022,C026,C003,951.85,2026-08-11,2026-08-17,432.49,Pending,Sea,Low,Long-term procurement
REQ00096,WST00022,C056,C003,3726.55,2026-07-11,2026-07-28,507.3,Accepted,Sea,Medium,Need immediate pickup
REQ00097,WST00023,C006,C003,914.77,2026-08-20,2026-08-28,79.75,Accepted,Rail,High,Need immediate pickup
REQ00098,WST00023,C017,C003,508.51,2026-08-30,2026-09-01,86.87,Pending,Rail,High,Price negotiation required
REQ00099,WST00024,C018,C003,209.63,2026-08-30,2026-09-14,392.45,Pending,Road,Low,Requested as secondary raw material
REQ00100,WST00024,C045,C003,742.69,2026-09-08,2026-09-10,417.78,Accepted,Road,Medium,For recycling process
REQ00101,WST00024,C047,C003,527.91,2026-07-24,2026-08-06,438.02,Accepted,Sea,Low,No additional remarks
REQ00102,WST00024,C056,C003,850.98,2026-06-02,2026-06-16,391.25,Rejected,Sea,Medium,Urgent production requirement
REQ00103,WST00024,C054,C003,909.58,2026-09-05,2026-09-12,402.52,Pending,Road,High,Need immediate pickup
REQ00104,WST00024,C056,C003,537.09,2026-06-02,2026-06-05,465.58,Accepted,Road,High,For recycling process
REQ00105,WST00025,C007,C004,463.68,2026-06-06,2026-06-21,166.76,Accepted,Road,Medium,For recycling process
REQ00106,WST00025,C052,C004,725.93,2026-07-31,2026-08-15,164.58,Pending,Sea,Low,Need immediate pickup
REQ00107,WST00025,C039,C004,1829.3,2026-08-09,2026-08-17,154.99,Rejected,Road,Medium,Requested as secondary raw material
REQ00108,WST00025,C018,C004,1107.17,2026-08-27,2026-08-31,160.67,Rejected,Road,Low,Long-term procurement
REQ00109,WST00025,C035,C004,1364.19,2026-07-30,2026-08-09,188.41,Accepted,Rail,Low,No additional remarks
REQ00110,WST00026,C025,C004,252.62,2026-08-12,2026-08-24,530.35,Accepted,Sea,Low,Price negotiation required
REQ00111,WST00026,C021,C004,250.75,2026-06-08,2026-06-10,495.35,Accepted,Sea,Low,Trial order
REQ00112,WST00026,C003,C004,223.21,2026-06-29,2026-07-10,435.0,Cancelled,Rail,Medium,Need immediate pickup
REQ00113,WST00026,C003,C004,136.11,2026-05-20,2026-05-26,527.28,Pending,Road,High,Requested as secondary raw material
REQ00114,WST00026,C015,C004,235.51,2026-08-09,2026-08-21,513.09,Pending,Road,Medium,Bulk procurement
REQ00115,WST00027,C028,C004,701.09,2026-07-06,2026-07-10,417.44,Pending,Road,Low,No additional remarks
REQ00116,WST00027,C023,C004,1424.05,2026-06-16,2026-06-18,352.9,Accepted,Road,Low,Need immediate pickup
REQ00117,WST00028,C011,C004,3471.91,2026-07-17,2026-07-31,421.06,Accepted,Road,Medium,No additional remarks
REQ00118,WST00028,C006,C004,1148.53,2026-07-19,2026-07-24,435.5,Accepted,Road,Medium,Urgent production requirement
REQ00119,WST00029,C055,C004,309.78,2026-06-03,2026-06-11,169.14,Cancelled,Road,Medium,For recycling process
REQ00120,WST00029,C038,C004,217.11,2026-07-27,2026-08-12,153.58,Accepted,Rail,High,Need immediate pickup
REQ00121,WST00030,C057,C004,2665.03,2026-09-03,2026-09-19,313.38,Accepted,Sea,Medium,Urgent production requirement
REQ00122,WST00030,C055,C004,2847.25,2026-07-18,2026-07-27,344.95,Pending,Rail,Medium,Long-term procurement
REQ00123,WST00030,C011,C004,2933.97,2026-07-17,2026-07-30,301.03,Pending,Road,Medium,No additional remarks
REQ00124,WST00030,C058,C004,3400.86,2026-06-30,2026-07-12,308.16,Pending,Road,High,Requested for pilot testing
REQ00125,WST00031,C041,C004,809.59,2026-07-21,2026-07-24,380.72,Accepted,Sea,Low,Need immediate pickup
REQ00126,WST00031,C003,C004,1282.83,2026-05-23,2026-05-26,379.94,Pending,Road,Medium,Trial order
REQ00127,WST00031,C005,C004,323.11,2026-09-06,2026-09-10,366.35,Accepted,Rail,Low,Requested for pilot testing
REQ00128,WST00031,C008,C004,864.53,2026-06-13,2026-07-02,342.81,Accepted,Road,Medium,Trial order
REQ00129,WST00031,C001,C004,535.95,2026-07-18,2026-08-06,388.15,Pending,Rail,High,Requested as secondary raw material
REQ00130,WST00032,C051,C005,482.96,2026-08-19,2026-09-03,373.06,Pending,Road,Medium,Bulk procurement
REQ00131,WST00032,C026,C005,255.89,2026-08-23,2026-09-03,377.7,Accepted,Rail,Low,Bulk procurement
REQ00132,WST00033,C004,C005,790.62,2026-06-25,2026-07-11,243.76,Cancelled,Rail,Medium,Requested as secondary raw material
REQ00133,WST00033,C039,C005,415.88,2026-06-14,2026-06-30,234.57,Accepted,Road,Medium,No additional remarks
REQ00134,WST00033,C022,C005,1442.85,2026-07-24,2026-08-06,199.22,Accepted,Road,Medium,Requested as secondary raw material
REQ00135,WST00033,C054,C005,938.31,2026-05-23,2026-06-07,240.88,Pending,Road,Low,Urgent production requirement
REQ00136,WST00034,C004,C005,2502.15,2026-05-17,2026-05-23,110.41,Pending,Road,High,Need immediate pickup
REQ00137,WST00034,C045,C005,1042.52,2026-05-24,2026-06-05,130.79,Rejected,Sea,Medium,Requested for pilot testing
REQ00138,WST00034,C040,C005,1853.03,2026-06-03,2026-06-14,102.58,Accepted,Road,High,For recycling process
REQ00139,WST00034,C038,C005,1948.13,2026-05-25,2026-06-10,104.53,Pending,Road,High,Urgent production requirement
REQ00140,WST00034,C060,C005,1537.3,2026-05-30,2026-06-09,122.11,Accepted,Road,High,Price negotiation required
REQ00141,WST00035,C043,C005,2451.96,2026-08-31,2026-09-04,513.43,Pending,Road,Medium,Requested for pilot testing
REQ00142,WST00035,C054,C005,3295.39,2026-08-26,2026-08-29,464.59,Pending,Road,Medium,Need immediate pickup
REQ00143,WST00035,C029,C005,2936.45,2026-06-10,2026-06-17,414.11,Accepted,Road,Low,Need immediate pickup
REQ00144,WST00035,C039,C005,3546.45,2026-07-14,2026-08-03,451.62,Rejected,Rail,High,Urgent production requirement
REQ00145,WST00035,C054,C005,3645.77,2026-06-05,2026-06-07,528.51,Rejected,Road,High,For recycling process
REQ00146,WST00036,C001,C005,274.12,2026-07-19,2026-07-29,143.67,Pending,Road,Medium,For recycling process
REQ00147,WST00036,C008,C005,858.97,2026-07-17,2026-07-22,123.96,Rejected,Road,Low,Bulk procurement
REQ00148,WST00036,C050,C005,905.93,2026-06-19,2026-07-01,155.68,Accepted,Sea,Low,Long-term procurement
REQ00149,WST00036,C023,C005,632.68,2026-05-18,2026-05-25,124.5,Pending,Road,Medium,Requested as secondary raw material
REQ00150,WST00036,C047,C005,868.09,2026-06-17,2026-06-30,145.52,Rejected,Road,Low,Requested as secondary raw material
REQ00151,WST00036,C019,C005,865.35,2026-07-10,2026-07-15,125.76,Pending,Rail,High,Requested as secondary raw material
REQ00152,WST00037,C044,C005,2984.02,2026-08-19,2026-09-07,369.22,Cancelled,Road,High,Price negotiation required
REQ00153,WST00037,C032,C005,3455.4,2026-07-31,2026-08-15,296.79,Pending,Sea,High,Long-term procurement
REQ00154,WST00038,C033,C005,1263.45,2026-06-03,2026-06-22,302.83,Pending,Road,High,For recycling process
REQ00155,WST00038,C057,C005,610.46,2026-05-17,2026-06-02,343.17,Cancelled,Road,Low,Bulk procurement
REQ00156,WST00039,C025,C005,2896.78,2026-08-04,2026-08-12,21.1,Pending,Road,Low,Bulk procurement
REQ00157,WST00039,C013,C005,919.43,2026-06-25,2026-07-09,20.21,Pending,Road,High,Requested as secondary raw material
REQ00158,WST00039,C028,C005,1401.79,2026-06-05,2026-06-09,20.21,Pending,Rail,Medium,Long-term procurement
REQ00159,WST00039,C007,C005,813.05,2026-08-10,2026-08-26,21.91,Accepted,Road,High,No additional remarks
REQ00160,WST00040,C029,C005,810.61,2026-08-26,2026-09-08,410.6,Rejected,Road,High,Bulk procurement
REQ00161,WST00040,C031,C005,817.36,2026-08-06,2026-08-25,405.07,Accepted,Road,Medium,For recycling process
REQ00162,WST00040,C058,C005,199.58,2026-08-16,2026-08-26,312.0,Rejected,Sea,Low,Trial order
REQ00163,WST00040,C031,C005,620.02,2026-08-30,2026-09-18,389.74,Pending,Sea,Medium,For recycling process
REQ00164,WST00040,C024,C005,470.85,2026-06-12,2026-06-25,347.94,Accepted,Road,Medium,For recycling process
REQ00165,WST00040,C006,C005,529.82,2026-07-17,2026-08-05,351.03,Rejected,Road,Low,Urgent production requirement
REQ00166,WST00041,C027,C005,2698.81,2026-07-08,2026-07-26,100.84,Pending,Road,High,No additional remarks
REQ00167,WST00041,C041,C005,1868.69,2026-07-27,2026-08-07,98.47,Accepted,Road,Medium,Requested as secondary raw material
REQ00168,WST00041,C011,C005,3683.08,2026-09-03,2026-09-14,115.42,Accepted,Road,Low,Requested as secondary raw material
REQ00169,WST00041,C034,C005,1672.17,2026-07-28,2026-07-31,102.71,Pending,Road,Low,Price negotiation required
REQ00170,WST00041,C009,C005,2069.54,2026-06-18,2026-07-07,102.58,Rejected,Road,Medium,Need immediate pickup
REQ00171,WST00041,C031,C005,4636.72,2026-07-19,2026-08-01,95.51,Accepted,Road,High,Trial order
REQ00172,WST00042,C011,C005,2122.6,2026-08-24,2026-08-29,78.47,Pending,Rail,Low,Trial order
REQ00173,WST00042,C029,C005,1100.38,2026-05-19,2026-05-30,72.67,Accepted,Rail,Medium,Urgent production requirement
REQ00174,WST00042,C044,C005,1570.46,2026-06-02,2026-06-15,61.56,Pending,Road,High,Urgent production requirement
REQ00175,WST00042,C059,C005,2444.64,2026-05-31,2026-06-18,64.69,Rejected,Sea,High,No additional remarks
REQ00176,WST00042,C047,C005,2894.65,2026-08-11,2026-08-27,69.8,Pending,Rail,Low,Long-term procurement
REQ00177,WST00043,C030,C005,2340.59,2026-07-31,2026-08-10,312.34,Accepted,Road,Low,Long-term procurement
REQ00178,WST00043,C039,C005,865.53,2026-09-02,2026-09-22,386.53,Pending,Road,Medium,No additional remarks
REQ00179,WST00043,C017,C005,1119.08,2026-08-05,2026-08-21,308.98,Rejected,Road,Low,Requested as secondary raw material
REQ00180,WST00043,C006,C005,2039.76,2026-08-01,2026-08-21,378.43,Cancelled,Rail,Medium,For recycling process
REQ00181,WST00043,C054,C005,1404.18,2026-05-23,2026-06-12,349.27,Accepted,Rail,Medium,No additional remarks
REQ00182,WST00043,C032,C005,1872.14,2026-09-01,2026-09-14,325.76,Rejected,Road,Low,Bulk procurement
REQ00183,WST00044,C013,C006,1214.41,2026-08-09,2026-08-23,373.82,Accepted,Road,Low,Urgent production requirement
REQ00184,WST00044,C018,C006,1506.63,2026-05-21,2026-06-01,356.62,Accepted,Sea,Low,Price negotiation required
REQ00185,WST00045,C021,C006,867.24,2026-07-21,2026-08-10,417.69,Accepted,Sea,High,Urgent production requirement
REQ00186,WST00045,C036,C006,730.83,2026-07-10,2026-07-14,346.35,Pending,Road,Medium,Long-term procurement
REQ00187,WST00046,C018,C006,2805.97,2026-06-15,2026-06-23,402.21,Cancelled,Road,Low,No additional remarks
REQ00188,WST00046,C017,C006,1336.57,2026-05-22,2026-05-24,379.85,Rejected,Rail,High,Need immediate pickup
REQ00189,WST00046,C018,C006,1785.08,2026-06-07,2026-06-12,380.01,Accepted,Road,Low,No additional remarks
REQ00190,WST00047,C046,C006,2519.52,2026-09-11,2026-09-22,51.06,Accepted,Road,Medium,Requested as secondary raw material
REQ00191,WST00047,C041,C006,3090.54,2026-08-18,2026-09-05,44.56,Cancelled,Road,Low,Trial order
REQ00192,WST00047,C002,C006,4140.27,2026-08-12,2026-08-20,56.32,Pending,Sea,High,No additional remarks
REQ00193,WST00047,C040,C006,1669.2,2026-09-06,2026-09-10,49.35,Accepted,Road,Medium,Requested as secondary raw material
REQ00194,WST00047,C031,C006,1868.44,2026-08-10,2026-08-16,45.05,Pending,Sea,High,Trial order
REQ00195,WST00048,C016,C006,4499.16,2026-06-15,2026-07-04,184.85,Pending,Road,Low,Trial order
REQ00196,WST00048,C047,C006,4231.46,2026-07-31,2026-08-16,202.88,Pending,Road,High,For recycling process
REQ00197,WST00048,C051,C006,4067.85,2026-08-19,2026-08-28,213.22,Accepted,Rail,High,Need immediate pickup
REQ00198,WST00048,C026,C006,2736.09,2026-07-29,2026-08-05,206.81,Pending,Sea,Low,Need immediate pickup
REQ00199,WST00049,C025,C006,3335.02,2026-07-16,2026-07-22,420.71,Accepted,Road,Low,Trial order
REQ00200,WST00049,C008,C006,3171.2,2026-06-13,2026-06-19,341.98,Cancelled,Road,Low,Long-term procurement
REQ00201,WST00049,C034,C006,1201.16,2026-07-14,2026-07-29,383.15,Pending,Sea,High,For recycling process
REQ00202,WST00049,C030,C006,4812.74,2026-08-26,2026-08-28,333.74,Cancelled,Road,Low,Requested for pilot testing
REQ00203,WST00050,C020,C006,358.74,2026-08-22,2026-09-06,309.57,Accepted,Road,Low,Need immediate pickup
REQ00204,WST00050,C046,C006,911.13,2026-07-17,2026-07-31,374.08,Cancelled,Road,High,Long-term procurement
REQ00205,WST00051,C041,C006,1347.57,2026-06-17,2026-06-27,319.48,Pending,Road,High,Urgent production requirement
REQ00206,WST00051,C028,C006,872.71,2026-09-12,2026-10-02,325.2,Cancelled,Road,Medium,Need immediate pickup
REQ00207,WST00052,C048,C006,326.71,2026-06-11,2026-06-29,379.18,Pending,Road,High,Requested for pilot testing
REQ00208,WST00052,C041,C006,431.62,2026-05-18,2026-05-25,454.31,Pending,Rail,High,Long-term procurement
REQ00209,WST00053,C001,C006,571.65,2026-06-21,2026-07-01,125.35,Cancelled,Road,Medium,Need immediate pickup
REQ00210,WST00053,C016,C006,1723.3,2026-06-30,2026-07-14,98.45,Pending,Sea,Low,Need immediate pickup
REQ00211,WST00053,C011,C006,1827.11,2026-05-29,2026-06-11,112.98,Pending,Road,High,For recycling process
REQ00212,WST00054,C050,C006,250.03,2026-05-18,2026-05-25,354.88,Pending,Road,High,No additional remarks
REQ00213,WST00054,C031,C006,227.84,2026-06-02,2026-06-04,398.55,Accepted,Road,Low,Long-term procurement
REQ00214,WST00055,C007,C006,121.97,2026-05-27,2026-06-03,198.75,Pending,Road,High,For recycling process
REQ00215,WST00055,C052,C006,253.12,2026-06-08,2026-06-15,223.53,Cancelled,Road,Medium,Bulk procurement
REQ00216,WST00055,C039,C006,70.18,2026-08-16,2026-08-18,199.31,Pending,Rail,High,Long-term procurement
REQ00217,WST00055,C057,C006,105.33,2026-07-09,2026-07-12,183.06,Cancelled,Rail,High,For recycling process
REQ00218,WST00055,C023,C006,87.29,2026-06-22,2026-07-09,167.13,Pending,Road,High,Bulk procurement
REQ00219,WST00055,C031,C006,202.12,2026-08-06,2026-08-23,191.75,Accepted,Road,High,Need immediate pickup
REQ00220,WST00056,C002,C007,864.61,2026-08-25,2026-09-06,434.61,Rejected,Road,Medium,Urgent production requirement
REQ00221,WST00056,C035,C007,1438.4,2026-08-27,2026-09-06,448.2,Rejected,Rail,Medium,Requested for pilot testing
REQ00222,WST00057,C044,C007,1133.69,2026-07-23,2026-07-30,419.32,Accepted,Rail,High,Price negotiation required
REQ00223,WST00057,C005,C007,2328.67,2026-07-11,2026-07-28,409.19,Rejected,Road,High,For recycling process
REQ00224,WST00057,C041,C007,2814.29,2026-07-08,2026-07-14,454.61,Pending,Road,High,No additional remarks
REQ00225,WST00057,C032,C007,1574.25,2026-06-19,2026-07-04,394.47,Pending,Road,Medium,Price negotiation required
REQ00226,WST00057,C025,C007,2520.6,2026-08-15,2026-08-27,416.86,Rejected,Road,Medium,No additional remarks
REQ00227,WST00058,C011,C007,310.42,2026-08-17,2026-08-25,176.42,Pending,Sea,High,Requested for pilot testing
REQ00228,WST00058,C059,C007,274.64,2026-06-13,2026-06-24,176.64,Pending,Road,Medium,Requested for pilot testing
REQ00229,WST00058,C059,C007,231.1,2026-06-08,2026-06-18,217.09,Accepted,Road,Medium,For recycling process
REQ00230,WST00058,C022,C007,137.83,2026-07-26,2026-08-06,164.86,Rejected,Rail,High,No additional remarks
REQ00231,WST00058,C004,C007,279.15,2026-07-10,2026-07-22,171.21,Accepted,Sea,High,No additional remarks
REQ00232,WST00058,C004,C007,339.54,2026-07-10,2026-07-22,185.06,Rejected,Road,Low,Price negotiation required
REQ00233,WST00059,C055,C007,4021.93,2026-07-22,2026-08-02,62.02,Pending,Road,High,Urgent production requirement
REQ00234,WST00059,C041,C007,2007.12,2026-07-03,2026-07-23,58.72,Pending,Road,Low,Long-term procurement
REQ00235,WST00059,C030,C007,3145.45,2026-06-28,2026-07-02,59.5,Accepted,Road,Medium,For recycling process
REQ00236,WST00060,C011,C007,3064.41,2026-08-19,2026-09-07,85.27,Accepted,Road,Medium,For recycling process
REQ00237,WST00060,C012,C007,3458.86,2026-06-02,2026-06-15,84.02,Pending,Sea,Medium,Urgent production requirement
REQ00238,WST00061,C023,C007,693.83,2026-07-18,2026-07-26,181.76,Rejected,Road,High,Price negotiation required
REQ00239,WST00061,C030,C007,1769.99,2026-08-18,2026-08-28,199.03,Pending,Road,Low,No additional remarks
REQ00240,WST00061,C057,C007,2065.4,2026-07-18,2026-07-25,234.45,Pending,Road,Medium,Trial order
REQ00241,WST00061,C008,C007,2396.85,2026-06-15,2026-07-04,237.09,Pending,Road,Low,Trial order
REQ00242,WST00062,C058,C007,2817.06,2026-06-05,2026-06-21,90.14,Pending,Road,High,Price negotiation required
REQ00243,WST00062,C047,C007,2528.16,2026-05-22,2026-05-29,88.45,Accepted,Road,Low,Need immediate pickup
REQ00244,WST00063,C005,C007,1021.43,2026-08-08,2026-08-10,360.31,Accepted,Road,Medium,Trial order
REQ00245,WST00063,C005,C007,1245.19,2026-05-23,2026-06-01,436.44,Pending,Road,High,Trial order
REQ00246,WST00063,C015,C007,543.67,2026-07-23,2026-08-03,385.98,Pending,Road,Medium,Bulk procurement
REQ00247,WST00064,C041,C008,385.78,2026-05-27,2026-06-01,86.92,Pending,Road,High,Bulk procurement
REQ00248,WST00064,C001,C008,623.97,2026-09-02,2026-09-20,78.13,Cancelled,Rail,Medium,No additional remarks
REQ00249,WST00065,C051,C008,1744.44,2026-09-11,2026-09-26,122.96,Rejected,Road,Medium,Bulk procurement
REQ00250,WST00065,C052,C008,2001.06,2026-07-03,2026-07-10,142.27,Cancelled,Sea,High,No additional remarks
REQ00251,WST00065,C047,C008,2359.73,2026-07-26,2026-08-15,139.27,Pending,Sea,High,For recycling process
REQ00252,WST00065,C024,C008,850.33,2026-05-18,2026-05-27,157.71,Rejected,Road,Medium,Long-term procurement
REQ00253,WST00065,C048,C008,1124.42,2026-06-01,2026-06-08,142.18,Pending,Road,Low,Trial order
REQ00254,WST00065,C045,C008,896.09,2026-06-18,2026-07-06,123.78,Accepted,Road,High,Bulk procurement
REQ00255,WST00066,C051,C008,343.11,2026-05-17,2026-06-04,66.79,Pending,Road,Low,Long-term procurement
REQ00256,WST00066,C043,C008,371.25,2026-08-12,2026-08-26,79.02,Rejected,Road,Medium,Requested for pilot testing
REQ00257,WST00066,C001,C008,381.02,2026-09-07,2026-09-26,67.13,Accepted,Road,Medium,Price negotiation required
REQ00258,WST00067,C052,C008,2247.76,2026-06-08,2026-06-23,404.57,Accepted,Road,Medium,Long-term procurement
REQ00259,WST00067,C010,C008,3209.71,2026-07-12,2026-07-30,443.1,Pending,Rail,Medium,Bulk procurement
REQ00260,WST00067,C041,C008,2017.66,2026-07-06,2026-07-23,449.14,Accepted,Road,Medium,No additional remarks
REQ00261,WST00068,C003,C008,800.21,2026-07-11,2026-07-14,403.72,Pending,Road,Medium,Bulk procurement
REQ00262,WST00068,C016,C008,930.65,2026-08-11,2026-08-31,442.13,Rejected,Road,High,Bulk procurement
REQ00263,WST00068,C036,C008,695.63,2026-07-08,2026-07-19,408.19,Pending,Rail,Medium,Bulk procurement
REQ00264,WST00069,C055,C008,495.76,2026-08-31,2026-09-13,336.6,Cancelled,Rail,High,Need immediate pickup
REQ00265,WST00069,C015,C008,224.47,2026-09-12,2026-09-17,369.71,Accepted,Rail,Low,For recycling process
REQ00266,WST00069,C029,C008,297.76,2026-05-29,2026-06-14,333.8,Pending,Sea,High,Long-term procurement
REQ00267,WST00069,C021,C008,414.55,2026-08-09,2026-08-29,372.59,Accepted,Rail,Low,Need immediate pickup
REQ00268,WST00069,C006,C008,469.93,2026-07-27,2026-08-15,355.74,Accepted,Road,Low,Requested for pilot testing
REQ00269,WST00069,C003,C008,482.9,2026-08-15,2026-08-20,365.92,Accepted,Rail,High,Long-term procurement
REQ00270,WST00070,C036,C008,1782.89,2026-07-31,2026-08-18,293.07,Rejected,Road,High,Requested for pilot testing
REQ00271,WST00070,C060,C008,2954.39,2026-08-24,2026-08-31,345.66,Pending,Rail,Low,For recycling process
REQ00272,WST00071,C004,C008,107.64,2026-06-15,2026-06-24,144.45,Pending,Road,Medium,Requested as secondary raw material
REQ00273,WST00071,C034,C008,93.21,2026-06-14,2026-06-23,146.75,Accepted,Road,Low,Need immediate pickup
REQ00274,WST00071,C027,C008,35.56,2026-08-08,2026-08-17,152.28,Pending,Road,Medium,Bulk procurement
REQ00275,WST00072,C029,C008,100.01,2026-06-25,2026-07-15,252.81,Pending,Road,Medium,Bulk procurement
REQ00276,WST00072,C029,C008,49.7,2026-05-25,2026-06-07,238.67,Rejected,Road,Medium,Price negotiation required
REQ00277,WST00072,C039,C008,98.82,2026-05-23,2026-06-06,251.42,Accepted,Road,Medium,Trial order
REQ00278,WST00073,C047,C008,4360.68,2026-05-29,2026-06-11,379.43,Accepted,Rail,Low,Long-term procurement
REQ00279,WST00073,C003,C008,2010.28,2026-08-04,2026-08-22,403.28,Accepted,Rail,Medium,Urgent production requirement
REQ00280,WST00074,C043,C008,361.55,2026-08-01,2026-08-13,70.52,Accepted,Road,Medium,Price negotiation required
REQ00281,WST00074,C018,C008,460.53,2026-09-06,2026-09-25,76.85,Pending,Rail,Medium,For recycling process
REQ00282,WST00074,C046,C008,368.01,2026-08-31,2026-09-02,79.94,Rejected,Road,High,No additional remarks
REQ00283,WST00074,C002,C008,393.51,2026-06-04,2026-06-24,78.25,Pending,Rail,High,No additional remarks
REQ00284,WST00074,C011,C008,241.19,2026-08-04,2026-08-21,78.63,Accepted,Rail,Medium,No additional remarks
REQ00285,WST00074,C009,C008,525.28,2026-07-14,2026-07-21,84.83,Pending,Sea,High,Bulk procurement
REQ00286,WST00075,C011,C008,2369.48,2026-05-16,2026-05-23,31.58,Accepted,Sea,Medium,Requested for pilot testing
REQ00287,WST00075,C055,C008,1489.84,2026-07-28,2026-08-06,37.37,Pending,Rail,Medium,Long-term procurement
REQ00288,WST00075,C010,C008,3174.58,2026-08-25,2026-09-13,32.49,Cancelled,Road,Medium,Requested for pilot testing
REQ00289,WST00076,C056,C008,1758.56,2026-05-28,2026-06-12,316.74,Rejected,Rail,Medium,Requested as secondary raw material
REQ00290,WST00076,C027,C008,3067.01,2026-08-26,2026-08-28,342.86,Accepted,Road,High,Requested for pilot testing
REQ00291,WST00076,C029,C008,2978.61,2026-09-01,2026-09-16,391.29,Pending,Road,Low,For recycling process
REQ00292,WST00076,C053,C008,4211.74,2026-06-12,2026-06-14,361.9,Accepted,Sea,Low,Long-term procurement
REQ00293,WST00077,C025,C008,3330.34,2026-09-03,2026-09-12,367.37,Pending,Rail,Medium,Trial order
REQ00294,WST00077,C033,C008,2634.02,2026-06-17,2026-06-22,332.09,Accepted,Road,Low,Bulk procurement
REQ00295,WST00077,C012,C008,1653.24,2026-06-05,2026-06-13,302.3,Cancelled,Road,High,Requested for pilot testing
REQ00296,WST00078,C056,C009,2452.68,2026-06-03,2026-06-21,484.02,Accepted,Rail,Medium,Urgent production requirement
REQ00297,WST00078,C057,C009,1361.47,2026-07-20,2026-07-29,422.83,Accepted,Road,Medium,For recycling process
REQ00298,WST00078,C017,C009,1356.81,2026-05-28,2026-06-06,489.5,Rejected,Road,Low,Requested as secondary raw material
REQ00299,WST00078,C012,C009,2408.47,2026-08-17,2026-08-24,385.84,Pending,Road,Low,Bulk procurement
REQ00300,WST00078,C060,C009,1407.83,2026-06-20,2026-07-10,482.28,Accepted,Road,High,Requested as secondary raw material
REQ00301,WST00079,C015,C009,3148.83,2026-08-15,2026-08-23,106.87,Accepted,Road,Low,Long-term procurement
REQ00302,WST00079,C033,C009,1983.28,2026-06-09,2026-06-20,115.83,Accepted,Road,Low,For recycling process
REQ00303,WST00079,C040,C009,1878.22,2026-06-02,2026-06-15,122.63,Rejected,Sea,Low,Trial order
REQ00304,WST00079,C001,C009,1211.28,2026-06-20,2026-06-25,127.51,Accepted,Road,Medium,Need immediate pickup
REQ00305,WST00079,C018,C009,1695.23,2026-09-07,2026-09-25,96.4,Accepted,Road,Medium,Need immediate pickup
REQ00306,WST00080,C043,C009,555.36,2026-05-29,2026-06-15,360.32,Accepted,Road,Low,For recycling process
REQ00307,WST00080,C007,C009,672.0,2026-07-29,2026-08-06,328.34,Accepted,Road,High,For recycling process
REQ00308,WST00080,C013,C009,1037.02,2026-06-12,2026-06-15,372.16,Rejected,Road,High,Need immediate pickup
REQ00309,WST00080,C039,C009,1156.7,2026-06-29,2026-07-06,298.62,Pending,Road,Low,Requested as secondary raw material
REQ00310,WST00080,C004,C009,406.73,2026-06-25,2026-07-06,303.31,Pending,Road,High,Trial order
REQ00311,WST00080,C016,C009,357.84,2026-06-27,2026-07-04,303.82,Rejected,Road,High,Bulk procurement
REQ00312,WST00081,C060,C009,3551.69,2026-07-18,2026-07-27,492.7,Pending,Sea,Low,Requested as secondary raw material
REQ00313,WST00081,C005,C009,1137.53,2026-07-13,2026-07-27,438.68,Cancelled,Road,Low,Long-term procurement
REQ00314,WST00082,C018,C009,1202.82,2026-05-29,2026-06-10,23.96,Pending,Road,High,Bulk procurement
REQ00315,WST00082,C054,C009,542.79,2026-06-08,2026-06-21,25.11,Pending,Road,Medium,Requested for pilot testing
REQ00316,WST00082,C049,C009,650.0,2026-07-12,2026-07-29,25.34,Pending,Road,High,No additional remarks
REQ00317,WST00082,C032,C009,1145.67,2026-06-22,2026-07-05,21.37,Pending,Road,High,No additional remarks
REQ00318,WST00082,C013,C009,809.37,2026-08-12,2026-08-28,25.8,Pending,Rail,Medium,Bulk procurement
REQ00319,WST00083,C010,C009,102.85,2026-07-28,2026-08-12,243.39,Pending,Road,Medium,Requested as secondary raw material
REQ00320,WST00083,C014,C009,34.7,2026-06-14,2026-06-30,208.3,Accepted,Sea,High,Trial order
REQ00321,WST00083,C027,C009,97.75,2026-08-17,2026-08-26,218.37,Accepted,Road,High,Requested as secondary raw material
REQ00322,WST00083,C054,C009,128.69,2026-05-22,2026-05-27,241.15,Pending,Road,Medium,Requested for pilot testing
REQ00323,WST00083,C040,C009,135.15,2026-06-04,2026-06-11,257.63,Rejected,Road,Low,Requested for pilot testing
REQ00324,WST00083,C027,C009,64.83,2026-06-25,2026-07-13,205.12,Pending,Road,Medium,Requested as secondary raw material
REQ00325,WST00084,C019,C009,727.88,2026-07-31,2026-08-03,516.82,Rejected,Rail,Low,Long-term procurement
REQ00326,WST00084,C052,C009,304.6,2026-08-25,2026-08-30,530.29,Pending,Road,High,Long-term procurement
REQ00327,WST00084,C008,C009,265.02,2026-05-25,2026-05-30,416.85,Accepted,Road,Medium,Urgent production requirement
REQ00328,WST00084,C005,C009,561.47,2026-08-05,2026-08-17,479.56,Accepted,Road,Medium,Long-term procurement
REQ00329,WST00084,C004,C009,341.2,2026-08-23,2026-09-03,419.36,Pending,Road,Low,Requested for pilot testing
REQ00330,WST00085,C047,C009,692.26,2026-06-12,2026-06-17,16.96,Accepted,Rail,Low,For recycling process
REQ00331,WST00085,C017,C009,1103.87,2026-08-24,2026-09-01,15.11,Pending,Sea,High,Requested for pilot testing
REQ00332,WST00086,C043,C009,3416.82,2026-09-03,2026-09-06,192.71,Accepted,Road,Low,Requested as secondary raw material
REQ00333,WST00086,C038,C009,821.58,2026-08-25,2026-09-08,209.45,Pending,Road,Medium,Urgent production requirement
REQ00334,WST00086,C049,C009,1941.96,2026-06-20,2026-07-10,198.2,Pending,Rail,High,Trial order
REQ00335,WST00087,C021,C009,934.08,2026-06-09,2026-06-25,426.24,Accepted,Road,High,Trial order
REQ00336,WST00087,C032,C009,252.03,2026-07-26,2026-08-03,400.59,Accepted,Road,Medium,Need immediate pickup
REQ00337,WST00087,C051,C009,749.87,2026-05-22,2026-05-25,478.46,Rejected,Road,Medium,Need immediate pickup
REQ00338,WST00088,C039,C009,1530.38,2026-07-14,2026-07-21,459.57,Pending,Road,High,For recycling process
REQ00339,WST00088,C059,C009,995.47,2026-06-11,2026-06-26,529.01,Cancelled,Road,Medium,Price negotiation required
REQ00340,WST00088,C002,C009,2596.63,2026-05-29,2026-06-05,453.68,Accepted,Road,Medium,Need immediate pickup
REQ00341,WST00089,C005,C009,1524.52,2026-09-08,2026-09-25,145.51,Cancelled,Road,Medium,Need immediate pickup
REQ00342,WST00089,C048,C009,698.61,2026-08-24,2026-09-10,135.81,Accepted,Road,Low,Long-term procurement
REQ00343,WST00089,C030,C009,1224.34,2026-07-04,2026-07-23,141.86,Accepted,Road,Low,Long-term procurement
REQ00344,WST00089,C053,C009,660.48,2026-06-06,2026-06-18,129.82,Rejected,Sea,Low,Price negotiation required
REQ00345,WST00089,C058,C009,471.28,2026-08-19,2026-08-29,122.84,Accepted,Road,Low,Requested as secondary raw material
REQ00346,WST00090,C051,C009,519.65,2026-05-17,2026-05-20,211.48,Rejected,Road,High,Bulk procurement
REQ00347,WST00090,C020,C009,567.89,2026-07-04,2026-07-14,238.25,Accepted,Road,Medium,Need immediate pickup
REQ00348,WST00090,C060,C009,551.0,2026-06-20,2026-07-07,223.05,Pending,Road,Medium,Price negotiation required
REQ00349,WST00090,C043,C009,187.03,2026-07-17,2026-07-24,246.17,Accepted,Road,Low,No additional remarks
REQ00350,WST00090,C024,C009,443.53,2026-06-19,2026-07-07,194.23,Pending,Road,High,For recycling process
REQ00351,WST00091,C015,C009,4838.77,2026-06-05,2026-06-09,245.72,Pending,Road,Medium,Trial order
REQ00352,WST00091,C003,C009,4391.22,2026-07-21,2026-07-28,271.92,Pending,Road,Medium,Need immediate pickup
REQ00353,WST00091,C011,C009,2983.34,2026-06-08,2026-06-14,237.05,Accepted,Road,Low,For recycling process
REQ00354,WST00092,C057,C009,955.87,2026-06-22,2026-07-10,103.33,Cancelled,Rail,High,For recycling process
REQ00355,WST00092,C016,C009,749.52,2026-07-06,2026-07-26,93.13,Pending,Road,Low,Requested for pilot testing
REQ00356,WST00092,C020,C009,273.44,2026-07-05,2026-07-22,87.94,Pending,Sea,Low,Trial order
REQ00357,WST00092,C015,C009,1116.0,2026-07-30,2026-08-13,106.18,Rejected,Road,Medium,Requested for pilot testing
REQ00358,WST00092,C051,C009,986.79,2026-08-05,2026-08-19,102.65,Accepted,Road,Medium,Requested as secondary raw material
REQ00359,WST00092,C047,C009,905.05,2026-05-17,2026-06-01,109.63,Rejected,Road,Low,Requested as secondary raw material
REQ00360,WST00093,C018,C010,162.6,2026-08-28,2026-09-17,94.64,Rejected,Road,Low,Need immediate pickup
REQ00361,WST00093,C041,C010,158.58,2026-07-15,2026-07-19,121.47,Accepted,Road,High,Long-term procurement
REQ00362,WST00093,C002,C010,598.86,2026-08-25,2026-09-13,119.72,Accepted,Road,Medium,Need immediate pickup
REQ00363,WST00093,C051,C010,695.57,2026-08-21,2026-09-07,102.49,Pending,Road,Medium,No additional remarks
REQ00364,WST00094,C057,C010,948.99,2026-07-07,2026-07-22,433.54,Pending,Road,High,Long-term procurement
REQ00365,WST00094,C047,C010,3362.99,2026-06-27,2026-07-17,412.4,Pending,Road,Low,Requested for pilot testing
REQ00366,WST00094,C040,C010,4232.46,2026-07-17,2026-08-01,430.79,Pending,Road,Medium,Need immediate pickup
REQ00367,WST00094,C039,C010,1606.75,2026-06-23,2026-07-05,502.81,Accepted,Road,Medium,Requested for pilot testing
REQ00368,WST00094,C054,C010,1629.82,2026-07-02,2026-07-06,513.72,Pending,Road,High,Requested as secondary raw material
REQ00369,WST00094,C024,C010,908.3,2026-06-11,2026-06-17,474.27,Accepted,Road,Medium,Price negotiation required
REQ00370,WST00095,C009,C010,409.23,2026-07-24,2026-08-02,335.81,Cancelled,Road,Medium,Bulk procurement
REQ00371,WST00095,C012,C010,252.67,2026-09-04,2026-09-24,346.62,Cancelled,Road,Low,Requested as secondary raw material
REQ00372,WST00095,C003,C010,450.83,2026-08-05,2026-08-11,309.28,Pending,Road,High,No additional remarks
REQ00373,WST00095,C034,C010,483.8,2026-07-01,2026-07-15,292.88,Pending,Road,Medium,Need immediate pickup
REQ00374,WST00095,C016,C010,478.15,2026-07-11,2026-07-24,273.05,Pending,Rail,Low,Bulk procurement
REQ00375,WST00095,C057,C010,265.01,2026-06-08,2026-06-25,273.71,Pending,Road,High,No additional remarks
REQ00376,WST00096,C024,C010,72.51,2026-07-02,2026-07-15,222.78,Accepted,Road,Low,Urgent production requirement
REQ00377,WST00096,C060,C010,117.01,2026-08-26,2026-08-31,190.3,Pending,Road,Low,Requested for pilot testing
REQ00378,WST00096,C021,C010,166.49,2026-08-13,2026-08-20,215.02,Pending,Road,High,No additional remarks
REQ00379,WST00097,C056,C010,1441.97,2026-08-28,2026-09-02,413.39,Accepted,Road,High,No additional remarks
REQ00380,WST00097,C051,C010,807.9,2026-07-25,2026-07-27,399.01,Pending,Road,Low,Trial order
REQ00381,WST00097,C004,C010,546.64,2026-07-06,2026-07-17,442.56,Pending,Road,Low,Price negotiation required
REQ00382,WST00098,C056,C010,2182.9,2026-08-05,2026-08-12,44.22,Accepted,Sea,Medium,For recycling process
REQ00383,WST00098,C056,C010,2642.73,2026-06-29,2026-07-02,33.88,Accepted,Rail,High,Price negotiation required
REQ00384,WST00098,C045,C010,921.48,2026-05-18,2026-05-27,41.26,Rejected,Road,Medium,Trial order
REQ00385,WST00098,C034,C010,3143.68,2026-07-02,2026-07-14,37.36,Cancelled,Rail,Medium,Urgent production requirement
REQ00386,WST00098,C044,C010,3237.21,2026-09-09,2026-09-28,43.61,Pending,Road,Medium,Trial order
REQ00387,WST00098,C051,C010,1552.01,2026-09-03,2026-09-21,41.1,Accepted,Rail,Medium,No additional remarks
REQ00388,WST00099,C017,C010,4103.81,2026-06-25,2026-06-30,86.0,Pending,Road,Low,Bulk procurement
REQ00389,WST00099,C017,C010,4089.57,2026-05-25,2026-06-07,70.03,Accepted,Rail,Low,Urgent production requirement
REQ00390,WST00099,C029,C010,2399.3,2026-05-16,2026-05-28,66.27,Pending,Road,Low,For recycling process
REQ00391,WST00100,C009,C010,1535.91,2026-07-30,2026-08-05,86.08,Pending,Road,Low,No additional remarks
REQ00392,WST00100,C002,C010,1192.17,2026-07-23,2026-07-27,76.12,Cancelled,Rail,Medium,Trial order
REQ00393,WST00100,C044,C010,2100.68,2026-06-07,2026-06-09,87.04,Pending,Road,Low,No additional remarks
REQ00394,WST00100,C020,C010,1863.52,2026-05-19,2026-05-27,80.78,Pending,Rail,Medium,Need immediate pickup
REQ00395,WST00101,C035,C010,1415.41,2026-08-12,2026-08-20,291.9,Accepted,Road,High,Trial order
REQ00396,WST00101,C015,C010,1222.78,2026-06-14,2026-06-19,296.88,Accepted,Road,Medium,Trial order
REQ00397,WST00101,C012,C010,1708.69,2026-09-04,2026-09-16,291.05,Accepted,Road,Low,Requested as secondary raw material
REQ00398,WST00102,C057,C010,1187.13,2026-05-28,2026-06-12,95.48,Rejected,Road,Low,Urgent production requirement
REQ00399,WST00102,C028,C010,1864.48,2026-06-13,2026-06-16,89.18,Accepted,Road,Low,Urgent production requirement
REQ00400,WST00102,C036,C010,2001.63,2026-09-08,2026-09-13,103.95,Cancelled,Road,Medium,For recycling process
REQ00401,WST00102,C014,C010,1233.9,2026-08-30,2026-09-04,118.05,Accepted,Road,High,Trial order
REQ00402,WST00102,C040,C010,1720.64,2026-08-01,2026-08-21,116.0,Pending,Road,Medium,Long-term procurement
REQ00403,WST00103,C028,C011,871.24,2026-06-26,2026-07-05,227.81,Pending,Road,High,Requested as secondary raw material
REQ00404,WST00103,C014,C011,1626.67,2026-07-01,2026-07-10,238.34,Accepted,Road,Low,Bulk procurement
REQ00405,WST00104,C045,C011,2332.46,2026-05-21,2026-05-24,132.75,Pending,Sea,High,Need immediate pickup
REQ00406,WST00104,C018,C011,817.31,2026-09-07,2026-09-23,151.7,Rejected,Road,Medium,No additional remarks
REQ00407,WST00105,C005,C011,1467.62,2026-05-17,2026-06-06,84.17,Accepted,Road,Low,Requested for pilot testing
REQ00408,WST00105,C022,C011,1571.3,2026-08-17,2026-08-28,72.05,Pending,Sea,Medium,For recycling process
REQ00409,WST00105,C032,C011,1192.06,2026-08-07,2026-08-25,81.05,Accepted,Road,Low,Urgent production requirement
REQ00410,WST00105,C014,C011,582.56,2026-08-04,2026-08-24,92.51,Accepted,Sea,Medium,Bulk procurement
REQ00411,WST00105,C037,C011,661.05,2026-07-15,2026-07-25,93.04,Accepted,Road,Low,Need immediate pickup
REQ00412,WST00105,C020,C011,1199.89,2026-05-19,2026-05-31,79.9,Rejected,Sea,High,Requested for pilot testing
REQ00413,WST00106,C051,C011,1716.52,2026-07-30,2026-08-09,207.99,Accepted,Road,Medium,Bulk procurement
REQ00414,WST00106,C007,C011,3562.33,2026-08-07,2026-08-23,203.24,Accepted,Road,Medium,Bulk procurement
REQ00415,WST00106,C043,C011,1963.19,2026-07-28,2026-08-17,213.74,Pending,Road,High,For recycling process
REQ00416,WST00107,C060,C011,747.48,2026-06-18,2026-06-30,156.75,Accepted,Road,Medium,Urgent production requirement
REQ00417,WST00107,C005,C011,790.85,2026-09-12,2026-09-18,132.24,Pending,Road,Low,Price negotiation required
REQ00418,WST00107,C010,C011,1602.51,2026-08-14,2026-08-17,158.59,Accepted,Rail,Medium,For recycling process
REQ00419,WST00107,C044,C011,2627.04,2026-06-01,2026-06-05,157.77,Accepted,Road,Low,Requested as secondary raw material
REQ00420,WST00108,C003,C011,3023.67,2026-07-22,2026-08-01,48.19,Pending,Road,Low,No additional remarks
REQ00421,WST00108,C052,C011,2578.86,2026-08-19,2026-08-21,57.76,Rejected,Road,Low,Long-term procurement
REQ00422,WST00108,C053,C011,2338.46,2026-09-08,2026-09-25,50.72,Accepted,Road,Medium,Requested as secondary raw material
REQ00423,WST00108,C032,C011,2520.06,2026-05-26,2026-06-10,59.85,Cancelled,Road,High,Requested for pilot testing
REQ00424,WST00108,C010,C011,2161.35,2026-09-11,2026-09-19,48.57,Pending,Road,Low,Need immediate pickup
REQ00425,WST00108,C060,C011,2155.32,2026-06-07,2026-06-10,61.98,Cancelled,Road,Low,Price negotiation required
REQ00426,WST00109,C030,C011,4315.5,2026-09-10,2026-09-20,311.39,Accepted,Road,High,Requested as secondary raw material
REQ00427,WST00109,C034,C011,4618.94,2026-05-22,2026-05-30,341.23,Accepted,Road,Medium,Requested as secondary raw material
REQ00428,WST00109,C028,C011,3229.01,2026-06-13,2026-06-30,322.03,Pending,Rail,High,Price negotiation required
REQ00429,WST00110,C032,C011,967.39,2026-07-10,2026-07-12,189.46,Accepted,Road,Low,For recycling process
REQ00430,WST00110,C007,C011,973.47,2026-07-08,2026-07-25,207.45,Accepted,Road,Medium,No additional remarks
REQ00431,WST00110,C057,C011,828.77,2026-09-08,2026-09-12,180.37,Accepted,Road,Low,No additional remarks
REQ00432,WST00110,C051,C011,466.45,2026-06-01,2026-06-13,203.91,Accepted,Road,High,Need immediate pickup
REQ00433,WST00111,C055,C012,1398.61,2026-07-04,2026-07-12,45.5,Cancelled,Rail,High,Bulk procurement
REQ00434,WST00111,C050,C012,2737.43,2026-09-11,2026-09-30,52.72,Accepted,Sea,High,Requested for pilot testing
REQ00435,WST00111,C050,C012,2282.44,2026-05-20,2026-05-28,43.9,Rejected,Road,High,Requested for pilot testing
REQ00436,WST00111,C011,C012,1572.42,2026-07-24,2026-08-08,52.59,Pending,Road,High,Trial order
REQ00437,WST00111,C007,C012,2576.93,2026-07-24,2026-07-26,53.37,Accepted,Rail,High,Bulk procurement
REQ00438,WST00111,C007,C012,1779.18,2026-07-19,2026-07-28,43.7,Cancelled,Road,Medium,Requested as secondary raw material
REQ00439,WST00112,C044,C012,96.03,2026-09-10,2026-09-23,380.49,Accepted,Rail,Medium,Trial order
REQ00440,WST00112,C001,C012,80.9,2026-07-28,2026-08-05,301.27,Pending,Road,Medium,Requested as secondary raw material
REQ00441,WST00112,C037,C012,77.46,2026-07-14,2026-08-01,302.25,Rejected,Rail,High,Need immediate pickup
REQ00442,WST00112,C058,C012,46.99,2026-06-26,2026-07-11,362.18,Pending,Sea,High,No additional remarks
REQ00443,WST00113,C053,C012,1049.64,2026-05-17,2026-06-03,355.9,Accepted,Road,Low,Urgent production requirement
REQ00444,WST00113,C003,C012,1123.54,2026-07-26,2026-08-01,408.1,Accepted,Rail,Low,Urgent production requirement
REQ00445,WST00113,C027,C012,1676.06,2026-08-16,2026-08-18,404.92,Rejected,Rail,High,Trial order
REQ00446,WST00113,C002,C012,479.73,2026-05-26,2026-06-02,469.94,Pending,Rail,Low,No additional remarks
REQ00447,WST00113,C027,C012,1339.14,2026-08-11,2026-08-26,409.5,Pending,Road,High,No additional remarks
REQ00448,WST00114,C005,C012,3073.36,2026-08-27,2026-09-03,40.32,Accepted,Road,Low,Trial order
REQ00449,WST00114,C031,C012,1777.3,2026-09-06,2026-09-12,45.36,Cancelled,Sea,Medium,For recycling process
REQ00450,WST00114,C021,C012,822.27,2026-08-13,2026-08-27,43.61,Pending,Road,Medium,Urgent production requirement
REQ00451,WST00114,C054,C012,1985.8,2026-08-13,2026-08-19,48.13,Pending,Road,High,Requested as secondary raw material
REQ00452,WST00115,C056,C012,1018.15,2026-06-22,2026-07-05,133.35,Pending,Road,Medium,Trial order
REQ00453,WST00115,C042,C012,585.92,2026-08-26,2026-09-12,148.49,Accepted,Sea,Low,Urgent production requirement
REQ00454,WST00115,C044,C012,923.73,2026-05-17,2026-05-21,130.89,Accepted,Road,Low,Bulk procurement
REQ00455,WST00115,C016,C012,1189.24,2026-07-18,2026-07-21,159.63,Accepted,Road,Medium,Trial order
REQ00456,WST00116,C003,C012,1483.95,2026-07-16,2026-08-01,317.26,Rejected,Road,High,Price negotiation required
REQ00457,WST00116,C036,C012,946.3,2026-08-14,2026-08-19,289.87,Pending,Rail,Low,Urgent production requirement
REQ00458,WST00116,C040,C012,442.89,2026-08-08,2026-08-13,364.31,Accepted,Road,Medium,Requested as secondary raw material
REQ00459,WST00116,C045,C012,1594.84,2026-07-26,2026-08-09,286.1,Cancelled,Road,Medium,Requested as secondary raw material
REQ00460,WST00116,C040,C012,1314.98,2026-05-16,2026-05-22,285.41,Accepted,Road,High,Bulk procurement
REQ00461,WST00116,C060,C012,563.86,2026-07-13,2026-07-23,369.85,Pending,Road,Medium,Urgent production requirement
REQ00462,WST00117,C008,C012,302.6,2026-08-20,2026-08-31,516.64,Pending,Rail,Medium,For recycling process
REQ00463,WST00117,C014,C012,803.65,2026-07-27,2026-08-06,501.93,Accepted,Road,Low,Requested for pilot testing
REQ00464,WST00117,C057,C012,679.46,2026-06-22,2026-07-08,406.94,Cancelled,Rail,Low,For recycling process
REQ00465,WST00117,C049,C012,539.75,2026-08-18,2026-09-06,468.96,Accepted,Road,Medium,Requested for pilot testing
REQ00466,WST00118,C059,C013,73.73,2026-08-13,2026-08-17,382.54,Rejected,Rail,Low,Urgent production requirement
REQ00467,WST00118,C019,C013,105.63,2026-06-17,2026-06-24,358.67,Cancelled,Rail,Medium,Trial order
REQ00468,WST00118,C016,C013,233.26,2026-07-09,2026-07-12,331.14,Pending,Road,Low,Trial order
REQ00469,WST00118,C016,C013,62.19,2026-07-06,2026-07-23,320.05,Accepted,Road,Medium,For recycling process
REQ00470,WST00118,C031,C013,243.16,2026-06-08,2026-06-20,327.53,Pending,Rail,Low,Bulk procurement
REQ00471,WST00118,C025,C013,100.61,2026-06-19,2026-06-28,374.64,Pending,Road,Low,Urgent production requirement
REQ00472,WST00119,C008,C013,1919.97,2026-08-04,2026-08-17,241.93,Pending,Road,High,For recycling process
REQ00473,WST00119,C029,C013,3310.38,2026-06-18,2026-07-05,239.57,Accepted,Road,Medium,Requested for pilot testing
REQ00474,WST00119,C030,C013,3721.29,2026-08-27,2026-09-16,204.45,Rejected,Road,Low,Long-term procurement
REQ00475,WST00120,C016,C013,3414.39,2026-07-13,2026-07-19,430.44,Rejected,Road,Medium,Urgent production requirement
REQ00476,WST00120,C043,C013,1352.96,2026-07-13,2026-08-01,416.89,Accepted,Road,High,Urgent production requirement
REQ00477,WST00120,C029,C013,869.71,2026-07-29,2026-08-02,431.81,Pending,Rail,Low,Requested for pilot testing
REQ00478,WST00121,C033,C013,3543.98,2026-05-18,2026-05-27,291.39,Accepted,Rail,Medium,Trial order
REQ00479,WST00121,C003,C013,3223.75,2026-07-06,2026-07-20,305.73,Accepted,Sea,Medium,Need immediate pickup
REQ00480,WST00122,C046,C013,4666.6,2026-07-04,2026-07-07,260.04,Pending,Rail,High,Long-term procurement
REQ00481,WST00122,C040,C013,1172.59,2026-09-05,2026-09-12,279.87,Accepted,Road,Medium,Trial order
REQ00482,WST00123,C031,C013,2992.54,2026-05-20,2026-05-25,378.81,Accepted,Road,Low,Need immediate pickup
REQ00483,WST00123,C045,C013,2019.93,2026-07-09,2026-07-26,372.52,Accepted,Road,Low,Need immediate pickup
REQ00484,WST00123,C023,C013,973.88,2026-08-16,2026-08-23,357.22,Accepted,Rail,High,Need immediate pickup
REQ00485,WST00124,C046,C013,2866.01,2026-07-22,2026-08-06,109.45,Pending,Road,High,Long-term procurement
REQ00486,WST00124,C019,C013,1740.55,2026-07-30,2026-08-07,131.48,Accepted,Road,High,Requested as secondary raw material
REQ00487,WST00124,C045,C013,1975.6,2026-05-20,2026-05-25,129.02,Rejected,Road,Medium,Need immediate pickup
REQ00488,WST00124,C039,C013,2099.13,2026-08-01,2026-08-16,129.35,Accepted,Rail,Medium,No additional remarks
REQ00489,WST00124,C049,C013,2477.81,2026-09-10,2026-09-23,120.64,Pending,Road,Medium,Requested for pilot testing
REQ00490,WST00125,C052,C013,2277.31,2026-05-20,2026-05-26,142.15,Accepted,Road,High,Requested for pilot testing
REQ00491,WST00125,C057,C013,718.11,2026-08-22,2026-09-03,138.07,Pending,Road,High,Urgent production requirement
REQ00492,WST00125,C058,C013,2255.56,2026-06-30,2026-07-02,166.13,Pending,Road,Low,Requested as secondary raw material
REQ00493,WST00125,C027,C013,1982.18,2026-08-14,2026-08-16,151.42,Pending,Road,High,No additional remarks
REQ00494,WST00126,C054,C013,1410.42,2026-08-20,2026-08-24,346.02,Accepted,Rail,Medium,For recycling process
REQ00495,WST00126,C003,C013,1115.21,2026-07-06,2026-07-17,388.32,Accepted,Rail,Low,Requested as secondary raw material
REQ00496,WST00126,C060,C013,1366.37,2026-05-19,2026-06-05,376.81,Accepted,Road,High,Urgent production requirement
REQ00497,WST00126,C014,C013,2981.26,2026-06-05,2026-06-24,304.37,Accepted,Rail,High,Requested as secondary raw material
REQ00498,WST00126,C047,C013,1242.87,2026-07-03,2026-07-06,361.7,Accepted,Road,High,Trial order
REQ00499,WST00126,C027,C013,3415.79,2026-05-31,2026-06-17,398.04,Accepted,Road,High,Bulk procurement
REQ00500,WST00127,C056,C013,3421.36,2026-07-11,2026-07-28,73.44,Pending,Road,Low,Bulk procurement
REQ00501,WST00127,C032,C013,4169.38,2026-07-06,2026-07-20,82.05,Accepted,Road,Medium,Price negotiation required
REQ00502,WST00127,C034,C013,4485.77,2026-08-02,2026-08-19,78.33,Accepted,Road,Medium,Bulk procurement
REQ00503,WST00127,C060,C013,2340.24,2026-06-16,2026-06-20,69.96,Rejected,Road,High,Price negotiation required
REQ00504,WST00128,C039,C013,875.92,2026-05-21,2026-05-31,148.52,Accepted,Road,Medium,Bulk procurement
REQ00505,WST00128,C018,C013,1045.53,2026-07-07,2026-07-21,147.74,Rejected,Rail,Low,No additional remarks
REQ00506,WST00128,C005,C013,805.98,2026-06-25,2026-07-08,129.2,Rejected,Road,Low,Long-term procurement
REQ00507,WST00129,C019,C013,2889.88,2026-07-01,2026-07-03,191.14,Rejected,Sea,High,Need immediate pickup
REQ00508,WST00129,C009,C013,2486.51,2026-08-07,2026-08-10,189.74,Accepted,Road,Medium,Long-term procurement
REQ00509,WST00129,C052,C013,1809.76,2026-08-17,2026-08-25,179.14,Accepted,Road,Low,Price negotiation required
REQ00510,WST00129,C035,C013,2942.97,2026-06-09,2026-06-29,170.85,Pending,Road,Low,Bulk procurement
REQ00511,WST00129,C037,C013,1210.1,2026-05-23,2026-06-10,155.75,Accepted,Sea,Low,Bulk procurement
REQ00512,WST00129,C022,C013,2273.5,2026-07-15,2026-07-25,194.86,Rejected,Road,High,For recycling process
REQ00513,WST00130,C045,C013,959.02,2026-09-03,2026-09-07,225.75,Pending,Road,Low,No additional remarks
REQ00514,WST00130,C037,C013,1001.15,2026-07-04,2026-07-06,257.19,Accepted,Road,Low,Long-term procurement
REQ00515,WST00130,C005,C013,542.62,2026-06-27,2026-07-13,232.37,Accepted,Road,Low,Bulk procurement
REQ00516,WST00130,C018,C013,399.16,2026-09-09,2026-09-18,228.55,Rejected,Road,Medium,Bulk procurement
REQ00517,WST00130,C046,C013,1252.85,2026-06-27,2026-07-02,244.42,Accepted,Road,High,Price negotiation required
REQ00518,WST00131,C015,C013,258.05,2026-07-10,2026-07-23,142.79,Cancelled,Road,High,Requested as secondary raw material
REQ00519,WST00131,C051,C013,382.06,2026-07-17,2026-08-05,132.7,Pending,Road,High,No additional remarks
REQ00520,WST00132,C030,C013,3019.03,2026-08-16,2026-08-25,93.6,Pending,Road,Low,For recycling process
REQ00521,WST00132,C009,C013,3597.04,2026-05-20,2026-05-26,96.99,Accepted,Rail,Medium,No additional remarks
REQ00522,WST00132,C025,C013,3389.31,2026-08-19,2026-08-21,104.5,Accepted,Rail,Medium,Long-term procurement
REQ00523,WST00132,C001,C013,3468.07,2026-06-28,2026-07-08,102.12,Rejected,Sea,Medium,For recycling process
REQ00524,WST00132,C021,C013,2458.41,2026-09-04,2026-09-09,104.17,Pending,Road,High,Price negotiation required
REQ00525,WST00133,C028,C013,908.43,2026-06-21,2026-06-29,195.79,Accepted,Road,Low,Bulk procurement
REQ00526,WST00133,C035,C013,1979.18,2026-05-23,2026-05-25,175.01,Pending,Road,High,Bulk procurement
REQ00527,WST00133,C044,C013,1904.9,2026-05-21,2026-06-08,216.35,Accepted,Rail,Medium,Bulk procurement
REQ00528,WST00133,C009,C013,868.91,2026-07-16,2026-08-03,213.19,Accepted,Sea,Medium,Urgent production requirement
REQ00529,WST00134,C024,C013,355.89,2026-07-28,2026-08-12,279.24,Pending,Sea,High,For recycling process
REQ00530,WST00134,C052,C013,668.82,2026-07-18,2026-07-20,255.36,Pending,Road,High,Urgent production requirement
REQ00531,WST00134,C024,C013,1414.31,2026-08-23,2026-09-09,286.47,Pending,Road,High,Trial order
REQ00532,WST00135,C038,C013,202.28,2026-08-28,2026-09-17,90.72,Accepted,Road,Medium,Need immediate pickup
REQ00533,WST00135,C044,C013,441.62,2026-08-28,2026-09-15,86.76,Pending,Road,Low,Need immediate pickup
REQ00534,WST00136,C001,C013,1842.93,2026-08-23,2026-08-26,429.65,Accepted,Road,High,Trial order
REQ00535,WST00136,C030,C013,1874.44,2026-07-26,2026-08-11,554.25,Pending,Rail,High,Need immediate pickup
REQ00536,WST00136,C019,C013,744.51,2026-05-26,2026-06-12,503.05,Rejected,Road,High,Bulk procurement
REQ00537,WST00136,C041,C013,621.97,2026-07-26,2026-08-06,412.26,Pending,Road,Low,Requested for pilot testing
REQ00538,WST00136,C006,C013,1726.65,2026-07-14,2026-07-16,479.53,Accepted,Road,Medium,Trial order
REQ00539,WST00137,C044,C013,173.22,2026-08-22,2026-09-07,433.08,Pending,Sea,Medium,Need immediate pickup
REQ00540,WST00137,C022,C013,436.83,2026-06-27,2026-07-17,388.65,Pending,Road,High,No additional remarks
REQ00541,WST00137,C044,C013,473.66,2026-06-15,2026-06-20,379.01,Accepted,Road,Medium,Price negotiation required
REQ00542,WST00137,C002,C013,120.89,2026-06-05,2026-06-14,392.39,Pending,Road,Low,Long-term procurement
REQ00543,WST00137,C043,C013,496.22,2026-06-10,2026-06-16,472.8,Accepted,Rail,High,No additional remarks
REQ00544,WST00138,C049,C013,860.91,2026-08-29,2026-09-02,19.6,Pending,Road,Low,Requested for pilot testing
REQ00545,WST00138,C049,C013,1848.69,2026-05-20,2026-06-02,19.64,Accepted,Road,High,Need immediate pickup
REQ00546,WST00138,C039,C013,414.87,2026-07-04,2026-07-16,22.11,Cancelled,Road,Low,Requested as secondary raw material
REQ00547,WST00138,C014,C013,831.38,2026-05-23,2026-06-03,21.0,Cancelled,Road,Low,Price negotiation required
REQ00548,WST00138,C027,C013,1265.16,2026-08-31,2026-09-02,20.68,Accepted,Road,High,Long-term procurement
REQ00549,WST00138,C059,C013,1754.36,2026-08-04,2026-08-12,21.73,Pending,Road,Low,Requested for pilot testing
REQ00550,WST00139,C017,C014,2652.9,2026-08-23,2026-09-11,51.01,Accepted,Road,High,Need immediate pickup
REQ00551,WST00139,C039,C014,3198.19,2026-07-08,2026-07-25,49.37,Accepted,Rail,Low,For recycling process
REQ00552,WST00140,C033,C014,4213.56,2026-07-19,2026-07-26,107.23,Pending,Rail,High,Trial order
REQ00553,WST00140,C034,C014,2912.2,2026-09-03,2026-09-06,103.13,Rejected,Road,Medium,Price negotiation required
REQ00554,WST00141,C058,C014,253.28,2026-09-02,2026-09-17,225.89,Accepted,Road,Low,Long-term procurement
REQ00555,WST00141,C042,C014,365.13,2026-08-19,2026-08-28,233.9,Pending,Sea,Medium,Long-term procurement
REQ00556,WST00141,C049,C014,275.43,2026-07-29,2026-08-18,200.0,Accepted,Road,Medium,Price negotiation required
REQ00557,WST00141,C059,C014,328.36,2026-07-26,2026-08-11,179.47,Accepted,Road,High,No additional remarks
REQ00558,WST00142,C046,C014,887.36,2026-07-15,2026-07-31,179.82,Rejected,Road,Medium,Requested for pilot testing
REQ00559,WST00142,C029,C014,353.67,2026-05-31,2026-06-14,156.98,Pending,Road,Low,Need immediate pickup
REQ00560,WST00142,C040,C014,449.28,2026-08-17,2026-09-06,162.32,Accepted,Rail,High,Urgent production requirement
REQ00561,WST00143,C016,C014,1098.64,2026-09-11,2026-09-22,170.24,Accepted,Road,Medium,Requested as secondary raw material
REQ00562,WST00143,C036,C014,1641.5,2026-07-13,2026-07-28,161.84,Rejected,Rail,Medium,Urgent production requirement
REQ00563,WST00143,C043,C014,1377.9,2026-07-04,2026-07-06,143.14,Rejected,Road,High,Need immediate pickup
REQ00564,WST00143,C009,C014,443.91,2026-08-15,2026-08-21,179.07,Pending,Road,High,Bulk procurement
REQ00565,WST00144,C026,C014,764.42,2026-09-11,2026-09-13,120.36,Accepted,Sea,Low,Price negotiation required
REQ00566,WST00144,C031,C014,1003.39,2026-08-06,2026-08-24,134.45,Accepted,Rail,Low,Long-term procurement
REQ00567,WST00144,C030,C014,643.32,2026-07-24,2026-08-12,136.44,Pending,Rail,Medium,Requested for pilot testing
REQ00568,WST00145,C043,C014,1022.94,2026-05-26,2026-06-12,221.18,Accepted,Road,Low,No additional remarks
REQ00569,WST00145,C060,C014,854.0,2026-06-13,2026-06-16,244.99,Cancelled,Road,High,Long-term procurement
REQ00570,WST00145,C036,C014,1224.89,2026-07-10,2026-07-16,243.29,Accepted,Road,High,Urgent production requirement
REQ00571,WST00145,C027,C014,828.86,2026-08-04,2026-08-15,227.81,Accepted,Road,High,Price negotiation required
REQ00572,WST00145,C060,C014,469.79,2026-08-24,2026-09-13,285.32,Pending,Road,Medium,Bulk procurement
REQ00573,WST00145,C001,C014,1173.78,2026-06-24,2026-07-07,282.31,Rejected,Road,High,Need immediate pickup
REQ00574,WST00146,C016,C014,3243.32,2026-08-26,2026-09-15,323.55,Pending,Road,High,Requested for pilot testing
REQ00575,WST00146,C004,C014,4566.44,2026-06-03,2026-06-16,312.39,Pending,Road,Low,No additional remarks
REQ00576,WST00146,C034,C014,4760.79,2026-06-24,2026-07-01,369.45,Cancelled,Rail,Low,Requested for pilot testing
REQ00577,WST00146,C048,C014,3892.18,2026-08-28,2026-09-15,352.08,Accepted,Road,Medium,For recycling process
REQ00578,WST00146,C056,C014,2221.12,2026-07-11,2026-07-15,400.85,Pending,Sea,Medium,No additional remarks
REQ00579,WST00147,C001,C014,2951.77,2026-06-15,2026-07-02,411.49,Rejected,Road,Low,For recycling process
REQ00580,WST00147,C024,C014,825.45,2026-06-01,2026-06-05,369.34,Pending,Rail,Medium,For recycling process
REQ00581,WST00148,C017,C014,442.41,2026-05-28,2026-06-03,415.53,Accepted,Road,High,Urgent production requirement
REQ00582,WST00148,C013,C014,516.27,2026-05-18,2026-05-26,432.62,Accepted,Rail,Low,Bulk procurement
REQ00583,WST00148,C050,C014,261.65,2026-08-21,2026-09-10,405.09,Pending,Road,High,Need immediate pickup
REQ00584,WST00149,C001,C014,1631.83,2026-08-20,2026-09-09,338.94,Pending,Road,Low,Bulk procurement
REQ00585,WST00149,C001,C014,3227.43,2026-08-15,2026-08-21,390.26,Pending,Road,Low,No additional remarks
REQ00586,WST00149,C002,C014,3421.25,2026-09-01,2026-09-14,437.63,Accepted,Road,Low,For recycling process
REQ00587,WST00149,C017,C014,1256.08,2026-08-11,2026-08-28,417.79,Accepted,Road,Low,Urgent production requirement
REQ00588,WST00150,C048,C014,2310.66,2026-06-03,2026-06-19,374.09,Cancelled,Road,Low,Requested as secondary raw material
REQ00589,WST00150,C031,C014,1089.84,2026-08-02,2026-08-18,322.38,Pending,Road,High,No additional remarks
REQ00590,WST00150,C052,C014,1082.77,2026-05-20,2026-05-23,337.53,Rejected,Sea,Low,Need immediate pickup
REQ00591,WST00150,C001,C014,1435.3,2026-07-09,2026-07-11,381.48,Cancelled,Sea,Medium,Long-term procurement
REQ00592,WST00150,C040,C014,1074.22,2026-07-19,2026-07-22,327.4,Rejected,Road,Low,No additional remarks
REQ00593,WST00150,C029,C014,2212.57,2026-09-07,2026-09-22,292.33,Accepted,Rail,Low,Requested for pilot testing
REQ00594,WST00151,C004,C014,1860.89,2026-06-23,2026-06-29,368.49,Pending,Road,Medium,Trial order
REQ00595,WST00151,C052,C014,1977.27,2026-07-18,2026-08-04,417.38,Accepted,Sea,High,Need immediate pickup
REQ00596,WST00151,C054,C014,704.83,2026-07-22,2026-08-01,379.01,Accepted,Rail,Medium,Need immediate pickup
REQ00597,WST00151,C040,C014,1343.67,2026-08-10,2026-08-18,380.6,Rejected,Rail,Medium,Need immediate pickup
REQ00598,WST00152,C003,C014,86.37,2026-05-24,2026-06-05,154.07,Rejected,Rail,Medium,No additional remarks
REQ00599,WST00152,C051,C014,112.56,2026-05-31,2026-06-03,149.69,Pending,Road,Low,Bulk procurement
REQ00600,WST00153,C022,C014,1702.08,2026-06-13,2026-06-23,386.01,Accepted,Road,Low,Bulk procurement
REQ00601,WST00153,C016,C014,2266.01,2026-06-03,2026-06-16,335.33,Pending,Road,Medium,Long-term procurement
REQ00602,WST00153,C049,C014,644.33,2026-06-01,2026-06-06,415.57,Pending,Road,Low,Bulk procurement
REQ00603,WST00154,C016,C014,3250.54,2026-07-08,2026-07-19,260.34,Accepted,Rail,Medium,Price negotiation required
REQ00604,WST00154,C059,C014,1550.66,2026-05-27,2026-06-06,316.02,Accepted,Rail,Low,Price negotiation required
REQ00605,WST00155,C049,C014,2268.06,2026-07-09,2026-07-11,384.05,Pending,Road,High,Long-term procurement
REQ00606,WST00155,C028,C014,1552.18,2026-06-23,2026-06-26,380.88,Pending,Rail,Medium,No additional remarks
REQ00607,WST00155,C052,C014,1806.84,2026-08-07,2026-08-19,367.67,Accepted,Road,Low,Need immediate pickup
REQ00608,WST00156,C032,C014,1472.29,2026-07-26,2026-07-31,271.76,Rejected,Road,High,For recycling process
REQ00609,WST00156,C018,C014,1212.06,2026-08-16,2026-08-30,254.79,Accepted,Road,Medium,Price negotiation required
REQ00610,WST00156,C023,C014,1382.9,2026-08-27,2026-09-15,267.0,Cancelled,Road,Medium,No additional remarks
REQ00611,WST00156,C007,C014,2061.24,2026-06-05,2026-06-18,294.72,Rejected,Rail,Medium,Long-term procurement
REQ00612,WST00157,C033,C015,2678.93,2026-06-29,2026-07-03,18.37,Accepted,Road,Low,For recycling process
REQ00613,WST00157,C047,C015,2289.0,2026-06-12,2026-06-18,14.34,Pending,Rail,Low,Urgent production requirement
REQ00614,WST00158,C031,C015,1273.57,2026-08-04,2026-08-09,294.75,Accepted,Rail,High,Bulk procurement
REQ00615,WST00158,C025,C015,748.56,2026-07-15,2026-07-18,310.86,Accepted,Road,High,Trial order
REQ00616,WST00158,C021,C015,1516.07,2026-08-12,2026-08-25,364.12,Pending,Road,Medium,Price negotiation required
REQ00617,WST00158,C022,C015,1425.26,2026-07-27,2026-08-05,337.18,Pending,Road,Medium,Requested as secondary raw material
REQ00618,WST00158,C052,C015,1790.55,2026-09-09,2026-09-19,310.13,Accepted,Rail,Low,Trial order
REQ00619,WST00158,C044,C015,1878.07,2026-06-05,2026-06-11,302.5,Rejected,Road,High,Need immediate pickup
REQ00620,WST00159,C017,C015,3304.44,2026-06-08,2026-06-13,312.2,Cancelled,Road,High,Long-term procurement
REQ00621,WST00159,C004,C015,2694.28,2026-08-31,2026-09-13,274.61,Accepted,Rail,Medium,Long-term procurement
REQ00622,WST00159,C018,C015,2844.21,2026-06-09,2026-06-26,275.37,Pending,Road,Medium,Requested as secondary raw material
REQ00623,WST00159,C041,C015,858.79,2026-05-26,2026-06-02,265.4,Pending,Road,Medium,Requested as secondary raw material
REQ00624,WST00159,C011,C015,2340.95,2026-08-15,2026-09-02,283.22,Pending,Road,Medium,Urgent production requirement
REQ00625,WST00160,C041,C015,1042.29,2026-08-18,2026-09-03,276.52,Accepted,Road,Medium,No additional remarks
REQ00626,WST00160,C023,C015,1124.71,2026-06-14,2026-06-28,343.04,Rejected,Sea,Low,No additional remarks
REQ00627,WST00160,C003,C015,2872.23,2026-09-11,2026-09-15,285.9,Pending,Road,High,Bulk procurement
REQ00628,WST00160,C027,C015,1193.88,2026-07-01,2026-07-09,292.77,Accepted,Road,Low,For recycling process
REQ00629,WST00160,C029,C015,2661.32,2026-06-05,2026-06-08,312.2,Cancelled,Road,High,Requested as secondary raw material
REQ00630,WST00160,C006,C015,2544.1,2026-07-08,2026-07-23,279.49,Pending,Sea,High,Urgent production requirement
REQ00631,WST00161,C033,C015,2012.15,2026-09-10,2026-09-23,453.79,Accepted,Road,Low,Requested for pilot testing
REQ00632,WST00161,C007,C015,1558.19,2026-06-05,2026-06-22,532.78,Accepted,Road,Low,Requested for pilot testing
REQ00633,WST00161,C026,C015,896.96,2026-08-08,2026-08-27,480.42,Pending,Road,Medium,Urgent production requirement
REQ00634,WST00161,C029,C015,1280.29,2026-07-03,2026-07-15,430.7,Rejected,Road,High,Urgent production requirement
REQ00635,WST00161,C003,C015,1741.09,2026-08-01,2026-08-03,541.49,Accepted,Road,Low,No additional remarks
REQ00636,WST00162,C009,C015,3015.57,2026-08-31,2026-09-14,222.29,Pending,Rail,Low,Requested as secondary raw material
REQ00637,WST00162,C056,C015,3670.32,2026-08-16,2026-09-05,207.89,Cancelled,Road,Medium,Need immediate pickup
REQ00638,WST00163,C032,C015,1220.16,2026-08-03,2026-08-18,356.45,Rejected,Road,Medium,Need immediate pickup
REQ00639,WST00163,C014,C015,1776.8,2026-07-23,2026-08-03,387.84,Cancelled,Sea,Low,Urgent production requirement
REQ00640,WST00163,C007,C015,2549.02,2026-08-06,2026-08-12,393.34,Pending,Road,Medium,Urgent production requirement
REQ00641,WST00163,C034,C015,2665.34,2026-08-14,2026-09-02,419.79,Pending,Road,Low,Requested for pilot testing
REQ00642,WST00164,C037,C015,1508.2,2026-09-12,2026-09-29,142.05,Pending,Road,Medium,Trial order
REQ00643,WST00164,C021,C015,3578.2,2026-08-01,2026-08-18,152.97,Pending,Rail,Low,Price negotiation required
REQ00644,WST00164,C052,C015,2778.73,2026-08-30,2026-09-13,137.82,Pending,Rail,Low,Requested as secondary raw material
REQ00645,WST00164,C031,C015,3009.23,2026-07-05,2026-07-23,152.78,Rejected,Road,High,Requested as secondary raw material
REQ00646,WST00164,C041,C015,1393.87,2026-08-22,2026-09-04,152.0,Cancelled,Road,Low,For recycling process
REQ00647,WST00165,C056,C015,1358.05,2026-06-10,2026-06-12,181.66,Rejected,Road,High,Bulk procurement
REQ00648,WST00165,C041,C015,1657.07,2026-06-23,2026-07-02,161.37,Pending,Road,Low,For recycling process
REQ00649,WST00165,C051,C015,1483.09,2026-05-19,2026-05-31,163.63,Cancelled,Road,Medium,Price negotiation required
REQ00650,WST00165,C023,C015,1753.39,2026-06-06,2026-06-14,146.11,Pending,Road,High,No additional remarks
REQ00651,WST00165,C045,C015,2148.92,2026-09-10,2026-09-28,188.29,Accepted,Road,Low,Need immediate pickup
REQ00652,WST00165,C025,C015,2204.58,2026-05-25,2026-06-07,168.44,Rejected,Road,Medium,Long-term procurement
REQ00653,WST00166,C022,C015,3284.14,2026-08-30,2026-09-06,40.29,Pending,Road,Medium,Trial order
REQ00654,WST00166,C049,C015,2229.21,2026-08-25,2026-09-14,37.48,Accepted,Road,Low,Price negotiation required
REQ00655,WST00166,C010,C015,1197.44,2026-07-16,2026-07-19,34.82,Accepted,Road,High,Price negotiation required
REQ00656,WST00166,C058,C015,2874.9,2026-08-27,2026-09-16,40.33,Rejected,Road,Medium,Requested for pilot testing
REQ00657,WST00166,C027,C015,1233.19,2026-07-30,2026-08-18,41.2,Pending,Road,Low,Bulk procurement
REQ00658,WST00167,C057,C015,2963.62,2026-07-27,2026-08-05,166.96,Accepted,Road,Low,Long-term procurement
REQ00659,WST00167,C057,C015,1825.84,2026-07-04,2026-07-11,220.34,Pending,Road,High,Bulk procurement
REQ00660,WST00167,C055,C015,940.12,2026-09-01,2026-09-09,208.71,Accepted,Road,High,Need immediate pickup
REQ00661,WST00168,C004,C015,1350.8,2026-06-09,2026-06-22,14.78,Pending,Sea,Medium,Need immediate pickup
REQ00662,WST00168,C060,C015,1278.19,2026-06-29,2026-07-11,16.68,Accepted,Road,High,Urgent production requirement
REQ00663,WST00168,C039,C015,1138.69,2026-09-12,2026-09-30,16.23,Pending,Road,Low,For recycling process
REQ00664,WST00168,C038,C015,979.73,2026-07-13,2026-07-24,16.68,Pending,Road,Medium,Urgent production requirement
REQ00665,WST00168,C050,C015,1714.88,2026-07-12,2026-07-22,13.95,Pending,Sea,Low,Bulk procurement
REQ00666,WST00168,C045,C015,651.81,2026-07-16,2026-07-18,12.7,Accepted,Rail,Low,Bulk procurement
REQ00667,WST00169,C002,C015,535.67,2026-07-19,2026-07-28,234.42,Pending,Rail,Medium,Requested as secondary raw material
REQ00668,WST00169,C018,C015,1169.43,2026-07-04,2026-07-07,214.91,Pending,Sea,Medium,Long-term procurement
REQ00669,WST00169,C009,C015,1257.29,2026-08-07,2026-08-12,247.65,Accepted,Road,High,Price negotiation required
REQ00670,WST00169,C054,C015,854.33,2026-07-17,2026-07-23,213.92,Accepted,Rail,High,Urgent production requirement
REQ00671,WST00169,C006,C015,513.45,2026-08-06,2026-08-14,244.81,Rejected,Road,Low,Requested as secondary raw material
REQ00672,WST00169,C033,C015,602.12,2026-07-22,2026-08-09,230.79,Cancelled,Sea,High,Requested as secondary raw material
REQ00673,WST00170,C056,C016,2382.52,2026-08-01,2026-08-10,103.74,Rejected,Road,Medium,Trial order
REQ00674,WST00170,C030,C016,1458.59,2026-09-08,2026-09-23,93.41,Rejected,Rail,High,Trial order
REQ00675,WST00170,C003,C016,1010.65,2026-08-29,2026-09-06,91.76,Accepted,Rail,Medium,Price negotiation required
REQ00676,WST00171,C031,C016,1442.11,2026-06-25,2026-06-30,551.66,Pending,Road,High,Long-term procurement
REQ00677,WST00171,C045,C016,1398.93,2026-07-30,2026-08-04,537.07,Accepted,Road,Medium,Requested as secondary raw material
REQ00678,WST00171,C051,C016,1382.57,2026-09-03,2026-09-23,474.3,Accepted,Rail,Low,Need immediate pickup
REQ00679,WST00172,C047,C016,2414.18,2026-07-10,2026-07-25,495.75,Rejected,Road,Medium,Requested for pilot testing
REQ00680,WST00172,C008,C016,1906.31,2026-07-17,2026-07-28,437.86,Pending,Rail,Low,Long-term procurement
REQ00681,WST00172,C001,C016,1245.19,2026-07-26,2026-08-02,430.24,Pending,Road,Medium,Requested for pilot testing
REQ00682,WST00173,C035,C016,994.71,2026-08-15,2026-08-27,440.7,Pending,Sea,Low,No additional remarks
REQ00683,WST00173,C001,C016,1285.31,2026-08-28,2026-09-13,458.07,Accepted,Road,Low,Bulk procurement
REQ00684,WST00173,C041,C016,1765.73,2026-07-20,2026-08-07,391.73,Pending,Rail,Low,Need immediate pickup
REQ00685,WST00173,C040,C016,2907.39,2026-07-24,2026-07-30,432.21,Pending,Sea,Low,Trial order
REQ00686,WST00173,C013,C016,1243.91,2026-08-13,2026-08-25,436.99,Accepted,Road,Medium,No additional remarks
REQ00687,WST00174,C053,C016,147.95,2026-06-26,2026-07-05,459.43,Pending,Road,High,Requested for pilot testing
REQ00688,WST00174,C049,C016,352.56,2026-08-19,2026-08-31,435.33,Cancelled,Road,Medium,Trial order
REQ00689,WST00174,C056,C016,447.92,2026-06-21,2026-07-10,402.07,Accepted,Road,Low,Requested as secondary raw material
REQ00690,WST00174,C045,C016,507.04,2026-09-06,2026-09-11,402.15,Pending,Road,Medium,Long-term procurement
REQ00691,WST00174,C043,C016,468.1,2026-06-20,2026-06-22,380.94,Cancelled,Sea,Low,Trial order
REQ00692,WST00175,C012,C016,1638.37,2026-08-06,2026-08-08,346.32,Pending,Road,Medium,Requested for pilot testing
REQ00693,WST00175,C010,C016,691.0,2026-08-04,2026-08-23,288.63,Pending,Road,High,Need immediate pickup
REQ00694,WST00176,C030,C016,2510.97,2026-07-19,2026-08-05,352.61,Accepted,Road,High,Requested as secondary raw material
REQ00695,WST00176,C054,C016,1851.98,2026-06-25,2026-07-08,332.48,Cancelled,Road,High,Requested for pilot testing
REQ00696,WST00176,C014,C016,1112.64,2026-08-16,2026-08-28,319.43,Rejected,Road,Medium,Requested as secondary raw material
REQ00697,WST00176,C021,C016,2354.24,2026-06-25,2026-06-27,309.25,Pending,Road,Low,No additional remarks
REQ00698,WST00177,C037,C016,1481.22,2026-07-20,2026-07-26,462.33,Pending,Road,Medium,Long-term procurement
REQ00699,WST00177,C060,C016,1078.35,2026-08-26,2026-08-29,439.81,Rejected,Sea,Medium,Urgent production requirement
REQ00700,WST00178,C015,C016,3073.12,2026-08-26,2026-08-31,348.78,Accepted,Road,Low,No additional remarks
REQ00701,WST00178,C051,C016,2061.07,2026-06-01,2026-06-21,374.75,Pending,Road,Medium,No additional remarks
REQ00702,WST00179,C045,C016,257.72,2026-07-04,2026-07-19,201.64,Pending,Road,High,Trial order
REQ00703,WST00179,C050,C016,606.29,2026-05-28,2026-06-02,226.95,Pending,Sea,Medium,For recycling process
REQ00704,WST00180,C059,C016,543.42,2026-05-18,2026-06-02,360.02,Pending,Road,Low,Trial order
REQ00705,WST00180,C010,C016,875.56,2026-08-11,2026-08-18,411.22,Pending,Road,Low,Bulk procurement
REQ00706,WST00181,C013,C016,1393.58,2026-07-29,2026-08-06,92.36,Pending,Road,Low,Requested for pilot testing
REQ00707,WST00181,C055,C016,672.99,2026-07-15,2026-07-28,87.09,Accepted,Road,Low,No additional remarks
REQ00708,WST00181,C003,C016,1910.52,2026-05-21,2026-05-28,78.96,Pending,Rail,High,Requested as secondary raw material
REQ00709,WST00181,C025,C016,1147.82,2026-06-07,2026-06-26,71.38,Cancelled,Road,Low,Urgent production requirement
REQ00710,WST00181,C018,C016,1699.08,2026-08-18,2026-09-04,73.61,Cancelled,Rail,High,No additional remarks
REQ00711,WST00182,C010,C016,793.89,2026-09-12,2026-10-01,281.69,Accepted,Road,High,Urgent production requirement
REQ00712,WST00182,C007,C016,537.87,2026-08-05,2026-08-20,306.32,Cancelled,Road,Medium,For recycling process
REQ00713,WST00182,C056,C016,629.25,2026-07-07,2026-07-14,266.69,Accepted,Road,Low,Long-term procurement
REQ00714,WST00182,C013,C016,929.77,2026-07-16,2026-07-29,311.83,Cancelled,Sea,Medium,Bulk procurement
REQ00715,WST00182,C036,C016,298.47,2026-09-08,2026-09-18,300.97,Rejected,Road,Low,Long-term procurement
REQ00716,WST00182,C020,C016,807.76,2026-07-08,2026-07-14,302.8,Accepted,Road,Low,Long-term procurement
REQ00717,WST00183,C052,C016,916.55,2026-05-26,2026-06-14,268.33,Accepted,Road,Medium,Price negotiation required
REQ00718,WST00183,C034,C016,999.21,2026-05-30,2026-06-18,300.32,Cancelled,Rail,Medium,No additional remarks
REQ00719,WST00183,C038,C016,244.72,2026-07-27,2026-08-12,352.46,Pending,Road,Medium,Trial order
REQ00720,WST00184,C036,C016,316.92,2026-05-21,2026-05-24,12.45,Accepted,Sea,Low,For recycling process
REQ00721,WST00184,C009,C016,91.77,2026-07-06,2026-07-09,13.51,Pending,Road,Low,Requested as secondary raw material
REQ00722,WST00185,C005,C016,3224.26,2026-06-07,2026-06-25,395.84,Accepted,Rail,Medium,Price negotiation required
REQ00723,WST00185,C015,C016,3368.61,2026-08-13,2026-08-30,408.7,Accepted,Road,Low,Trial order
REQ00724,WST00185,C039,C016,1765.9,2026-08-22,2026-08-27,363.28,Accepted,Rail,High,Requested as secondary raw material
REQ00725,WST00185,C053,C016,3414.48,2026-05-19,2026-06-05,358.5,Rejected,Road,Medium,Trial order
REQ00726,WST00185,C043,C016,3358.37,2026-05-29,2026-06-18,371.21,Accepted,Road,Medium,Requested as secondary raw material
REQ00727,WST00185,C039,C016,4031.6,2026-07-08,2026-07-22,423.29,Rejected,Road,High,Trial order
REQ00728,WST00186,C038,C016,1949.97,2026-08-01,2026-08-16,301.38,Pending,Road,Low,Long-term procurement
REQ00729,WST00186,C031,C016,2036.17,2026-06-19,2026-06-26,317.67,Pending,Road,Medium,Price negotiation required
REQ00730,WST00186,C034,C016,2795.65,2026-06-19,2026-07-01,323.51,Cancelled,Road,Medium,Requested for pilot testing
REQ00731,WST00186,C009,C016,1396.92,2026-05-25,2026-06-07,288.49,Cancelled,Sea,Medium,Trial order
REQ00732,WST00186,C057,C016,3169.51,2026-06-08,2026-06-21,335.36,Accepted,Rail,Medium,Trial order
REQ00733,WST00186,C015,C016,818.19,2026-06-25,2026-06-27,323.15,Pending,Road,Low,Trial order
REQ00734,WST00187,C047,C017,4519.53,2026-07-15,2026-07-23,137.18,Cancelled,Road,Medium,Need immediate pickup
REQ00735,WST00187,C051,C017,3443.73,2026-09-10,2026-09-12,127.53,Pending,Road,Medium,Urgent production requirement
REQ00736,WST00187,C011,C017,4162.14,2026-06-20,2026-07-03,131.99,Pending,Road,Medium,Requested as secondary raw material
REQ00737,WST00187,C009,C017,3843.93,2026-07-24,2026-08-12,134.34,Pending,Road,High,Urgent production requirement
REQ00738,WST00188,C031,C017,1922.77,2026-09-08,2026-09-19,24.48,Rejected,Road,Medium,Urgent production requirement
REQ00739,WST00188,C051,C017,1819.22,2026-08-13,2026-08-21,24.78,Pending,Road,High,Trial order
REQ00740,WST00188,C022,C017,649.85,2026-05-16,2026-05-21,25.42,Rejected,Rail,High,Trial order
REQ00741,WST00188,C008,C017,2243.7,2026-08-15,2026-08-24,23.84,Pending,Sea,Low,Urgent production requirement
REQ00742,WST00188,C034,C017,1278.55,2026-05-23,2026-05-29,25.16,Rejected,Road,Low,Bulk procurement
REQ00743,WST00189,C048,C017,4062.34,2026-09-08,2026-09-18,31.63,Accepted,Road,High,Requested for pilot testing
REQ00744,WST00189,C011,C017,3778.38,2026-07-25,2026-07-31,29.03,Accepted,Road,High,Requested for pilot testing
REQ00745,WST00189,C032,C017,2319.89,2026-08-31,2026-09-07,25.99,Cancelled,Road,Medium,Urgent production requirement
REQ00746,WST00189,C045,C017,1873.19,2026-05-26,2026-05-28,32.02,Pending,Road,High,For recycling process
REQ00747,WST00190,C032,C017,4018.42,2026-07-26,2026-08-02,201.4,Accepted,Road,Low,Bulk procurement
REQ00748,WST00190,C025,C017,4053.08,2026-09-05,2026-09-21,211.62,Accepted,Road,Medium,Need immediate pickup
REQ00749,WST00190,C045,C017,1105.38,2026-07-21,2026-08-01,189.14,Accepted,Road,High,Urgent production requirement
REQ00750,WST00190,C032,C017,1210.47,2026-06-07,2026-06-24,205.04,Accepted,Rail,Low,Trial order
REQ00751,WST00190,C060,C017,3342.57,2026-06-06,2026-06-13,195.62,Rejected,Rail,Low,No additional remarks
REQ00752,WST00191,C008,C017,2779.42,2026-07-05,2026-07-07,6.92,Accepted,Road,High,Price negotiation required
REQ00753,WST00191,C021,C017,2863.62,2026-05-26,2026-06-02,6.95,Pending,Rail,Medium,Need immediate pickup
REQ00754,WST00191,C038,C017,1631.68,2026-09-12,2026-09-16,7.63,Cancelled,Road,High,For recycling process
REQ00755,WST00191,C028,C017,849.37,2026-08-06,2026-08-23,6.65,Accepted,Road,Low,Trial order
REQ00756,WST00191,C004,C017,2010.5,2026-05-16,2026-06-01,7.18,Pending,Rail,Low,No additional remarks
REQ00757,WST00191,C035,C017,1434.42,2026-08-06,2026-08-17,8.0,Cancelled,Road,Medium,Bulk procurement
REQ00758,WST00192,C030,C017,610.11,2026-05-18,2026-05-24,295.37,Accepted,Road,Low,Price negotiation required
REQ00759,WST00192,C035,C017,927.57,2026-07-31,2026-08-18,283.11,Pending,Road,High,Long-term procurement
REQ00760,WST00192,C048,C017,797.31,2026-08-08,2026-08-12,315.93,Accepted,Sea,Low,For recycling process
REQ00761,WST00192,C028,C017,1037.24,2026-06-10,2026-06-21,336.05,Accepted,Road,Medium,For recycling process
REQ00762,WST00193,C050,C017,1103.81,2026-07-25,2026-07-29,296.65,Pending,Road,Medium,No additional remarks
REQ00763,WST00193,C026,C017,2915.62,2026-08-20,2026-08-26,346.22,Pending,Road,Medium,Need immediate pickup
REQ00764,WST00193,C059,C017,1890.11,2026-08-15,2026-09-03,335.88,Rejected,Rail,Medium,Requested for pilot testing
REQ00765,WST00193,C027,C017,2695.96,2026-07-08,2026-07-26,281.08,Pending,Rail,Medium,No additional remarks
REQ00766,WST00194,C054,C017,1355.53,2026-08-16,2026-08-18,147.72,Rejected,Road,Low,Trial order
REQ00767,WST00194,C039,C017,2252.52,2026-09-02,2026-09-09,149.6,Accepted,Road,High,No additional remarks
REQ00768,WST00194,C036,C017,1174.24,2026-08-13,2026-08-21,176.36,Cancelled,Rail,Medium,Trial order
REQ00769,WST00194,C024,C017,3259.4,2026-09-09,2026-09-21,161.3,Pending,Road,High,Bulk procurement
REQ00770,WST00195,C060,C017,969.59,2026-08-27,2026-09-14,487.2,Accepted,Road,High,Long-term procurement
REQ00771,WST00195,C022,C017,1017.81,2026-06-15,2026-06-17,417.39,Rejected,Rail,Low,Trial order
REQ00772,WST00195,C048,C017,2566.06,2026-06-25,2026-07-10,460.68,Accepted,Road,Medium,Requested for pilot testing
REQ00773,WST00195,C053,C017,1999.95,2026-07-11,2026-07-17,467.36,Rejected,Sea,High,Need immediate pickup
REQ00774,WST00195,C004,C017,1985.56,2026-07-13,2026-07-23,432.83,Accepted,Road,Low,No additional remarks
REQ00775,WST00195,C049,C017,2049.33,2026-07-13,2026-08-02,459.41,Accepted,Road,Low,Need immediate pickup
REQ00776,WST00196,C022,C017,2201.01,2026-06-14,2026-06-20,275.54,Rejected,Road,Medium,Requested as secondary raw material
REQ00777,WST00196,C054,C017,2021.12,2026-07-14,2026-07-16,225.87,Accepted,Road,Low,Urgent production requirement
REQ00778,WST00196,C032,C017,1101.48,2026-08-19,2026-08-25,225.49,Rejected,Road,Medium,Trial order
REQ00779,WST00196,C045,C017,2103.02,2026-05-25,2026-05-29,238.32,Accepted,Rail,High,Need immediate pickup
REQ00780,WST00196,C040,C017,1933.46,2026-08-20,2026-08-30,250.64,Accepted,Sea,Medium,Requested for pilot testing
REQ00781,WST00197,C009,C017,2737.49,2026-08-19,2026-08-22,478.24,Accepted,Rail,High,Price negotiation required
REQ00782,WST00197,C020,C017,2342.09,2026-09-02,2026-09-15,468.86,Cancelled,Road,High,Need immediate pickup
REQ00783,WST00198,C041,C017,817.17,2026-06-01,2026-06-07,355.98,Accepted,Road,Low,For recycling process
REQ00784,WST00198,C033,C017,3294.74,2026-06-08,2026-06-17,364.61,Rejected,Sea,Medium,Trial order
REQ00785,WST00198,C035,C017,1898.4,2026-09-02,2026-09-05,361.02,Accepted,Road,Medium,Trial order
REQ00786,WST00199,C040,C017,351.74,2026-06-18,2026-06-30,412.57,Accepted,Rail,Low,Trial order
REQ00787,WST00199,C046,C017,156.76,2026-08-23,2026-09-03,444.43,Pending,Road,High,Urgent production requirement
REQ00788,WST00199,C015,C017,435.12,2026-05-30,2026-06-10,481.87,Pending,Sea,Low,Requested as secondary raw material
REQ00789,WST00200,C024,C017,831.88,2026-06-03,2026-06-07,410.27,Accepted,Rail,Low,Trial order
REQ00790,WST00200,C022,C017,1153.42,2026-08-23,2026-09-08,498.62,Cancelled,Road,Medium,Need immediate pickup
REQ00791,WST00201,C019,C017,1055.33,2026-09-02,2026-09-04,224.22,Accepted,Road,Low,Price negotiation required
REQ00792,WST00201,C046,C017,3361.72,2026-06-02,2026-06-21,264.55,Pending,Road,High,Price negotiation required
REQ00793,WST00202,C033,C017,2075.22,2026-08-20,2026-08-22,360.84,Accepted,Rail,High,Bulk procurement
REQ00794,WST00202,C041,C017,1137.65,2026-05-27,2026-06-16,335.98,Rejected,Sea,Low,For recycling process
REQ00795,WST00202,C048,C017,1044.39,2026-07-02,2026-07-04,382.65,Pending,Rail,Low,Need immediate pickup
REQ00796,WST00203,C025,C017,127.37,2026-07-06,2026-07-11,121.47,Pending,Rail,High,Long-term procurement
REQ00797,WST00203,C039,C017,362.86,2026-08-02,2026-08-22,115.16,Pending,Road,High,For recycling process
REQ00798,WST00204,C055,C017,121.77,2026-06-23,2026-06-29,66.57,Pending,Road,Low,For recycling process
REQ00799,WST00204,C042,C017,309.31,2026-06-11,2026-06-26,64.32,Pending,Road,Low,Long-term procurement
REQ00800,WST00205,C021,C017,308.03,2026-07-10,2026-07-29,228.49,Accepted,Road,Low,Requested for pilot testing
REQ00801,WST00205,C059,C017,1050.06,2026-06-14,2026-07-01,235.63,Accepted,Rail,Medium,Price negotiation required
REQ00802,WST00205,C040,C017,1099.07,2026-07-13,2026-07-21,208.19,Accepted,Road,Low,Need immediate pickup
REQ00803,WST00205,C038,C017,829.35,2026-08-07,2026-08-18,217.83,Accepted,Rail,Low,For recycling process
REQ00804,WST00205,C049,C017,1233.74,2026-07-06,2026-07-12,221.49,Pending,Road,High,Requested as secondary raw material
REQ00805,WST00205,C027,C017,1217.13,2026-08-10,2026-08-13,206.01,Pending,Road,Low,Bulk procurement
REQ00806,WST00206,C036,C017,3222.96,2026-08-17,2026-08-21,272.2,Pending,Road,Medium,Bulk procurement
REQ00807,WST00206,C053,C017,2700.46,2026-09-01,2026-09-11,299.5,Pending,Road,Medium,Requested for pilot testing
REQ00808,WST00206,C006,C017,1224.02,2026-08-06,2026-08-11,268.55,Accepted,Road,High,Requested as secondary raw material
REQ00809,WST00206,C019,C017,2248.41,2026-07-16,2026-07-24,324.5,Accepted,Road,High,Long-term procurement
REQ00810,WST00207,C005,C017,1879.0,2026-07-26,2026-07-29,371.25,Rejected,Road,Low,Trial order
REQ00811,WST00207,C044,C017,1980.73,2026-09-12,2026-09-30,347.02,Accepted,Road,Medium,For recycling process
REQ00812,WST00207,C031,C017,1547.82,2026-06-27,2026-07-14,292.65,Pending,Sea,Low,Requested as secondary raw material
REQ00813,WST00207,C059,C017,1152.14,2026-06-01,2026-06-04,302.32,Pending,Road,Low,Long-term procurement
REQ00814,WST00207,C058,C017,1853.28,2026-09-02,2026-09-04,306.91,Accepted,Road,Medium,Bulk procurement
REQ00815,WST00208,C047,C017,2765.59,2026-05-30,2026-06-19,69.5,Pending,Road,Medium,Bulk procurement
REQ00816,WST00208,C021,C017,1481.1,2026-08-24,2026-08-26,61.04,Accepted,Road,Medium,For recycling process
REQ00817,WST00208,C032,C017,3707.77,2026-09-05,2026-09-20,62.43,Rejected,Road,Low,Urgent production requirement
REQ00818,WST00209,C048,C017,1386.03,2026-06-01,2026-06-03,68.06,Accepted,Road,Low,Need immediate pickup
REQ00819,WST00209,C039,C017,637.98,2026-05-29,2026-06-10,69.51,Accepted,Road,Low,Trial order
REQ00820,WST00209,C032,C017,1075.08,2026-09-10,2026-09-29,69.3,Accepted,Road,Medium,Price negotiation required
REQ00821,WST00209,C041,C017,1164.2,2026-07-17,2026-08-04,58.64,Accepted,Road,Low,Requested for pilot testing
REQ00822,WST00209,C038,C017,982.63,2026-08-28,2026-09-16,70.73,Rejected,Rail,High,Trial order
REQ00823,WST00210,C026,C017,4190.9,2026-05-16,2026-06-03,363.96,Accepted,Road,Medium,Price negotiation required
REQ00824,WST00210,C050,C017,3058.35,2026-06-13,2026-06-15,431.64,Cancelled,Road,High,Requested for pilot testing
REQ00825,WST00211,C034,C017,2460.74,2026-05-25,2026-06-14,460.43,Accepted,Road,High,Need immediate pickup
REQ00826,WST00211,C049,C017,2233.41,2026-08-30,2026-09-09,507.98,Rejected,Road,Medium,Requested for pilot testing
REQ00827,WST00211,C048,C017,3706.85,2026-07-26,2026-08-01,473.76,Cancelled,Road,Medium,Need immediate pickup
REQ00828,WST00211,C044,C017,2045.21,2026-07-24,2026-08-11,457.12,Pending,Road,Low,Price negotiation required
REQ00829,WST00211,C026,C017,1204.79,2026-05-18,2026-05-29,406.05,Cancelled,Road,Low,Long-term procurement
REQ00830,WST00212,C055,C018,703.11,2026-07-13,2026-07-27,424.77,Accepted,Road,Medium,Bulk procurement
REQ00831,WST00212,C001,C018,423.51,2026-05-20,2026-05-31,349.54,Pending,Road,Medium,Trial order
REQ00832,WST00212,C052,C018,438.63,2026-07-17,2026-08-03,459.86,Pending,Road,High,Trial order
REQ00833,WST00212,C028,C018,257.8,2026-08-13,2026-08-17,442.13,Pending,Road,High,No additional remarks
REQ00834,WST00213,C046,C018,499.08,2026-09-05,2026-09-24,118.47,Accepted,Road,Low,For recycling process
REQ00835,WST00213,C003,C018,938.58,2026-06-12,2026-06-21,91.34,Rejected,Rail,Medium,Requested for pilot testing
REQ00836,WST00213,C058,C018,467.54,2026-07-30,2026-08-17,109.0,Cancelled,Road,High,Requested for pilot testing
REQ00837,WST00213,C013,C018,887.38,2026-08-01,2026-08-21,107.33,Pending,Road,High,Requested as secondary raw material
REQ00838,WST00213,C033,C018,232.12,2026-07-10,2026-07-18,91.69,Pending,Rail,High,Need immediate pickup
REQ00839,WST00214,C041,C018,962.79,2026-08-04,2026-08-17,447.53,Rejected,Road,Low,Requested as secondary raw material
REQ00840,WST00214,C029,C018,512.12,2026-06-10,2026-06-16,453.56,Accepted,Sea,Low,Bulk procurement
REQ00841,WST00214,C024,C018,806.74,2026-06-19,2026-07-04,450.2,Accepted,Road,Low,For recycling process
REQ00842,WST00214,C006,C018,542.71,2026-06-13,2026-06-17,463.18,Pending,Rail,Medium,Long-term procurement
REQ00843,WST00214,C006,C018,344.52,2026-06-13,2026-06-22,420.67,Pending,Road,Low,For recycling process
REQ00844,WST00215,C060,C018,3765.83,2026-05-16,2026-06-02,486.88,Accepted,Road,Medium,Price negotiation required
REQ00845,WST00215,C015,C018,1051.38,2026-06-08,2026-06-24,499.76,Cancelled,Road,High,Price negotiation required
REQ00846,WST00215,C011,C018,2141.04,2026-06-04,2026-06-14,406.11,Cancelled,Rail,High,Price negotiation required
REQ00847,WST00216,C046,C018,3475.92,2026-08-21,2026-08-23,337.36,Cancelled,Rail,Low,Long-term procurement
REQ00848,WST00216,C005,C018,1239.19,2026-06-11,2026-06-30,309.42,Accepted,Road,High,Bulk procurement
REQ00849,WST00217,C040,C018,2370.4,2026-08-25,2026-09-12,309.11,Cancelled,Road,High,Long-term procurement
REQ00850,WST00217,C051,C018,1425.93,2026-07-28,2026-08-11,269.56,Accepted,Rail,Low,Trial order
REQ00851,WST00217,C011,C018,2200.94,2026-09-07,2026-09-14,275.64,Accepted,Road,Medium,No additional remarks
REQ00852,WST00217,C026,C018,4054.93,2026-06-01,2026-06-05,292.22,Rejected,Road,Low,Price negotiation required
REQ00853,WST00217,C043,C018,3932.77,2026-06-28,2026-07-15,240.02,Cancelled,Road,High,Bulk procurement
REQ00854,WST00217,C012,C018,2551.72,2026-07-13,2026-07-29,252.18,Pending,Road,Medium,Trial order
REQ00855,WST00218,C003,C018,1312.02,2026-05-25,2026-06-02,359.05,Pending,Road,Medium,Requested for pilot testing
REQ00856,WST00218,C020,C018,1266.19,2026-07-26,2026-08-09,312.19,Pending,Rail,Medium,Need immediate pickup
REQ00857,WST00218,C033,C018,2799.69,2026-09-12,2026-09-18,384.27,Cancelled,Road,Low,For recycling process
REQ00858,WST00219,C027,C018,251.32,2026-08-18,2026-08-24,62.7,Accepted,Road,High,Requested for pilot testing
REQ00859,WST00219,C053,C018,141.34,2026-05-27,2026-06-13,50.93,Pending,Road,Medium,No additional remarks
REQ00860,WST00219,C015,C018,337.06,2026-08-07,2026-08-18,62.89,Accepted,Road,Low,No additional remarks
REQ00861,WST00219,C001,C018,407.41,2026-06-15,2026-06-25,56.76,Pending,Road,Low,Need immediate pickup
REQ00862,WST00219,C006,C018,318.91,2026-08-28,2026-09-13,66.42,Pending,Rail,Medium,Price negotiation required
REQ00863,WST00219,C024,C018,380.73,2026-07-16,2026-07-26,63.69,Pending,Sea,Medium,Price negotiation required
REQ00864,WST00220,C015,C018,2331.75,2026-06-25,2026-06-30,142.08,Pending,Road,Medium,Long-term procurement
REQ00865,WST00220,C044,C018,1701.54,2026-09-12,2026-09-17,169.01,Rejected,Road,Low,No additional remarks
REQ00866,WST00220,C041,C018,1326.7,2026-06-17,2026-07-06,142.53,Cancelled,Sea,High,Bulk procurement
REQ00867,WST00220,C004,C018,2027.91,2026-07-04,2026-07-12,138.79,Pending,Rail,Medium,For recycling process
REQ00868,WST00220,C047,C018,2486.39,2026-07-18,2026-08-02,151.13,Pending,Road,Medium,Trial order
REQ00869,WST00220,C033,C018,1272.87,2026-06-01,2026-06-12,146.12,Accepted,Road,Medium,Long-term procurement
REQ00870,WST00221,C044,C018,1276.5,2026-05-25,2026-06-02,247.98,Pending,Road,Medium,Price negotiation required
REQ00871,WST00221,C004,C018,2866.44,2026-07-08,2026-07-17,201.85,Pending,Road,Medium,Trial order
REQ00872,WST00221,C051,C018,1878.69,2026-07-26,2026-08-15,260.69,Pending,Sea,High,Urgent production requirement
REQ00873,WST00221,C039,C018,842.25,2026-06-06,2026-06-25,217.1,Accepted,Road,Low,No additional remarks
REQ00874,WST00222,C048,C018,938.12,2026-05-25,2026-05-30,116.09,Pending,Rail,High,Long-term procurement
REQ00875,WST00222,C007,C018,1823.03,2026-07-03,2026-07-08,99.17,Pending,Road,High,Long-term procurement
REQ00876,WST00222,C058,C018,2622.59,2026-07-17,2026-07-24,94.0,Pending,Rail,High,Trial order
REQ00877,WST00222,C026,C018,1870.75,2026-08-14,2026-08-16,115.17,Accepted,Rail,High,Price negotiation required
REQ00878,WST00222,C008,C018,2163.74,2026-08-21,2026-09-06,116.36,Accepted,Sea,Low,No additional remarks
REQ00879,WST00222,C019,C018,2674.24,2026-07-09,2026-07-18,93.76,Pending,Sea,High,Urgent production requirement
REQ00880,WST00223,C029,C018,943.33,2026-09-05,2026-09-09,487.38,Pending,Sea,Medium,Bulk procurement
REQ00881,WST00223,C025,C018,895.56,2026-08-14,2026-08-19,518.42,Rejected,Rail,Low,Urgent production requirement
REQ00882,WST00223,C058,C018,723.67,2026-06-30,2026-07-11,472.73,Accepted,Road,Low,No additional remarks
REQ00883,WST00223,C014,C018,762.18,2026-07-23,2026-08-12,480.83,Accepted,Road,Low,For recycling process
REQ00884,WST00224,C021,C018,3060.56,2026-06-08,2026-06-12,250.76,Accepted,Road,High,No additional remarks
REQ00885,WST00224,C027,C018,2990.34,2026-09-04,2026-09-11,252.6,Cancelled,Rail,High,Price negotiation required
REQ00886,WST00225,C058,C018,1104.44,2026-06-29,2026-07-05,433.46,Rejected,Road,High,Bulk procurement
REQ00887,WST00225,C014,C018,543.87,2026-08-30,2026-09-14,465.77,Accepted,Road,Medium,Urgent production requirement
REQ00888,WST00226,C013,C018,1989.14,2026-09-07,2026-09-13,297.99,Pending,Road,Medium,Requested for pilot testing
REQ00889,WST00226,C011,C018,617.64,2026-05-16,2026-06-01,254.73,Accepted,Road,High,No additional remarks
REQ00890,WST00226,C040,C018,1088.3,2026-06-25,2026-07-08,252.05,Rejected,Road,Medium,Requested as secondary raw material
REQ00891,WST00226,C011,C018,1910.14,2026-07-03,2026-07-07,223.27,Pending,Road,High,Trial order
REQ00892,WST00226,C016,C018,2111.11,2026-09-04,2026-09-07,263.82,Pending,Road,Low,Requested as secondary raw material
REQ00893,WST00227,C023,C018,595.93,2026-08-29,2026-09-15,282.88,Pending,Sea,Low,Trial order
REQ00894,WST00227,C035,C018,612.64,2026-07-20,2026-07-31,239.98,Pending,Rail,Medium,For recycling process
REQ00895,WST00227,C037,C018,315.01,2026-05-25,2026-06-13,297.45,Pending,Road,Low,Long-term procurement
REQ00896,WST00227,C002,C018,1080.7,2026-08-28,2026-09-05,292.34,Cancelled,Road,Low,Requested for pilot testing
REQ00897,WST00227,C011,C018,1152.21,2026-07-02,2026-07-21,233.72,Accepted,Road,Medium,Urgent production requirement
REQ00898,WST00227,C053,C018,1137.69,2026-07-01,2026-07-08,239.34,Accepted,Sea,Medium,Requested for pilot testing
REQ00899,WST00228,C034,C018,1289.36,2026-08-21,2026-08-27,304.99,Cancelled,Road,Low,Long-term procurement
REQ00900,WST00228,C040,C018,2619.09,2026-05-24,2026-05-27,264.39,Pending,Road,Medium,Urgent production requirement
REQ00901,WST00228,C021,C018,1786.76,2026-08-14,2026-09-02,300.75,Accepted,Road,Medium,Requested as secondary raw material
REQ00902,WST00228,C014,C018,2625.05,2026-07-09,2026-07-18,272.73,Cancelled,Road,Medium,No additional remarks
REQ00903,WST00228,C026,C018,1766.38,2026-05-28,2026-06-04,317.44,Accepted,Road,Low,Price negotiation required
REQ00904,WST00229,C048,C018,1245.33,2026-06-25,2026-07-04,340.54,Accepted,Road,Medium,Bulk procurement
REQ00905,WST00229,C059,C018,1389.98,2026-08-19,2026-08-27,385.57,Rejected,Sea,Medium,Requested as secondary raw material
REQ00906,WST00229,C027,C018,1437.97,2026-06-19,2026-07-06,335.7,Rejected,Road,Low,Bulk procurement
REQ00907,WST00229,C031,C018,1591.93,2026-05-30,2026-06-03,412.64,Accepted,Sea,High,Urgent production requirement
REQ00908,WST00230,C031,C018,2947.98,2026-06-17,2026-07-05,150.11,Pending,Road,High,Trial order
REQ00909,WST00230,C027,C018,1994.68,2026-08-27,2026-09-15,148.11,Accepted,Rail,High,Urgent production requirement
REQ00910,WST00230,C039,C018,2387.15,2026-08-04,2026-08-16,153.5,Accepted,Road,Low,Long-term procurement
REQ00911,WST00231,C019,C018,913.88,2026-07-16,2026-08-05,428.54,Accepted,Rail,Medium,Trial order
REQ00912,WST00231,C029,C018,533.36,2026-07-25,2026-08-06,423.63,Accepted,Sea,Low,Bulk procurement
REQ00913,WST00231,C002,C018,904.31,2026-09-09,2026-09-24,523.44,Rejected,Road,Medium,Price negotiation required
REQ00914,WST00231,C036,C018,291.86,2026-07-11,2026-07-19,468.59,Accepted,Road,High,For recycling process
REQ00915,WST00232,C031,C018,3683.44,2026-06-11,2026-06-17,427.51,Pending,Road,High,Long-term procurement
REQ00916,WST00232,C044,C018,4244.21,2026-07-17,2026-07-30,347.14,Pending,Road,Medium,Long-term procurement
REQ00917,WST00232,C059,C018,2941.15,2026-05-31,2026-06-09,374.46,Rejected,Road,High,Need immediate pickup
REQ00918,WST00232,C057,C018,1048.12,2026-08-03,2026-08-14,357.97,Accepted,Road,Low,Urgent production requirement
REQ00919,WST00233,C039,C018,3571.73,2026-08-31,2026-09-12,459.63,Pending,Road,Low,Requested for pilot testing
REQ00920,WST00233,C060,C018,2394.39,2026-09-03,2026-09-18,437.74,Pending,Road,Low,No additional remarks
REQ00921,WST00234,C041,C018,1065.15,2026-08-04,2026-08-18,183.4,Pending,Road,High,Requested as secondary raw material
REQ00922,WST00234,C032,C018,2661.87,2026-06-14,2026-06-20,169.81,Pending,Road,Medium,Requested for pilot testing
REQ00923,WST00234,C045,C018,1683.92,2026-09-04,2026-09-23,195.94,Pending,Rail,Low,Need immediate pickup
REQ00924,WST00234,C042,C018,2114.7,2026-08-09,2026-08-12,151.94,Pending,Road,Medium,Price negotiation required
REQ00925,WST00234,C035,C018,2668.41,2026-07-03,2026-07-21,150.72,Accepted,Road,Low,Urgent production requirement
REQ00926,WST00234,C029,C018,842.97,2026-07-03,2026-07-17,186.06,Cancelled,Road,High,Long-term procurement
REQ00927,WST00235,C009,C018,866.85,2026-08-16,2026-09-05,481.22,Rejected,Road,High,Requested for pilot testing
REQ00928,WST00235,C031,C018,2196.54,2026-05-21,2026-05-29,514.41,Rejected,Road,Medium,Urgent production requirement
REQ00929,WST00236,C020,C019,1189.19,2026-07-28,2026-08-04,184.03,Pending,Road,Low,Long-term procurement
REQ00930,WST00236,C054,C019,983.75,2026-06-18,2026-07-02,149.54,Pending,Rail,Low,Requested for pilot testing
REQ00931,WST00236,C021,C019,760.67,2026-06-12,2026-06-18,151.99,Accepted,Sea,Low,Bulk procurement
REQ00932,WST00236,C027,C019,1598.83,2026-08-20,2026-08-22,156.64,Pending,Road,Medium,Bulk procurement
REQ00933,WST00236,C026,C019,644.44,2026-08-09,2026-08-24,181.06,Rejected,Road,Medium,Trial order
REQ00934,WST00236,C045,C019,1087.04,2026-07-08,2026-07-14,159.2,Cancelled,Road,Medium,No additional remarks
REQ00935,WST00237,C046,C019,423.41,2026-06-03,2026-06-10,105.91,Pending,Sea,Low,No additional remarks
REQ00936,WST00237,C049,C019,219.57,2026-07-23,2026-08-03,109.04,Cancelled,Road,Medium,Requested for pilot testing
REQ00937,WST00237,C060,C019,232.41,2026-08-16,2026-08-31,107.17,Accepted,Road,Medium,Requested for pilot testing
REQ00938,WST00237,C005,C019,319.88,2026-09-06,2026-09-26,114.38,Accepted,Road,Medium,For recycling process
REQ00939,WST00237,C006,C019,402.77,2026-08-12,2026-08-26,127.17,Accepted,Rail,Low,Urgent production requirement
REQ00940,WST00237,C031,C019,155.52,2026-07-17,2026-07-19,105.26,Accepted,Road,Low,Bulk procurement
REQ00941,WST00238,C056,C019,437.44,2026-05-17,2026-05-19,94.56,Accepted,Rail,Medium,Bulk procurement
REQ00942,WST00238,C029,C019,454.15,2026-06-27,2026-07-07,71.22,Pending,Rail,Low,Requested for pilot testing
REQ00943,WST00238,C028,C019,398.49,2026-07-06,2026-07-12,84.15,Accepted,Rail,Medium,Requested for pilot testing
REQ00944,WST00239,C036,C019,3306.31,2026-06-12,2026-06-17,507.23,Rejected,Road,Medium,For recycling process
REQ00945,WST00239,C049,C019,3436.77,2026-08-08,2026-08-16,453.87,Rejected,Road,High,Urgent production requirement
REQ00946,WST00240,C048,C019,822.22,2026-08-01,2026-08-13,213.29,Accepted,Road,High,Long-term procurement
REQ00947,WST00240,C015,C019,360.47,2026-07-17,2026-07-30,192.89,Pending,Road,Low,Price negotiation required
REQ00948,WST00240,C038,C019,798.19,2026-09-12,2026-09-25,186.65,Pending,Road,High,No additional remarks
REQ00949,WST00241,C041,C019,3248.74,2026-09-03,2026-09-15,121.93,Pending,Sea,High,Need immediate pickup
REQ00950,WST00241,C048,C019,3481.25,2026-08-26,2026-09-06,137.85,Rejected,Road,Medium,No additional remarks
REQ00951,WST00241,C002,C019,1194.36,2026-07-19,2026-07-30,142.35,Pending,Sea,Medium,Price negotiation required
REQ00952,WST00242,C038,C019,1441.9,2026-06-26,2026-07-07,175.58,Pending,Road,Medium,For recycling process
REQ00953,WST00242,C018,C019,1939.54,2026-07-16,2026-08-01,184.86,Rejected,Rail,Medium,Urgent production requirement
REQ00954,WST00242,C003,C019,3177.46,2026-06-15,2026-06-25,187.45,Pending,Road,High,Urgent production requirement
REQ00955,WST00243,C033,C019,1661.31,2026-09-12,2026-09-27,528.52,Accepted,Road,High,Requested for pilot testing
REQ00956,WST00243,C023,C019,1792.73,2026-07-31,2026-08-11,429.39,Pending,Road,Medium,Bulk procurement
REQ00957,WST00243,C045,C019,2070.76,2026-08-21,2026-09-04,539.46,Accepted,Road,Low,No additional remarks
REQ00958,WST00243,C033,C019,3068.79,2026-08-10,2026-08-29,425.7,Accepted,Road,High,Long-term procurement
REQ00959,WST00243,C052,C019,958.69,2026-06-24,2026-06-30,504.12,Rejected,Sea,Low,Long-term procurement
REQ00960,WST00243,C057,C019,2511.94,2026-08-05,2026-08-18,460.17,Rejected,Rail,High,Trial order
REQ00961,WST00244,C055,C019,2011.83,2026-09-11,2026-09-21,412.61,Accepted,Road,High,Trial order
REQ00962,WST00244,C004,C019,2756.2,2026-07-31,2026-08-12,345.3,Cancelled,Rail,Low,Price negotiation required
REQ00963,WST00244,C033,C019,2530.16,2026-08-25,2026-08-29,348.1,Accepted,Road,Low,Urgent production requirement
REQ00964,WST00244,C029,C019,2526.05,2026-06-15,2026-06-25,330.19,Pending,Road,High,Requested for pilot testing
REQ00965,WST00244,C015,C019,2247.9,2026-07-26,2026-08-08,373.22,Pending,Road,Low,Requested as secondary raw material
REQ00966,WST00245,C042,C019,1068.65,2026-06-22,2026-07-04,353.56,Pending,Road,Medium,Requested as secondary raw material
REQ00967,WST00245,C010,C019,2017.51,2026-06-12,2026-06-21,353.97,Pending,Road,Medium,Urgent production requirement
REQ00968,WST00245,C023,C019,3019.99,2026-07-18,2026-07-26,360.91,Pending,Road,Medium,Bulk procurement
REQ00969,WST00245,C046,C019,2890.51,2026-06-15,2026-06-28,311.23,Accepted,Sea,High,Long-term procurement
REQ00970,WST00245,C028,C019,2554.82,2026-07-15,2026-08-02,370.63,Pending,Road,Medium,Long-term procurement
REQ00971,WST00246,C040,C019,1131.93,2026-05-20,2026-06-08,283.18,Rejected,Rail,Medium,Bulk procurement
REQ00972,WST00246,C023,C019,1550.16,2026-05-16,2026-05-31,249.86,Pending,Road,Medium,Long-term procurement
REQ00973,WST00246,C054,C019,1452.2,2026-06-09,2026-06-22,286.27,Accepted,Road,High,Need immediate pickup
REQ00974,WST00246,C020,C019,727.57,2026-09-05,2026-09-20,249.32,Pending,Rail,High,Long-term procurement
REQ00975,WST00247,C048,C019,959.29,2026-06-15,2026-06-17,46.47,Pending,Road,Low,Long-term procurement
REQ00976,WST00247,C050,C019,2515.79,2026-07-25,2026-08-05,50.02,Pending,Road,High,No additional remarks
REQ00977,WST00247,C014,C019,1407.36,2026-06-22,2026-06-29,56.6,Cancelled,Road,High,Trial order
REQ00978,WST00248,C053,C019,149.02,2026-06-09,2026-06-21,292.12,Accepted,Road,High,Trial order
REQ00979,WST00248,C029,C019,359.82,2026-08-19,2026-09-08,320.33,Cancelled,Road,Low,Bulk procurement
REQ00980,WST00249,C006,C019,567.02,2026-07-08,2026-07-24,234.47,Accepted,Road,High,Requested for pilot testing
REQ00981,WST00249,C009,C019,196.4,2026-05-24,2026-06-08,238.27,Cancelled,Road,Low,Trial order
REQ00982,WST00249,C003,C019,543.49,2026-06-12,2026-06-15,295.05,Accepted,Road,Medium,Requested as secondary raw material
REQ00983,WST00250,C006,C019,777.15,2026-06-13,2026-06-16,91.99,Pending,Rail,High,Trial order
REQ00984,WST00250,C051,C019,1289.02,2026-05-30,2026-06-12,99.34,Pending,Rail,High,Need immediate pickup
REQ00985,WST00250,C051,C019,2023.8,2026-05-25,2026-06-12,92.42,Accepted,Road,Medium,Urgent production requirement
REQ00986,WST00250,C032,C019,799.15,2026-06-04,2026-06-24,103.17,Cancelled,Road,Medium,Need immediate pickup
REQ00987,WST00251,C008,C019,2114.9,2026-06-22,2026-07-09,422.62,Accepted,Road,Low,Urgent production requirement
REQ00988,WST00251,C046,C019,2661.5,2026-08-24,2026-08-29,483.02,Cancelled,Road,Low,Urgent production requirement
REQ00989,WST00252,C002,C019,2520.07,2026-08-25,2026-08-31,449.11,Pending,Rail,Medium,Urgent production requirement
REQ00990,WST00252,C055,C019,1218.54,2026-06-28,2026-07-11,497.06,Rejected,Rail,Medium,No additional remarks
REQ00991,WST00252,C029,C019,2672.13,2026-06-30,2026-07-11,391.81,Pending,Road,Medium,Requested for pilot testing
REQ00992,WST00252,C038,C019,1084.24,2026-06-24,2026-06-26,482.62,Cancelled,Rail,Medium,Trial order
REQ00993,WST00252,C024,C019,1684.82,2026-09-11,2026-09-21,411.86,Pending,Road,Medium,Requested as secondary raw material
REQ00994,WST00252,C035,C019,3182.36,2026-05-17,2026-06-03,440.57,Accepted,Rail,Medium,Requested for pilot testing
REQ00995,WST00253,C049,C019,1773.99,2026-06-08,2026-06-15,171.91,Pending,Road,Low,Long-term procurement
REQ00996,WST00253,C012,C019,2378.46,2026-08-23,2026-09-11,152.84,Accepted,Road,Medium,Long-term procurement
REQ00997,WST00254,C021,C019,58.01,2026-08-22,2026-09-01,19.3,Rejected,Road,High,Trial order
REQ00998,WST00254,C002,C019,104.19,2026-08-29,2026-09-12,19.02,Pending,Rail,Medium,Bulk procurement
REQ00999,WST00254,C042,C019,171.79,2026-05-22,2026-06-10,16.52,Rejected,Road,High,Requested for pilot testing
REQ01000,WST00254,C023,C019,50.13,2026-08-07,2026-08-25,16.44,Rejected,Road,Medium,Need immediate pickup
REQ01001,WST00254,C028,C019,146.31,2026-06-17,2026-06-27,19.45,Pending,Road,Medium,No additional remarks
REQ01002,WST00254,C024,C019,155.54,2026-06-19,2026-06-27,20.16,Rejected,Road,Medium,Long-term procurement
REQ01003,WST00255,C015,C020,404.84,2026-07-20,2026-08-02,465.23,Pending,Road,Medium,Need immediate pickup
REQ01004,WST00255,C002,C020,527.38,2026-07-26,2026-08-04,392.51,Accepted,Rail,Medium,No additional remarks
REQ01005,WST00256,C015,C020,1817.76,2026-08-02,2026-08-15,528.02,Pending,Rail,Low,No additional remarks
REQ01006,WST00256,C026,C020,1491.27,2026-05-20,2026-06-03,439.19,Rejected,Sea,High,Trial order
REQ01007,WST00256,C035,C020,2231.48,2026-06-15,2026-06-18,419.98,Cancelled,Road,High,Urgent production requirement
REQ01008,WST00257,C060,C020,1279.41,2026-09-01,2026-09-14,69.15,Pending,Rail,Medium,Need immediate pickup
REQ01009,WST00257,C033,C020,781.78,2026-08-15,2026-09-03,80.09,Rejected,Road,Low,Requested for pilot testing
REQ01010,WST00257,C021,C020,1213.93,2026-08-22,2026-08-27,69.71,Rejected,Road,Medium,Price negotiation required
REQ01011,WST00258,C006,C020,3818.8,2026-07-07,2026-07-13,152.0,Accepted,Road,Medium,Long-term procurement
REQ01012,WST00258,C004,C020,2131.66,2026-07-13,2026-08-01,159.22,Pending,Road,Low,Requested as secondary raw material
REQ01013,WST00258,C007,C020,2006.96,2026-08-30,2026-09-10,134.88,Accepted,Road,High,Price negotiation required
REQ01014,WST00258,C050,C020,3115.2,2026-09-08,2026-09-12,149.48,Pending,Road,Medium,Price negotiation required
REQ01015,WST00259,C050,C020,3364.02,2026-05-23,2026-06-10,134.06,Rejected,Road,Medium,Long-term procurement
REQ01016,WST00259,C002,C020,3247.89,2026-07-19,2026-08-08,115.67,Pending,Road,High,Urgent production requirement
REQ01017,WST00259,C028,C020,4045.72,2026-09-07,2026-09-16,101.82,Accepted,Road,Low,For recycling process
REQ01018,WST00259,C051,C020,1435.4,2026-06-09,2026-06-19,106.12,Cancelled,Road,Medium,No additional remarks
REQ01019,WST00259,C057,C020,2950.46,2026-07-13,2026-07-15,100.65,Pending,Rail,Low,Trial order
REQ01020,WST00260,C041,C020,264.25,2026-09-11,2026-09-25,40.73,Accepted,Road,Low,No additional remarks
REQ01021,WST00260,C039,C020,451.78,2026-07-21,2026-08-06,44.6,Pending,Road,Medium,Trial order
REQ01022,WST00261,C056,C020,64.92,2026-08-14,2026-08-17,48.85,Accepted,Road,Low,Need immediate pickup
REQ01023,WST00261,C002,C020,33.5,2026-06-23,2026-07-03,57.82,Accepted,Road,Medium,Requested for pilot testing
REQ01024,WST00261,C035,C020,50.69,2026-05-30,2026-06-09,50.78,Accepted,Rail,Low,Long-term procurement
REQ01025,WST00261,C003,C020,107.37,2026-08-12,2026-08-29,57.91,Rejected,Road,High,Requested for pilot testing
REQ01026,WST00261,C028,C020,108.15,2026-08-20,2026-08-22,59.53,Accepted,Road,Medium,Requested as secondary raw material
REQ01027,WST00261,C016,C020,72.95,2026-06-07,2026-06-12,57.9,Accepted,Road,Medium,Price negotiation required
REQ01028,WST00262,C047,C020,960.55,2026-06-28,2026-07-02,280.83,Pending,Rail,Medium,Trial order
REQ01029,WST00262,C027,C020,1419.87,2026-09-09,2026-09-13,255.58,Accepted,Road,Low,For recycling process
REQ01030,WST00263,C051,C020,1473.7,2026-05-16,2026-05-27,44.33,Pending,Rail,Low,Need immediate pickup
REQ01031,WST00263,C005,C020,4594.49,2026-07-13,2026-07-21,42.9,Cancelled,Road,High,No additional remarks
REQ01032,WST00264,C046,C020,749.75,2026-08-07,2026-08-09,397.23,Accepted,Road,High,Requested for pilot testing
REQ01033,WST00264,C004,C020,1411.09,2026-08-07,2026-08-11,321.02,Accepted,Road,Low,Price negotiation required
REQ01034,WST00264,C046,C020,1663.37,2026-07-20,2026-08-07,375.51,Pending,Road,Medium,Need immediate pickup
REQ01035,WST00264,C034,C020,850.22,2026-07-23,2026-07-28,318.54,Accepted,Road,Low,Urgent production requirement
REQ01036,WST00265,C011,C020,2846.56,2026-07-30,2026-08-09,258.58,Pending,Rail,High,Price negotiation required
REQ01037,WST00265,C019,C020,1850.1,2026-05-22,2026-05-25,314.07,Accepted,Rail,Low,Trial order
REQ01038,WST00266,C004,C020,484.11,2026-06-10,2026-06-17,357.97,Pending,Road,High,Bulk procurement
REQ01039,WST00266,C015,C020,548.22,2026-08-01,2026-08-15,333.2,Accepted,Road,Low,Price negotiation required
REQ01040,WST00267,C051,C021,1393.87,2026-05-25,2026-06-08,69.23,Accepted,Road,Medium,Long-term procurement
REQ01041,WST00267,C037,C021,3204.74,2026-06-11,2026-07-01,65.44,Accepted,Road,Medium,Long-term procurement
REQ01042,WST00267,C046,C021,2657.99,2026-06-28,2026-07-12,78.13,Rejected,Road,High,Requested as secondary raw material
REQ01043,WST00268,C050,C021,1479.63,2026-08-16,2026-08-29,71.11,Cancelled,Road,Medium,No additional remarks
REQ01044,WST00268,C001,C021,2527.76,2026-07-17,2026-08-03,73.91,Pending,Road,High,Urgent production requirement
REQ01045,WST00269,C015,C021,1062.34,2026-07-13,2026-07-25,82.77,Pending,Road,Medium,Requested as secondary raw material
REQ01046,WST00269,C018,C021,976.32,2026-07-29,2026-08-04,87.79,Accepted,Rail,High,Long-term procurement
REQ01047,WST00269,C005,C021,538.98,2026-08-12,2026-08-19,70.73,Accepted,Rail,Medium,Requested for pilot testing
REQ01048,WST00270,C029,C021,1714.53,2026-07-03,2026-07-08,500.27,Pending,Rail,High,Bulk procurement
REQ01049,WST00270,C003,C021,2012.42,2026-08-31,2026-09-09,426.47,Pending,Road,Low,For recycling process
REQ01050,WST00270,C050,C021,788.82,2026-08-17,2026-08-28,473.21,Pending,Rail,Low,Price negotiation required
REQ01051,WST00270,C057,C021,1228.58,2026-07-22,2026-08-10,512.15,Pending,Rail,High,Urgent production requirement
REQ01052,WST00270,C054,C021,609.53,2026-06-03,2026-06-10,544.06,Accepted,Rail,Medium,Urgent production requirement
REQ01053,WST00271,C015,C021,3346.12,2026-08-10,2026-08-27,356.38,Pending,Road,Medium,For recycling process
REQ01054,WST00271,C012,C021,3485.86,2026-08-19,2026-08-26,379.5,Accepted,Road,Low,Price negotiation required
REQ01055,WST00271,C009,C021,1726.62,2026-09-12,2026-09-14,317.17,Pending,Road,Medium,Price negotiation required
REQ01056,WST00271,C032,C021,3778.47,2026-08-09,2026-08-29,308.52,Accepted,Road,Medium,Requested as secondary raw material
REQ01057,WST00271,C040,C021,2631.89,2026-07-04,2026-07-22,334.26,Accepted,Road,Medium,Requested for pilot testing
REQ01058,WST00271,C026,C021,2610.33,2026-08-12,2026-09-01,309.4,Accepted,Sea,Medium,Requested for pilot testing
REQ01059,WST00272,C027,C021,754.7,2026-09-07,2026-09-14,84.76,Accepted,Rail,Medium,Trial order
REQ01060,WST00272,C053,C021,667.26,2026-07-31,2026-08-09,93.75,Accepted,Road,Low,Price negotiation required
REQ01061,WST00272,C002,C021,182.19,2026-08-01,2026-08-18,78.67,Accepted,Road,High,Bulk procurement
REQ01062,WST00272,C025,C021,401.4,2026-06-02,2026-06-06,105.23,Cancelled,Road,Medium,Trial order
REQ01063,WST00273,C037,C021,906.49,2026-07-23,2026-08-02,266.88,Accepted,Road,Low,Long-term procurement
REQ01064,WST00273,C022,C021,533.74,2026-06-20,2026-06-26,252.2,Accepted,Sea,High,Price negotiation required
REQ01065,WST00273,C043,C021,492.48,2026-05-18,2026-05-21,249.57,Rejected,Road,Low,Need immediate pickup
REQ01066,WST00273,C060,C021,604.9,2026-05-18,2026-05-26,238.18,Accepted,Road,Low,No additional remarks
REQ01067,WST00273,C032,C021,385.03,2026-09-05,2026-09-20,258.46,Accepted,Road,Medium,Bulk procurement
REQ01068,WST00273,C028,C021,469.13,2026-08-13,2026-09-02,281.91,Rejected,Road,Low,Bulk procurement
REQ01069,WST00274,C043,C021,296.72,2026-06-01,2026-06-05,129.67,Accepted,Road,Low,Bulk procurement
REQ01070,WST00274,C018,C021,833.64,2026-06-30,2026-07-08,140.37,Accepted,Road,Low,Long-term procurement
REQ01071,WST00274,C010,C021,619.64,2026-05-19,2026-05-27,137.49,Accepted,Road,High,Need immediate pickup
REQ01072,WST00275,C045,C021,465.06,2026-08-01,2026-08-21,469.83,Rejected,Road,Medium,For recycling process
REQ01073,WST00275,C004,C021,151.37,2026-06-30,2026-07-12,513.94,Pending,Rail,Low,Price negotiation required
REQ01074,WST00275,C009,C021,486.35,2026-06-03,2026-06-16,444.55,Accepted,Sea,Medium,Need immediate pickup
REQ01075,WST00275,C050,C021,441.01,2026-06-20,2026-07-06,431.34,Accepted,Sea,Medium,Trial order
REQ01076,WST00276,C008,C022,3029.12,2026-08-08,2026-08-28,394.6,Accepted,Road,Low,Urgent production requirement
REQ01077,WST00276,C044,C022,2486.3,2026-08-21,2026-08-27,408.65,Pending,Road,Low,Price negotiation required
REQ01078,WST00276,C056,C022,2703.87,2026-09-09,2026-09-14,366.71,Pending,Road,High,Requested for pilot testing
REQ01079,WST00276,C024,C022,836.6,2026-06-18,2026-06-30,354.86,Accepted,Road,Low,Need immediate pickup
REQ01080,WST00276,C048,C022,3330.39,2026-08-01,2026-08-08,391.2,Rejected,Road,High,For recycling process
REQ01081,WST00277,C006,C022,368.98,2026-08-04,2026-08-19,320.65,Rejected,Road,Low,No additional remarks
REQ01082,WST00277,C019,C022,388.47,2026-08-05,2026-08-23,261.59,Accepted,Road,Medium,Urgent production requirement
REQ01083,WST00277,C042,C022,210.48,2026-06-15,2026-06-21,264.03,Accepted,Road,High,Long-term procurement
REQ01084,WST00278,C008,C022,2104.45,2026-08-03,2026-08-08,135.24,Accepted,Road,High,Need immediate pickup
REQ01085,WST00278,C025,C022,1033.37,2026-06-01,2026-06-08,129.7,Accepted,Rail,High,Trial order
REQ01086,WST00278,C033,C022,2528.93,2026-05-17,2026-05-30,162.81,Pending,Road,High,Requested as secondary raw material
REQ01087,WST00279,C020,C022,533.8,2026-07-14,2026-08-01,333.14,Accepted,Rail,Low,Requested for pilot testing
REQ01088,WST00279,C004,C022,319.33,2026-06-07,2026-06-23,304.55,Rejected,Road,Medium,Requested as secondary raw material
REQ01089,WST00280,C057,C022,1084.26,2026-07-17,2026-07-19,272.34,Rejected,Rail,Medium,For recycling process
REQ01090,WST00280,C012,C022,2137.96,2026-06-06,2026-06-20,304.06,Rejected,Rail,High,Bulk procurement
REQ01091,WST00280,C049,C022,1896.64,2026-06-16,2026-06-25,314.92,Accepted,Road,High,Requested for pilot testing
REQ01092,WST00281,C035,C022,815.8,2026-06-20,2026-07-03,284.96,Pending,Road,High,Requested for pilot testing
REQ01093,WST00281,C008,C022,1921.13,2026-09-11,2026-09-17,314.57,Pending,Road,Medium,Need immediate pickup
REQ01094,WST00281,C057,C022,2451.12,2026-08-09,2026-08-27,305.86,Accepted,Road,High,Need immediate pickup
REQ01095,WST00281,C015,C022,1697.13,2026-08-17,2026-08-26,280.7,Accepted,Road,Medium,No additional remarks
REQ01096,WST00282,C045,C022,2539.81,2026-08-02,2026-08-13,29.4,Rejected,Rail,Low,Bulk procurement
REQ01097,WST00282,C037,C022,2176.69,2026-07-20,2026-07-24,29.49,Accepted,Road,High,Trial order
REQ01098,WST00283,C028,C022,1951.57,2026-08-06,2026-08-10,33.61,Accepted,Road,High,Need immediate pickup
REQ01099,WST00283,C045,C022,2027.79,2026-08-30,2026-09-04,26.88,Pending,Rail,High,For recycling process
REQ01100,WST00283,C033,C022,1244.68,2026-08-18,2026-08-28,34.56,Accepted,Road,High,Requested for pilot testing
REQ01101,WST00283,C016,C022,558.65,2026-07-10,2026-07-21,32.87,Pending,Rail,Low,Requested for pilot testing
REQ01102,WST00284,C012,C022,702.31,2026-08-12,2026-08-19,68.57,Pending,Rail,Low,Need immediate pickup
REQ01103,WST00284,C014,C022,2284.69,2026-08-26,2026-09-11,66.62,Pending,Sea,Low,For recycling process
REQ01104,WST00285,C036,C022,1684.13,2026-08-03,2026-08-14,202.34,Accepted,Road,Medium,Bulk procurement
REQ01105,WST00285,C003,C022,2357.2,2026-09-11,2026-09-30,227.53,Accepted,Sea,Medium,Price negotiation required
REQ01106,WST00285,C049,C022,2026.64,2026-08-03,2026-08-06,216.23,Accepted,Sea,Low,Long-term procurement
REQ01107,WST00285,C048,C022,4576.84,2026-05-26,2026-06-11,236.89,Pending,Road,High,Price negotiation required
REQ01108,WST00285,C006,C022,1016.56,2026-06-28,2026-07-08,210.18,Accepted,Rail,High,For recycling process
REQ01109,WST00285,C006,C022,3421.34,2026-08-08,2026-08-19,232.2,Pending,Rail,High,For recycling process
REQ01110,WST00286,C013,C022,642.34,2026-09-07,2026-09-12,307.19,Rejected,Road,Low,Trial order
REQ01111,WST00286,C026,C022,303.53,2026-07-29,2026-08-01,352.15,Cancelled,Rail,Low,Urgent production requirement
REQ01112,WST00287,C025,C022,1499.54,2026-09-08,2026-09-25,376.73,Pending,Road,Medium,Requested as secondary raw material
REQ01113,WST00287,C031,C022,3911.74,2026-06-19,2026-06-22,373.9,Accepted,Road,High,Requested as secondary raw material
REQ01114,WST00287,C027,C022,4572.27,2026-05-31,2026-06-07,406.78,Pending,Road,Low,Trial order
REQ01115,WST00287,C019,C022,4657.52,2026-06-08,2026-06-19,346.89,Pending,Road,High,Need immediate pickup
REQ01116,WST00287,C039,C022,2582.8,2026-07-23,2026-07-26,371.16,Accepted,Road,High,Long-term procurement
REQ01117,WST00288,C042,C022,1025.94,2026-07-19,2026-07-22,195.35,Cancelled,Road,Low,Bulk procurement
REQ01118,WST00288,C056,C022,1981.06,2026-09-02,2026-09-10,181.74,Rejected,Road,Medium,Requested for pilot testing
REQ01119,WST00288,C020,C022,1906.65,2026-07-22,2026-08-08,179.91,Accepted,Road,Low,Price negotiation required
REQ01120,WST00288,C006,C022,1364.93,2026-08-01,2026-08-10,168.23,Cancelled,Rail,High,Requested for pilot testing
REQ01121,WST00289,C012,C022,1068.33,2026-08-11,2026-08-31,14.73,Rejected,Road,Medium,Requested as secondary raw material
REQ01122,WST00289,C039,C022,460.13,2026-07-07,2026-07-15,15.6,Accepted,Road,Low,Long-term procurement
REQ01123,WST00289,C055,C022,493.26,2026-06-01,2026-06-13,12.04,Accepted,Road,Medium,Bulk procurement
REQ01124,WST00289,C002,C022,1132.83,2026-08-26,2026-08-31,15.82,Rejected,Rail,High,Long-term procurement
REQ01125,WST00289,C027,C022,1088.52,2026-08-11,2026-08-28,11.9,Pending,Road,Medium,Price negotiation required
REQ01126,WST00290,C024,C022,2602.19,2026-07-14,2026-07-19,289.39,Rejected,Rail,Low,Bulk procurement
REQ01127,WST00290,C002,C022,2250.28,2026-09-01,2026-09-19,313.38,Accepted,Rail,Low,Long-term procurement
REQ01128,WST00290,C036,C022,975.91,2026-06-28,2026-07-15,291.63,Pending,Road,High,Long-term procurement
REQ01129,WST00290,C017,C022,1459.01,2026-08-14,2026-08-29,355.67,Accepted,Road,Low,No additional remarks
REQ01130,WST00290,C013,C022,972.73,2026-07-21,2026-07-28,333.3,Rejected,Rail,Medium,No additional remarks
REQ01131,WST00290,C030,C022,1052.33,2026-05-21,2026-05-25,350.04,Pending,Road,Medium,Requested as secondary raw material
REQ01132,WST00291,C028,C022,2813.86,2026-05-28,2026-06-04,240.01,Pending,Road,Medium,No additional remarks
REQ01133,WST00291,C059,C022,3713.37,2026-08-04,2026-08-22,222.81,Pending,Road,Medium,Need immediate pickup
REQ01134,WST00291,C048,C022,3337.56,2026-05-29,2026-06-13,204.68,Pending,Road,Low,Requested for pilot testing
REQ01135,WST00292,C053,C022,482.8,2026-05-24,2026-05-27,416.76,Accepted,Road,Medium,Urgent production requirement
REQ01136,WST00292,C023,C022,625.23,2026-09-09,2026-09-21,335.99,Pending,Road,Medium,Urgent production requirement
REQ01137,WST00293,C048,C022,1213.0,2026-07-26,2026-08-06,246.14,Rejected,Road,High,Trial order
REQ01138,WST00293,C045,C022,984.28,2026-09-11,2026-09-20,226.27,Pending,Road,Low,Requested as secondary raw material
REQ01139,WST00294,C014,C022,1583.29,2026-06-08,2026-06-14,289.79,Rejected,Sea,Low,Need immediate pickup
REQ01140,WST00294,C015,C022,633.57,2026-08-23,2026-09-11,285.79,Pending,Road,High,Bulk procurement
REQ01141,WST00294,C007,C022,831.06,2026-05-22,2026-06-06,332.03,Rejected,Rail,High,Need immediate pickup
REQ01142,WST00294,C051,C022,1075.4,2026-08-11,2026-08-14,271.08,Accepted,Road,Medium,Requested for pilot testing
REQ01143,WST00294,C024,C022,456.45,2026-09-03,2026-09-21,266.58,Accepted,Road,Medium,Requested as secondary raw material
REQ01144,WST00295,C007,C022,3901.41,2026-06-11,2026-06-26,33.88,Rejected,Sea,Medium,Bulk procurement
REQ01145,WST00295,C053,C022,992.64,2026-07-05,2026-07-15,44.18,Pending,Rail,Medium,Requested as secondary raw material
REQ01146,WST00295,C032,C022,3505.85,2026-06-30,2026-07-14,44.92,Accepted,Sea,Low,For recycling process
REQ01147,WST00296,C020,C022,2283.58,2026-06-04,2026-06-16,102.94,Pending,Road,Medium,Urgent production requirement
REQ01148,WST00296,C034,C022,2483.7,2026-08-15,2026-08-24,115.62,Pending,Sea,Low,Requested for pilot testing
REQ01149,WST00296,C041,C022,2710.84,2026-07-03,2026-07-13,124.36,Pending,Rail,Medium,Long-term procurement
REQ01150,WST00296,C044,C022,1778.98,2026-08-18,2026-08-31,105.28,Cancelled,Road,Low,Requested for pilot testing
REQ01151,WST00297,C026,C022,870.99,2026-09-12,2026-09-16,124.27,Accepted,Rail,High,Trial order
REQ01152,WST00297,C042,C022,3035.85,2026-09-11,2026-09-15,111.12,Accepted,Road,Medium,Need immediate pickup
REQ01153,WST00297,C027,C022,1109.16,2026-06-17,2026-07-03,115.71,Pending,Road,Low,Price negotiation required
REQ01154,WST00297,C016,C022,2143.15,2026-07-02,2026-07-05,112.75,Accepted,Road,Low,Requested for pilot testing
REQ01155,WST00297,C027,C022,936.64,2026-09-01,2026-09-05,140.95,Cancelled,Rail,Medium,Long-term procurement
REQ01156,WST00298,C039,C022,383.5,2026-07-25,2026-07-29,346.4,Accepted,Sea,Low,Requested as secondary raw material
REQ01157,WST00298,C004,C022,547.17,2026-08-03,2026-08-23,331.97,Accepted,Road,High,Bulk procurement
REQ01158,WST00298,C045,C022,298.22,2026-09-10,2026-09-24,311.33,Accepted,Road,Medium,Need immediate pickup
REQ01159,WST00299,C037,C022,1387.05,2026-07-07,2026-07-24,90.91,Pending,Road,Medium,Urgent production requirement
REQ01160,WST00299,C039,C022,898.8,2026-06-17,2026-07-05,87.09,Pending,Road,High,Long-term procurement
REQ01161,WST00299,C055,C022,1442.1,2026-09-02,2026-09-11,75.68,Rejected,Road,High,Long-term procurement
REQ01162,WST00299,C004,C022,782.24,2026-08-23,2026-08-30,93.1,Pending,Rail,Medium,Requested for pilot testing
REQ01163,WST00299,C005,C022,1342.86,2026-07-18,2026-07-30,89.53,Accepted,Rail,High,Bulk procurement
REQ01164,WST00300,C044,C023,2363.41,2026-08-03,2026-08-17,218.58,Rejected,Rail,High,Price negotiation required
REQ01165,WST00300,C029,C023,1759.99,2026-06-07,2026-06-12,235.6,Accepted,Rail,High,Need immediate pickup
REQ01166,WST00300,C020,C023,2188.0,2026-07-21,2026-07-23,216.65,Accepted,Road,High,Price negotiation required
REQ01167,WST00301,C058,C023,1471.48,2026-05-23,2026-06-03,140.26,Rejected,Road,Low,Long-term procurement
REQ01168,WST00301,C038,C023,2135.57,2026-06-29,2026-07-12,169.35,Pending,Rail,Low,Need immediate pickup
REQ01169,WST00301,C012,C023,2476.9,2026-08-13,2026-08-28,179.62,Rejected,Rail,Low,Urgent production requirement
REQ01170,WST00301,C029,C023,864.78,2026-09-12,2026-09-14,142.64,Accepted,Road,High,No additional remarks
REQ01171,WST00301,C053,C023,905.05,2026-06-26,2026-07-09,175.9,Accepted,Rail,High,Urgent production requirement
REQ01172,WST00302,C030,C023,2776.67,2026-09-01,2026-09-14,329.9,Accepted,Road,Medium,For recycling process
REQ01173,WST00302,C054,C023,1784.83,2026-07-14,2026-07-25,266.56,Pending,Road,Low,For recycling process
REQ01174,WST00302,C003,C023,1197.1,2026-07-01,2026-07-03,311.19,Rejected,Road,Medium,Price negotiation required
REQ01175,WST00302,C012,C023,2243.01,2026-07-23,2026-07-26,320.59,Pending,Road,High,Requested for pilot testing
REQ01176,WST00303,C017,C023,2311.49,2026-07-13,2026-07-15,293.1,Cancelled,Road,Medium,Price negotiation required
REQ01177,WST00303,C056,C023,4740.83,2026-06-25,2026-07-09,299.92,Accepted,Road,High,For recycling process
REQ01178,WST00304,C048,C023,1251.74,2026-05-30,2026-06-01,479.03,Pending,Road,Low,Price negotiation required
REQ01179,WST00304,C024,C023,604.69,2026-08-15,2026-08-20,451.5,Pending,Rail,Medium,Bulk procurement
REQ01180,WST00304,C004,C023,1995.4,2026-08-14,2026-08-21,501.37,Pending,Road,Medium,Need immediate pickup
REQ01181,WST00304,C051,C023,732.61,2026-07-24,2026-08-03,483.38,Accepted,Road,High,Requested as secondary raw material
REQ01182,WST00305,C011,C023,618.05,2026-07-19,2026-07-28,350.9,Pending,Road,Medium,Trial order
REQ01183,WST00305,C056,C023,623.2,2026-08-13,2026-08-15,365.65,Pending,Road,Low,Price negotiation required
REQ01184,WST00305,C003,C023,474.75,2026-07-07,2026-07-22,456.86,Pending,Road,High,Price negotiation required
REQ01185,WST00305,C057,C023,367.49,2026-07-04,2026-07-09,373.07,Accepted,Rail,High,Long-term procurement
REQ01186,WST00306,C019,C023,1114.61,2026-07-26,2026-07-28,397.52,Pending,Road,Medium,Price negotiation required
REQ01187,WST00306,C048,C023,421.67,2026-07-27,2026-08-08,491.8,Accepted,Rail,Low,No additional remarks
REQ01188,WST00307,C025,C023,952.68,2026-08-07,2026-08-09,440.01,Accepted,Road,High,No additional remarks
REQ01189,WST00307,C002,C023,1837.34,2026-07-16,2026-07-27,336.03,Accepted,Road,High,Long-term procurement
REQ01190,WST00307,C050,C023,1185.32,2026-07-10,2026-07-23,393.63,Accepted,Road,Medium,Long-term procurement
REQ01191,WST00307,C047,C023,443.9,2026-06-17,2026-07-03,359.49,Cancelled,Road,Medium,Urgent production requirement
REQ01192,WST00307,C011,C023,1696.23,2026-08-21,2026-09-10,391.89,Rejected,Road,Medium,Long-term procurement
REQ01193,WST00307,C010,C023,1350.1,2026-08-26,2026-08-31,379.72,Pending,Road,Low,Need immediate pickup
REQ01194,WST00308,C046,C023,1307.94,2026-05-21,2026-06-04,398.96,Rejected,Sea,Low,Bulk procurement
REQ01195,WST00308,C025,C023,692.17,2026-07-14,2026-07-23,440.95,Pending,Rail,Low,Bulk procurement
REQ01196,WST00308,C037,C023,971.34,2026-07-08,2026-07-20,362.46,Pending,Road,Low,Trial order
REQ01197,WST00309,C044,C023,1338.91,2026-07-01,2026-07-03,406.85,Rejected,Road,Low,Need immediate pickup
REQ01198,WST00309,C020,C023,1243.18,2026-05-19,2026-06-05,321.67,Cancelled,Road,High,Urgent production requirement
REQ01199,WST00309,C014,C023,1615.62,2026-09-09,2026-09-29,382.69,Rejected,Rail,Low,Requested for pilot testing
REQ01200,WST00309,C054,C023,2070.68,2026-06-07,2026-06-15,375.38,Accepted,Rail,Medium,Long-term procurement
REQ01201,WST00309,C057,C023,1047.37,2026-08-04,2026-08-14,371.0,Accepted,Rail,Low,Requested for pilot testing
REQ01202,WST00310,C053,C024,268.13,2026-06-14,2026-07-02,368.59,Rejected,Road,Low,Trial order
REQ01203,WST00310,C059,C024,182.67,2026-06-20,2026-07-06,337.4,Pending,Road,Medium,Requested for pilot testing
REQ01204,WST00310,C003,C024,440.79,2026-09-08,2026-09-10,324.01,Accepted,Sea,Medium,Price negotiation required
REQ01205,WST00311,C060,C024,1573.56,2026-06-17,2026-06-28,378.88,Accepted,Road,Medium,For recycling process
REQ01206,WST00311,C015,C024,1307.2,2026-07-06,2026-07-08,446.6,Pending,Rail,Medium,Requested for pilot testing
REQ01207,WST00312,C046,C024,667.49,2026-07-31,2026-08-19,202.71,Accepted,Rail,Medium,Price negotiation required
REQ01208,WST00312,C051,C024,251.76,2026-07-28,2026-08-15,185.27,Pending,Road,High,Requested for pilot testing
REQ01209,WST00312,C001,C024,847.62,2026-06-10,2026-06-28,181.6,Pending,Road,Medium,Price negotiation required
REQ01210,WST00312,C056,C024,712.13,2026-06-11,2026-06-18,192.45,Accepted,Sea,High,Trial order
REQ01211,WST00312,C046,C024,532.07,2026-07-13,2026-07-15,212.3,Rejected,Road,High,Requested as secondary raw material
REQ01212,WST00312,C009,C024,692.29,2026-05-28,2026-05-31,177.64,Cancelled,Rail,High,For recycling process
REQ01213,WST00313,C045,C024,600.22,2026-08-22,2026-08-26,23.07,Accepted,Road,Low,Long-term procurement
REQ01214,WST00313,C042,C024,181.2,2026-09-07,2026-09-18,27.4,Pending,Road,Medium,Trial order
REQ01215,WST00313,C034,C024,506.35,2026-07-19,2026-07-22,29.06,Cancelled,Rail,High,Requested for pilot testing
REQ01216,WST00313,C018,C024,439.13,2026-07-08,2026-07-17,27.77,Accepted,Road,High,Requested for pilot testing
REQ01217,WST00314,C036,C024,2225.15,2026-06-05,2026-06-16,126.85,Rejected,Road,High,Bulk procurement
REQ01218,WST00314,C052,C024,702.15,2026-07-10,2026-07-30,121.6,Cancelled,Road,Low,Requested for pilot testing
REQ01219,WST00314,C025,C024,2981.77,2026-07-10,2026-07-18,115.54,Accepted,Road,Low,Bulk procurement
REQ01220,WST00314,C027,C024,2287.91,2026-08-06,2026-08-22,139.23,Rejected,Sea,Medium,Price negotiation required
REQ01221,WST00314,C002,C024,2862.27,2026-06-16,2026-07-05,118.89,Rejected,Road,High,For recycling process
REQ01222,WST00314,C053,C024,711.26,2026-08-18,2026-09-02,129.39,Accepted,Road,Low,Bulk procurement
REQ01223,WST00315,C053,C024,3794.5,2026-07-30,2026-08-11,94.22,Accepted,Road,Low,Bulk procurement
REQ01224,WST00315,C020,C024,1537.1,2026-06-12,2026-06-27,110.34,Pending,Road,Low,Bulk procurement
REQ01225,WST00315,C054,C024,1666.53,2026-06-17,2026-07-03,104.28,Accepted,Rail,Medium,Need immediate pickup
REQ01226,WST00315,C005,C024,1418.31,2026-08-12,2026-08-17,95.02,Pending,Rail,High,Requested for pilot testing
REQ01227,WST00315,C002,C024,2480.04,2026-08-15,2026-09-04,87.95,Rejected,Road,High,Requested as secondary raw material
REQ01228,WST00315,C060,C024,807.33,2026-07-30,2026-08-18,94.58,Pending,Road,Medium,Requested for pilot testing
REQ01229,WST00316,C009,C024,952.89,2026-06-30,2026-07-08,64.84,Accepted,Road,Medium,Long-term procurement
REQ01230,WST00316,C006,C024,1379.43,2026-08-06,2026-08-11,64.08,Accepted,Road,Low,For recycling process
REQ01231,WST00316,C056,C024,455.7,2026-06-05,2026-06-11,66.66,Accepted,Road,High,Requested for pilot testing
REQ01232,WST00317,C051,C024,1114.23,2026-09-01,2026-09-06,82.81,Accepted,Road,High,Trial order
REQ01233,WST00317,C013,C024,1299.42,2026-08-10,2026-08-22,67.01,Pending,Road,High,Bulk procurement
REQ01234,WST00318,C028,C024,2934.67,2026-07-12,2026-07-14,57.27,Pending,Road,Medium,Urgent production requirement
REQ01235,WST00318,C010,C024,2368.59,2026-06-14,2026-07-02,65.17,Rejected,Sea,Low,Requested for pilot testing
REQ01236,WST00318,C012,C024,2858.69,2026-07-02,2026-07-12,57.03,Cancelled,Rail,High,Need immediate pickup
REQ01237,WST00318,C052,C024,1132.72,2026-05-21,2026-06-09,55.95,Accepted,Road,High,Requested for pilot testing
REQ01238,WST00318,C009,C024,1406.02,2026-06-01,2026-06-10,50.7,Accepted,Rail,Low,Bulk procurement
REQ01239,WST00318,C041,C024,1257.41,2026-08-01,2026-08-05,61.28,Pending,Road,High,Urgent production requirement
REQ01240,WST00319,C008,C024,403.81,2026-06-19,2026-06-28,338.7,Pending,Rail,Low,Requested as secondary raw material
REQ01241,WST00319,C042,C024,196.84,2026-08-09,2026-08-13,425.88,Accepted,Road,Low,Long-term procurement
REQ01242,WST00319,C054,C024,261.61,2026-09-07,2026-09-12,412.15,Cancelled,Road,Low,For recycling process
REQ01243,WST00319,C041,C024,407.28,2026-08-04,2026-08-16,398.25,Pending,Road,Medium,Urgent production requirement
REQ01244,WST00319,C010,C024,139.6,2026-08-27,2026-09-16,390.68,Rejected,Road,Low,Long-term procurement
REQ01245,WST00320,C026,C024,201.5,2026-07-05,2026-07-19,449.74,Accepted,Road,Medium,Trial order
REQ01246,WST00320,C045,C024,282.97,2026-07-18,2026-08-06,430.81,Cancelled,Road,High,Urgent production requirement
REQ01247,WST00320,C016,C024,139.25,2026-05-19,2026-05-21,508.27,Cancelled,Road,Low,No additional remarks
REQ01248,WST00320,C019,C024,178.11,2026-07-22,2026-08-08,466.11,Pending,Rail,Low,Bulk procurement
REQ01249,WST00321,C023,C024,1378.73,2026-09-10,2026-09-24,447.51,Accepted,Road,Medium,Requested for pilot testing
REQ01250,WST00321,C058,C024,637.68,2026-07-31,2026-08-07,514.83,Accepted,Road,Medium,No additional remarks
REQ01251,WST00322,C042,C024,1569.15,2026-06-21,2026-07-09,62.35,Pending,Road,Medium,Price negotiation required
REQ01252,WST00322,C004,C024,813.34,2026-07-30,2026-08-16,64.1,Pending,Sea,Low,Requested for pilot testing
REQ01253,WST00322,C059,C024,1234.71,2026-09-04,2026-09-12,73.23,Pending,Road,Low,Need immediate pickup
REQ01254,WST00322,C010,C024,338.58,2026-08-01,2026-08-12,63.42,Pending,Road,Low,Bulk procurement
REQ01255,WST00322,C013,C024,388.34,2026-05-24,2026-06-01,57.47,Cancelled,Road,High,Trial order
REQ01256,WST00323,C057,C024,3872.14,2026-08-01,2026-08-16,424.27,Pending,Rail,Low,Requested for pilot testing
REQ01257,WST00323,C060,C024,4270.35,2026-08-03,2026-08-13,358.57,Pending,Road,Medium,Requested for pilot testing
REQ01258,WST00323,C006,C024,3791.78,2026-06-26,2026-07-13,385.16,Pending,Road,Medium,Price negotiation required
REQ01259,WST00323,C001,C024,3513.01,2026-08-07,2026-08-12,379.14,Pending,Road,Low,Trial order
REQ01260,WST00323,C003,C024,3664.55,2026-06-09,2026-06-22,419.42,Cancelled,Rail,Low,Requested for pilot testing
REQ01261,WST00324,C008,C024,234.14,2026-06-16,2026-06-28,201.91,Accepted,Road,High,Requested as secondary raw material
REQ01262,WST00324,C042,C024,598.91,2026-08-17,2026-08-23,215.92,Accepted,Rail,Low,Requested as secondary raw material
REQ01263,WST00325,C050,C024,1466.34,2026-08-22,2026-08-28,149.01,Accepted,Road,Medium,No additional remarks
REQ01264,WST00325,C050,C024,3698.84,2026-05-24,2026-05-29,128.56,Pending,Road,Medium,Bulk procurement
REQ01265,WST00325,C028,C024,1957.72,2026-06-26,2026-07-08,125.56,Pending,Road,Low,Requested for pilot testing
REQ01266,WST00325,C060,C024,2099.37,2026-08-30,2026-09-10,157.35,Accepted,Road,Medium,Urgent production requirement
REQ01267,WST00325,C027,C024,3029.06,2026-07-19,2026-07-26,135.16,Rejected,Road,Low,Long-term procurement
REQ01268,WST00326,C013,C024,2539.58,2026-08-05,2026-08-15,291.92,Rejected,Road,High,Urgent production requirement
REQ01269,WST00326,C060,C024,4504.31,2026-09-10,2026-09-15,327.44,Rejected,Sea,Medium,Urgent production requirement
REQ01270,WST00326,C022,C024,2832.36,2026-09-04,2026-09-22,280.93,Cancelled,Road,High,Long-term procurement
REQ01271,WST00326,C017,C024,4034.35,2026-09-08,2026-09-10,295.0,Accepted,Rail,High,Long-term procurement
REQ01272,WST00327,C002,C024,2302.5,2026-05-28,2026-06-07,276.91,Accepted,Road,High,Need immediate pickup
REQ01273,WST00327,C048,C024,3599.28,2026-08-05,2026-08-10,226.21,Accepted,Rail,Low,Trial order
REQ01274,WST00327,C033,C024,2190.97,2026-09-11,2026-09-21,281.63,Accepted,Road,High,Price negotiation required
REQ01275,WST00327,C039,C024,2975.87,2026-08-12,2026-08-20,224.37,Accepted,Road,High,Urgent production requirement
REQ01276,WST00328,C038,C024,1664.96,2026-07-19,2026-07-26,500.46,Rejected,Sea,High,For recycling process
REQ01277,WST00328,C025,C024,3552.63,2026-09-10,2026-09-15,444.12,Pending,Rail,Medium,Urgent production requirement
REQ01278,WST00328,C016,C024,1223.63,2026-08-19,2026-09-02,478.81,Pending,Road,Medium,Requested as secondary raw material
REQ01279,WST00329,C047,C024,3518.5,2026-07-12,2026-07-16,261.87,Pending,Road,Low,Long-term procurement
REQ01280,WST00329,C049,C024,4107.81,2026-08-12,2026-08-14,255.25,Pending,Rail,Medium,Requested for pilot testing
REQ01281,WST00330,C013,C024,4320.74,2026-09-02,2026-09-05,531.76,Accepted,Road,Medium,For recycling process
REQ01282,WST00330,C018,C024,1150.6,2026-06-05,2026-06-18,434.51,Accepted,Road,Low,Trial order
REQ01283,WST00330,C019,C024,2267.85,2026-06-16,2026-06-23,421.27,Accepted,Road,Low,Requested for pilot testing
REQ01284,WST00331,C026,C024,3632.72,2026-07-15,2026-07-27,336.13,Pending,Road,Medium,Requested as secondary raw material
REQ01285,WST00331,C041,C024,2307.47,2026-07-19,2026-07-23,286.38,Rejected,Sea,Medium,Long-term procurement
REQ01286,WST00331,C027,C024,1032.74,2026-06-02,2026-06-19,356.74,Accepted,Road,High,Bulk procurement
REQ01287,WST00332,C015,C025,194.53,2026-06-26,2026-07-11,505.3,Pending,Sea,Medium,For recycling process
REQ01288,WST00332,C003,C025,394.81,2026-07-24,2026-08-08,520.75,Cancelled,Road,Low,Requested as secondary raw material
REQ01289,WST00333,C029,C025,3051.1,2026-07-22,2026-08-02,253.22,Pending,Road,High,No additional remarks
REQ01290,WST00333,C034,C025,1186.29,2026-09-11,2026-09-14,275.6,Accepted,Road,Low,Bulk procurement
REQ01291,WST00334,C033,C025,1028.75,2026-08-23,2026-08-25,356.8,Rejected,Road,Medium,Requested for pilot testing
REQ01292,WST00334,C045,C025,1679.98,2026-07-02,2026-07-21,338.8,Accepted,Sea,High,No additional remarks
REQ01293,WST00334,C017,C025,1533.33,2026-09-12,2026-09-21,364.81,Accepted,Road,Medium,Trial order
REQ01294,WST00334,C034,C025,1527.62,2026-09-04,2026-09-11,319.35,Cancelled,Road,High,No additional remarks
REQ01295,WST00335,C031,C025,2046.39,2026-05-31,2026-06-12,73.96,Cancelled,Road,Medium,Need immediate pickup
REQ01296,WST00335,C026,C025,2650.97,2026-09-08,2026-09-16,67.05,Pending,Road,High,Long-term procurement
REQ01297,WST00335,C026,C025,2720.37,2026-08-10,2026-08-29,76.55,Accepted,Road,Medium,Bulk procurement
REQ01298,WST00335,C047,C025,1440.02,2026-06-30,2026-07-19,69.27,Pending,Sea,High,No additional remarks
REQ01299,WST00336,C047,C025,1597.51,2026-07-02,2026-07-18,347.52,Pending,Rail,High,Urgent production requirement
REQ01300,WST00336,C015,C025,2509.3,2026-07-29,2026-08-05,359.92,Accepted,Rail,Medium,Need immediate pickup
REQ01301,WST00336,C060,C025,3107.86,2026-08-25,2026-09-07,365.93,Rejected,Road,Low,Requested as secondary raw material
REQ01302,WST00336,C024,C025,2012.11,2026-07-12,2026-07-14,330.8,Pending,Sea,Medium,Requested for pilot testing
REQ01303,WST00336,C022,C025,2331.94,2026-05-23,2026-06-10,297.71,Pending,Rail,Medium,Urgent production requirement
REQ01304,WST00336,C007,C025,1104.89,2026-05-31,2026-06-11,290.74,Accepted,Road,High,Urgent production requirement
REQ01305,WST00337,C003,C025,1038.83,2026-06-23,2026-07-02,401.71,Rejected,Rail,Medium,Requested for pilot testing
REQ01306,WST00337,C033,C025,3807.26,2026-06-01,2026-06-05,443.14,Cancelled,Road,Medium,Trial order
REQ01307,WST00337,C037,C025,3959.84,2026-06-25,2026-07-04,426.58,Pending,Road,Low,Requested for pilot testing
REQ01308,WST00337,C019,C025,3311.63,2026-06-14,2026-06-21,426.98,Rejected,Road,High,For recycling process
REQ01309,WST00338,C060,C025,104.17,2026-06-24,2026-07-12,80.65,Accepted,Road,High,Urgent production requirement
REQ01310,WST00338,C060,C025,327.22,2026-07-04,2026-07-17,90.28,Pending,Rail,Medium,Trial order
REQ01311,WST00338,C042,C025,178.08,2026-08-17,2026-09-04,85.05,Pending,Road,Medium,No additional remarks
REQ01312,WST00339,C020,C025,1910.87,2026-08-18,2026-08-24,119.82,Accepted,Rail,High,Price negotiation required
REQ01313,WST00339,C013,C025,1595.08,2026-05-24,2026-06-01,126.07,Pending,Rail,High,Need immediate pickup
REQ01314,WST00339,C016,C025,635.13,2026-05-21,2026-06-06,135.34,Pending,Road,High,Bulk procurement
REQ01315,WST00339,C048,C025,1098.89,2026-06-17,2026-07-06,134.19,Accepted,Rail,Medium,Price negotiation required
REQ01316,WST00339,C059,C025,666.96,2026-05-26,2026-06-04,134.72,Accepted,Rail,Low,Requested for pilot testing
REQ01317,WST00339,C048,C025,1193.73,2026-09-03,2026-09-05,142.83,Accepted,Road,Low,No additional remarks
REQ01318,WST00340,C039,C025,1952.2,2026-07-31,2026-08-14,39.17,Accepted,Road,Medium,Bulk procurement
REQ01319,WST00340,C029,C025,978.03,2026-09-01,2026-09-10,39.76,Cancelled,Road,Medium,Price negotiation required
REQ01320,WST00340,C044,C025,3082.9,2026-08-24,2026-08-29,36.69,Pending,Road,Low,Bulk procurement
REQ01321,WST00340,C037,C025,2842.42,2026-06-23,2026-07-08,39.98,Pending,Road,Low,Requested for pilot testing
REQ01322,WST00340,C060,C025,3825.77,2026-06-05,2026-06-18,39.43,Accepted,Road,Low,Requested as secondary raw material
REQ01323,WST00340,C053,C025,4403.13,2026-06-14,2026-06-26,36.44,Accepted,Road,High,Urgent production requirement
REQ01324,WST00341,C007,C025,1057.35,2026-08-26,2026-09-02,304.56,Accepted,Sea,Low,Urgent production requirement
REQ01325,WST00341,C047,C025,299.31,2026-06-04,2026-06-19,259.98,Accepted,Sea,Medium,Long-term procurement
REQ01326,WST00341,C027,C025,670.73,2026-06-29,2026-07-18,327.72,Rejected,Road,Low,Requested for pilot testing
REQ01327,WST00341,C015,C025,644.35,2026-08-10,2026-08-23,324.7,Cancelled,Sea,Low,For recycling process
REQ01328,WST00341,C019,C025,715.94,2026-08-19,2026-08-22,325.19,Pending,Road,Low,Price negotiation required
REQ01329,WST00341,C008,C025,589.85,2026-07-09,2026-07-17,318.57,Accepted,Road,Low,Need immediate pickup
REQ01330,WST00342,C050,C025,426.8,2026-08-10,2026-08-27,379.32,Pending,Rail,Low,Trial order
REQ01331,WST00342,C022,C025,551.48,2026-08-07,2026-08-15,379.11,Pending,Road,Low,Urgent production requirement
REQ01332,WST00342,C052,C025,544.14,2026-08-17,2026-08-22,376.95,Pending,Road,High,No additional remarks
REQ01333,WST00342,C060,C025,359.34,2026-08-09,2026-08-13,376.28,Pending,Road,Medium,No additional remarks
REQ01334,WST00342,C033,C025,494.43,2026-06-18,2026-06-28,289.1,Accepted,Road,Low,Requested as secondary raw material
REQ01335,WST00342,C022,C025,230.63,2026-05-17,2026-05-28,298.09,Pending,Road,High,Need immediate pickup
REQ01336,WST00343,C015,C025,187.99,2026-06-30,2026-07-09,178.06,Accepted,Rail,High,No additional remarks
REQ01337,WST00343,C059,C025,357.26,2026-06-10,2026-06-22,201.32,Pending,Road,High,Long-term procurement
REQ01338,WST00343,C001,C025,134.57,2026-08-03,2026-08-16,188.62,Accepted,Sea,High,Long-term procurement
REQ01339,WST00343,C002,C025,390.02,2026-05-18,2026-06-01,195.51,Accepted,Rail,High,Need immediate pickup
REQ01340,WST00343,C008,C025,90.41,2026-07-30,2026-08-16,210.07,Rejected,Road,High,No additional remarks
REQ01341,WST00343,C024,C025,389.49,2026-07-27,2026-07-29,214.61,Accepted,Road,Low,Price negotiation required
REQ01342,WST00344,C022,C025,79.65,2026-08-02,2026-08-17,51.3,Rejected,Road,High,Urgent production requirement
REQ01343,WST00344,C022,C025,284.74,2026-08-12,2026-08-26,45.21,Pending,Road,Low,Price negotiation required
REQ01344,WST00344,C040,C025,82.61,2026-08-24,2026-09-01,49.51,Accepted,Road,Low,Price negotiation required
REQ01345,WST00344,C041,C025,223.06,2026-06-08,2026-06-13,49.21,Pending,Road,High,Trial order
REQ01346,WST00344,C007,C025,78.75,2026-05-22,2026-05-29,53.97,Rejected,Road,Medium,Trial order
REQ01347,WST00344,C052,C025,194.88,2026-08-27,2026-09-01,54.57,Accepted,Road,Medium,Urgent production requirement
REQ01348,WST00345,C001,C025,2408.55,2026-08-07,2026-08-25,255.07,Accepted,Road,High,Bulk procurement
REQ01349,WST00345,C033,C025,2030.03,2026-08-13,2026-08-22,226.19,Pending,Sea,Low,Need immediate pickup
REQ01350,WST00345,C030,C025,1129.47,2026-08-22,2026-09-03,234.24,Pending,Road,Low,Need immediate pickup
REQ01351,WST00345,C049,C025,1369.02,2026-06-12,2026-06-14,220.41,Accepted,Sea,Medium,No additional remarks
REQ01352,WST00345,C044,C025,804.18,2026-08-15,2026-08-19,221.56,Pending,Road,Medium,Need immediate pickup
REQ01353,WST00345,C001,C025,1031.82,2026-08-08,2026-08-27,277.33,Accepted,Road,Medium,Trial order
REQ01354,WST00346,C058,C025,631.4,2026-06-17,2026-06-20,163.43,Pending,Road,Low,Long-term procurement
REQ01355,WST00346,C054,C025,1477.98,2026-05-26,2026-06-05,165.68,Accepted,Road,Low,Long-term procurement
REQ01356,WST00347,C007,C025,218.1,2026-07-12,2026-07-29,247.3,Rejected,Rail,Medium,Price negotiation required
REQ01357,WST00347,C021,C025,136.64,2026-08-09,2026-08-20,267.43,Accepted,Road,Low,Price negotiation required
REQ01358,WST00347,C006,C025,376.02,2026-08-20,2026-08-29,266.63,Cancelled,Road,Medium,Long-term procurement
REQ01359,WST00347,C054,C025,116.32,2026-07-19,2026-07-21,259.41,Pending,Road,Medium,Requested for pilot testing
REQ01360,WST00347,C052,C025,192.14,2026-08-05,2026-08-09,236.51,Rejected,Road,Medium,Trial order
REQ01361,WST00347,C053,C025,391.4,2026-08-08,2026-08-18,270.64,Rejected,Road,High,For recycling process
REQ01362,WST00348,C028,C025,2260.41,2026-08-02,2026-08-12,351.71,Accepted,Road,Low,Need immediate pickup
REQ01363,WST00348,C039,C025,2018.54,2026-06-24,2026-07-11,292.07,Pending,Sea,Medium,Bulk procurement
REQ01364,WST00349,C023,C025,884.36,2026-07-06,2026-07-25,215.26,Accepted,Rail,Medium,Bulk procurement
REQ01365,WST00349,C036,C025,3520.02,2026-08-05,2026-08-20,211.87,Accepted,Road,Medium,Bulk procurement
REQ01366,WST00349,C020,C025,1275.17,2026-06-29,2026-07-17,170.77,Accepted,Rail,Medium,For recycling process
REQ01367,WST00349,C028,C025,1591.42,2026-08-27,2026-09-10,188.88,Accepted,Rail,High,Price negotiation required
REQ01368,WST00349,C060,C025,2246.27,2026-06-03,2026-06-21,175.0,Pending,Road,Low,Bulk procurement
REQ01369,WST00350,C039,C026,1066.69,2026-07-13,2026-07-29,121.59,Pending,Sea,High,Requested as secondary raw material
REQ01370,WST00350,C046,C026,1335.83,2026-07-11,2026-07-20,126.93,Rejected,Road,Medium,Long-term procurement
REQ01371,WST00350,C020,C026,704.7,2026-07-12,2026-07-23,132.35,Pending,Road,Medium,No additional remarks
REQ01372,WST00350,C030,C026,1568.45,2026-08-15,2026-08-31,124.44,Rejected,Road,Low,Requested for pilot testing
REQ01373,WST00351,C025,C026,789.36,2026-06-28,2026-07-16,16.82,Rejected,Road,Low,Bulk procurement
REQ01374,WST00351,C032,C026,465.17,2026-06-30,2026-07-08,18.01,Accepted,Road,Low,Requested for pilot testing
REQ01375,WST00352,C043,C026,2788.72,2026-06-15,2026-06-21,60.21,Accepted,Sea,High,No additional remarks
REQ01376,WST00352,C040,C026,3696.88,2026-06-29,2026-07-08,61.44,Accepted,Road,High,Urgent production requirement
REQ01377,WST00352,C015,C026,1926.73,2026-09-01,2026-09-05,57.31,Accepted,Rail,Medium,Long-term procurement
REQ01378,WST00353,C051,C026,2131.51,2026-07-11,2026-07-16,139.11,Cancelled,Road,Medium,Requested as secondary raw material
REQ01379,WST00353,C046,C026,1589.12,2026-08-18,2026-09-01,122.49,Accepted,Road,Low,For recycling process
REQ01380,WST00353,C038,C026,1110.15,2026-07-12,2026-07-25,113.54,Pending,Road,Low,Requested for pilot testing
REQ01381,WST00354,C004,C026,665.33,2026-06-27,2026-07-16,135.7,Accepted,Road,Medium,Need immediate pickup
REQ01382,WST00354,C033,C026,1961.99,2026-07-25,2026-08-02,165.87,Rejected,Road,Low,Trial order
REQ01383,WST00355,C051,C026,840.29,2026-09-05,2026-09-23,228.88,Pending,Road,High,Urgent production requirement
REQ01384,WST00355,C047,C026,585.75,2026-07-05,2026-07-25,210.97,Pending,Road,Medium,No additional remarks
REQ01385,WST00355,C007,C026,572.3,2026-08-14,2026-09-01,173.39,Accepted,Road,Medium,Urgent production requirement
REQ01386,WST00356,C056,C026,2352.96,2026-06-15,2026-06-25,268.96,Pending,Rail,Medium,For recycling process
REQ01387,WST00356,C040,C026,2378.5,2026-08-20,2026-08-30,211.74,Pending,Road,Medium,No additional remarks
REQ01388,WST00356,C001,C026,1048.62,2026-09-03,2026-09-05,269.26,Pending,Road,Low,For recycling process
REQ01389,WST00356,C042,C026,567.75,2026-06-30,2026-07-18,268.61,Pending,Rail,Medium,Urgent production requirement
REQ01390,WST00356,C008,C026,1251.93,2026-05-28,2026-06-13,205.56,Pending,Road,Medium,Requested as secondary raw material
REQ01391,WST00357,C044,C026,460.44,2026-09-04,2026-09-22,68.02,Pending,Sea,High,Price negotiation required
REQ01392,WST00357,C042,C026,1078.78,2026-07-17,2026-08-04,57.2,Rejected,Road,Low,Bulk procurement
REQ01393,WST00357,C007,C026,1395.6,2026-05-20,2026-06-07,64.94,Pending,Road,Low,Need immediate pickup
REQ01394,WST00357,C027,C026,496.06,2026-07-15,2026-07-18,54.59,Accepted,Road,Medium,Need immediate pickup
REQ01395,WST00358,C035,C026,305.22,2026-08-22,2026-08-28,46.38,Accepted,Road,Low,Trial order
REQ01396,WST00358,C034,C026,294.19,2026-08-29,2026-09-18,58.93,Cancelled,Road,Medium,Trial order
REQ01397,WST00359,C020,C026,4067.25,2026-06-06,2026-06-12,333.35,Accepted,Road,High,Need immediate pickup
REQ01398,WST00359,C022,C026,3795.89,2026-08-30,2026-09-09,384.38,Pending,Sea,Medium,Long-term procurement
REQ01399,WST00359,C045,C026,2147.56,2026-06-21,2026-06-25,347.31,Pending,Road,Medium,Bulk procurement
REQ01400,WST00359,C046,C026,2094.51,2026-08-27,2026-08-29,319.66,Accepted,Sea,High,Bulk procurement
REQ01401,WST00360,C030,C026,787.33,2026-07-26,2026-08-06,199.08,Accepted,Rail,Medium,No additional remarks
REQ01402,WST00360,C058,C026,907.0,2026-08-13,2026-08-19,190.41,Accepted,Road,Medium,Bulk procurement
REQ01403,WST00360,C057,C026,749.2,2026-06-14,2026-06-26,159.97,Accepted,Road,Medium,Long-term procurement
REQ01404,WST00361,C034,C026,2315.17,2026-08-09,2026-08-27,468.33,Pending,Road,Medium,Need immediate pickup
REQ01405,WST00361,C060,C026,2625.11,2026-09-12,2026-09-25,444.51,Rejected,Road,High,Price negotiation required
REQ01406,WST00361,C003,C026,1708.26,2026-08-24,2026-09-09,452.47,Rejected,Rail,High,Trial order
REQ01407,WST00361,C005,C026,1281.07,2026-08-01,2026-08-09,533.74,Pending,Road,High,No additional remarks
REQ01408,WST00361,C021,C026,1701.99,2026-09-05,2026-09-19,493.46,Pending,Rail,Low,Urgent production requirement
REQ01409,WST00362,C011,C026,651.72,2026-08-20,2026-08-25,105.71,Accepted,Sea,High,Bulk procurement
REQ01410,WST00362,C050,C026,932.57,2026-09-04,2026-09-21,123.09,Pending,Road,Medium,For recycling process
REQ01411,WST00363,C052,C026,428.04,2026-07-17,2026-07-22,152.2,Pending,Rail,Medium,Urgent production requirement
REQ01412,WST00363,C005,C026,417.92,2026-09-07,2026-09-19,185.48,Accepted,Sea,Medium,Price negotiation required
REQ01413,WST00363,C022,C026,1035.15,2026-09-03,2026-09-20,183.25,Pending,Rail,High,Requested as secondary raw material
REQ01414,WST00364,C016,C026,909.4,2026-07-20,2026-07-24,507.7,Rejected,Sea,Low,Need immediate pickup
REQ01415,WST00364,C053,C026,925.2,2026-07-27,2026-08-01,388.09,Accepted,Road,Medium,Requested as secondary raw material
REQ01416,WST00364,C039,C026,2561.14,2026-05-23,2026-06-09,447.17,Accepted,Road,High,Trial order
REQ01417,WST00364,C054,C026,1925.27,2026-06-25,2026-07-08,418.53,Rejected,Rail,High,For recycling process
REQ01418,WST00364,C054,C026,2919.26,2026-07-25,2026-08-13,405.44,Pending,Road,Medium,Need immediate pickup
REQ01419,WST00365,C011,C026,855.59,2026-07-02,2026-07-09,304.88,Pending,Road,Medium,Price negotiation required
REQ01420,WST00365,C002,C026,640.27,2026-07-03,2026-07-07,255.34,Pending,Road,High,Need immediate pickup
REQ01421,WST00365,C003,C026,1508.06,2026-09-01,2026-09-08,336.9,Cancelled,Road,Low,Urgent production requirement
REQ01422,WST00365,C022,C026,1226.33,2026-07-20,2026-08-05,302.48,Cancelled,Road,Low,Bulk procurement
REQ01423,WST00366,C028,C026,1436.43,2026-08-25,2026-09-13,117.7,Accepted,Road,High,No additional remarks
REQ01424,WST00366,C010,C026,3186.92,2026-08-22,2026-08-27,146.13,Pending,Road,Low,No additional remarks
REQ01425,WST00366,C020,C026,753.32,2026-05-23,2026-06-09,130.78,Cancelled,Road,High,Long-term procurement
REQ01426,WST00366,C037,C026,919.21,2026-07-06,2026-07-08,141.17,Pending,Road,Medium,Need immediate pickup
REQ01427,WST00366,C059,C026,1383.64,2026-07-27,2026-08-03,136.62,Cancelled,Rail,Low,Requested as secondary raw material
REQ01428,WST00366,C048,C026,1683.72,2026-08-27,2026-09-04,141.49,Cancelled,Road,Medium,Requested for pilot testing
REQ01429,WST00367,C022,C026,585.4,2026-07-13,2026-07-24,493.69,Rejected,Rail,High,Urgent production requirement
REQ01430,WST00367,C020,C026,735.37,2026-07-22,2026-08-05,474.2,Rejected,Road,Medium,Price negotiation required
REQ01431,WST00367,C059,C026,1050.34,2026-08-09,2026-08-23,537.75,Accepted,Road,Medium,No additional remarks
REQ01432,WST00367,C043,C026,733.9,2026-06-27,2026-07-05,465.67,Cancelled,Road,Low,Urgent production requirement
REQ01433,WST00368,C017,C026,1000.57,2026-09-08,2026-09-23,241.55,Pending,Rail,High,Trial order
REQ01434,WST00368,C057,C026,977.44,2026-07-05,2026-07-24,217.14,Pending,Road,Medium,Urgent production requirement
REQ01435,WST00368,C046,C026,2078.21,2026-05-26,2026-06-05,233.44,Pending,Road,Low,Requested as secondary raw material
REQ01436,WST00369,C021,C027,3382.68,2026-08-24,2026-09-13,157.98,Cancelled,Road,Low,For recycling process
REQ01437,WST00369,C006,C027,3706.02,2026-06-13,2026-06-15,163.71,Accepted,Road,Low,Need immediate pickup
REQ01438,WST00369,C026,C027,2563.68,2026-05-17,2026-06-05,129.26,Rejected,Rail,Medium,Urgent production requirement
REQ01439,WST00369,C033,C027,3656.6,2026-09-04,2026-09-13,145.51,Pending,Road,Medium,Urgent production requirement
REQ01440,WST00369,C028,C027,3405.68,2026-08-02,2026-08-08,129.1,Cancelled,Road,Low,Bulk procurement
REQ01441,WST00370,C048,C027,1488.15,2026-05-25,2026-06-12,210.15,Accepted,Sea,Low,No additional remarks
REQ01442,WST00370,C002,C027,4041.61,2026-06-04,2026-06-07,191.24,Accepted,Road,High,Requested as secondary raw material
REQ01443,WST00370,C024,C027,1390.52,2026-08-29,2026-09-17,191.0,Cancelled,Road,Medium,Urgent production requirement
REQ01444,WST00370,C009,C027,2616.64,2026-09-04,2026-09-07,195.86,Pending,Road,High,For recycling process
REQ01445,WST00370,C020,C027,1688.74,2026-05-23,2026-05-28,230.65,Pending,Road,High,Requested for pilot testing
REQ01446,WST00370,C046,C027,3224.05,2026-05-24,2026-05-27,193.02,Pending,Road,Medium,No additional remarks
REQ01447,WST00371,C060,C027,1051.49,2026-09-10,2026-09-16,299.14,Pending,Road,Low,Urgent production requirement
REQ01448,WST00371,C051,C027,4239.9,2026-08-26,2026-08-31,340.18,Accepted,Rail,Medium,Price negotiation required
REQ01449,WST00371,C010,C027,2500.05,2026-07-29,2026-07-31,366.23,Pending,Road,High,For recycling process
REQ01450,WST00372,C020,C027,234.93,2026-06-18,2026-06-27,467.91,Accepted,Road,High,Bulk procurement
REQ01451,WST00372,C037,C027,226.03,2026-08-31,2026-09-05,425.28,Pending,Road,High,No additional remarks
REQ01452,WST00372,C016,C027,152.67,2026-05-24,2026-06-03,374.6,Pending,Road,High,Long-term procurement
REQ01453,WST00372,C024,C027,133.39,2026-08-01,2026-08-17,367.88,Accepted,Road,High,Requested for pilot testing
REQ01454,WST00372,C058,C027,341.41,2026-07-05,2026-07-23,359.42,Accepted,Road,Low,Bulk procurement
REQ01455,WST00372,C032,C027,217.95,2026-08-19,2026-08-30,454.44,Accepted,Rail,Medium,Need immediate pickup
REQ01456,WST00373,C041,C027,2115.83,2026-07-14,2026-07-27,368.34,Accepted,Road,Low,Bulk procurement
REQ01457,WST00373,C057,C027,1905.08,2026-07-16,2026-07-30,435.59,Pending,Road,High,For recycling process
REQ01458,WST00373,C011,C027,2058.87,2026-06-10,2026-06-12,392.66,Pending,Road,Medium,For recycling process
REQ01459,WST00373,C022,C027,1685.09,2026-08-24,2026-08-31,464.29,Accepted,Road,Low,No additional remarks
REQ01460,WST00373,C006,C027,1788.47,2026-07-25,2026-08-14,436.97,Pending,Road,Low,Need immediate pickup
REQ01461,WST00373,C003,C027,1579.95,2026-09-10,2026-09-20,368.8,Accepted,Road,Medium,Trial order
REQ01462,WST00374,C010,C027,1285.81,2026-06-02,2026-06-13,411.0,Pending,Road,Medium,Bulk procurement
REQ01463,WST00374,C060,C027,3680.27,2026-06-02,2026-06-13,377.05,Pending,Rail,High,Requested as secondary raw material
REQ01464,WST00374,C001,C027,1163.51,2026-07-01,2026-07-12,410.67,Pending,Road,High,Bulk procurement
REQ01465,WST00374,C032,C027,2005.63,2026-06-25,2026-06-29,329.97,Pending,Road,High,Urgent production requirement
REQ01466,WST00374,C049,C027,3563.29,2026-08-29,2026-09-18,365.63,Pending,Road,Low,No additional remarks
REQ01467,WST00375,C018,C027,3014.83,2026-06-23,2026-06-27,228.38,Accepted,Rail,Medium,Need immediate pickup
REQ01468,WST00375,C029,C027,890.74,2026-07-29,2026-08-17,251.03,Rejected,Rail,High,For recycling process
REQ01469,WST00375,C009,C027,893.69,2026-06-16,2026-07-05,304.78,Rejected,Road,Medium,No additional remarks
REQ01470,WST00376,C050,C027,1095.11,2026-08-02,2026-08-20,509.64,Accepted,Road,Low,For recycling process
REQ01471,WST00376,C056,C027,4388.22,2026-08-08,2026-08-22,435.2,Pending,Sea,Low,Trial order
REQ01472,WST00376,C020,C027,2766.97,2026-06-04,2026-06-13,433.79,Cancelled,Sea,Low,No additional remarks
REQ01473,WST00377,C049,C027,196.87,2026-06-08,2026-06-10,350.58,Cancelled,Road,Medium,No additional remarks
REQ01474,WST00377,C050,C027,177.19,2026-06-28,2026-07-15,321.99,Accepted,Road,High,Need immediate pickup
REQ01475,WST00378,C017,C027,227.32,2026-06-01,2026-06-08,360.22,Rejected,Road,High,Requested for pilot testing
REQ01476,WST00378,C018,C027,652.57,2026-05-29,2026-06-18,390.09,Accepted,Rail,High,Trial order
REQ01477,WST00379,C041,C027,2231.71,2026-08-01,2026-08-18,302.72,Accepted,Rail,Low,Long-term procurement
REQ01478,WST00379,C028,C027,1494.55,2026-05-17,2026-05-21,261.51,Accepted,Rail,Low,Bulk procurement
REQ01479,WST00380,C039,C027,3910.29,2026-07-10,2026-07-22,175.53,Pending,Road,Low,Trial order
REQ01480,WST00380,C045,C027,3708.03,2026-06-25,2026-06-30,148.05,Accepted,Road,Medium,Requested as secondary raw material
REQ01481,WST00380,C020,C027,1058.39,2026-05-30,2026-06-05,175.57,Rejected,Sea,High,Long-term procurement
REQ01482,WST00381,C032,C027,1362.13,2026-07-11,2026-07-26,236.92,Pending,Road,High,Need immediate pickup
REQ01483,WST00381,C045,C027,1666.83,2026-08-17,2026-08-19,275.41,Pending,Road,High,Long-term procurement
REQ01484,WST00382,C039,C027,1285.89,2026-05-28,2026-06-04,310.39,Accepted,Road,Medium,No additional remarks
REQ01485,WST00382,C043,C027,850.09,2026-07-14,2026-07-29,336.75,Accepted,Road,Low,Requested for pilot testing
REQ01486,WST00382,C037,C027,2597.96,2026-09-11,2026-09-26,291.1,Pending,Road,Low,Price negotiation required
REQ01487,WST00382,C015,C027,1171.09,2026-06-21,2026-07-04,338.41,Rejected,Road,High,Price negotiation required
REQ01488,WST00382,C022,C027,2011.73,2026-07-02,2026-07-04,294.8,Accepted,Road,High,Urgent production requirement
REQ01489,WST00383,C045,C027,406.53,2026-09-06,2026-09-18,328.83,Accepted,Road,Medium,For recycling process
REQ01490,WST00383,C048,C027,259.59,2026-07-06,2026-07-18,296.0,Pending,Rail,Low,Urgent production requirement
REQ01491,WST00383,C016,C027,226.92,2026-08-12,2026-08-27,272.3,Pending,Rail,Low,Requested for pilot testing
REQ01492,WST00384,C018,C027,1683.43,2026-07-07,2026-07-15,104.15,Cancelled,Road,High,Requested for pilot testing
REQ01493,WST00384,C038,C027,2346.26,2026-07-22,2026-08-08,115.31,Pending,Road,Low,Bulk procurement
REQ01494,WST00384,C007,C027,2692.68,2026-05-18,2026-06-04,120.41,Pending,Road,Low,Need immediate pickup
REQ01495,WST00384,C028,C027,993.68,2026-08-10,2026-08-21,102.23,Rejected,Road,Low,Trial order
REQ01496,WST00385,C030,C027,103.8,2026-09-05,2026-09-18,457.94,Pending,Road,Medium,For recycling process
REQ01497,WST00385,C039,C027,137.75,2026-05-29,2026-06-09,461.51,Pending,Road,Low,Need immediate pickup
REQ01498,WST00385,C037,C027,152.35,2026-08-25,2026-09-12,531.22,Accepted,Sea,High,Price negotiation required
REQ01499,WST00386,C021,C027,3212.24,2026-07-30,2026-08-11,82.01,Cancelled,Sea,Low,Trial order
REQ01500,WST00386,C019,C027,1568.86,2026-08-18,2026-09-02,77.62,Pending,Sea,High,Trial order
REQ01501,WST00386,C041,C027,1508.7,2026-09-03,2026-09-12,86.45,Accepted,Road,High,Long-term procurement
REQ01502,WST00387,C046,C027,4013.79,2026-08-12,2026-08-23,98.68,Rejected,Road,Medium,Bulk procurement
REQ01503,WST00387,C007,C027,3391.36,2026-07-13,2026-07-20,114.86,Pending,Road,High,No additional remarks
REQ01504,WST00387,C055,C027,2034.48,2026-06-06,2026-06-24,115.98,Cancelled,Road,Low,Trial order
REQ01505,WST00387,C030,C027,4068.16,2026-08-25,2026-09-07,110.02,Accepted,Road,Medium,Price negotiation required
REQ01506,WST00387,C019,C027,2111.77,2026-09-02,2026-09-04,102.82,Accepted,Road,High,Price negotiation required
REQ01507,WST00387,C010,C027,3498.78,2026-08-26,2026-08-28,97.51,Pending,Rail,High,Price negotiation required
REQ01508,WST00388,C057,C027,1102.8,2026-06-11,2026-06-23,422.33,Pending,Rail,Medium,Urgent production requirement
REQ01509,WST00388,C021,C027,927.84,2026-05-26,2026-05-28,405.25,Pending,Rail,Medium,Need immediate pickup
REQ01510,WST00389,C006,C027,826.24,2026-06-27,2026-07-16,293.9,Rejected,Road,High,Urgent production requirement
REQ01511,WST00389,C009,C027,740.12,2026-07-07,2026-07-20,302.63,Accepted,Road,Low,Bulk procurement
REQ01512,WST00389,C012,C027,309.8,2026-08-23,2026-08-26,243.75,Rejected,Road,High,Need immediate pickup
REQ01513,WST00389,C043,C027,362.07,2026-08-14,2026-08-29,324.41,Pending,Road,Low,Need immediate pickup
REQ01514,WST00389,C049,C027,494.5,2026-08-16,2026-08-19,262.37,Cancelled,Road,High,Trial order
REQ01515,WST00390,C016,C027,3971.06,2026-06-07,2026-06-19,279.4,Accepted,Sea,Low,For recycling process
REQ01516,WST00390,C036,C027,3336.13,2026-07-07,2026-07-17,246.68,Pending,Sea,Low,Urgent production requirement
REQ01517,WST00390,C045,C027,2986.19,2026-08-22,2026-09-02,272.72,Pending,Road,Medium,Urgent production requirement
REQ01518,WST00390,C054,C027,4211.32,2026-06-10,2026-06-24,213.24,Cancelled,Road,Medium,Requested as secondary raw material
REQ01519,WST00391,C011,C027,1184.03,2026-08-29,2026-09-03,125.68,Accepted,Road,High,Long-term procurement
REQ01520,WST00391,C060,C027,3594.28,2026-06-20,2026-06-22,128.83,Accepted,Road,Low,Requested as secondary raw material
REQ01521,WST00391,C011,C027,1597.15,2026-06-02,2026-06-14,115.03,Cancelled,Road,Medium,Urgent production requirement
REQ01522,WST00391,C024,C027,3117.76,2026-09-08,2026-09-24,114.07,Accepted,Road,Low,No additional remarks
REQ01523,WST00392,C033,C027,891.73,2026-06-08,2026-06-18,66.04,Pending,Road,Medium,For recycling process
REQ01524,WST00392,C022,C027,382.63,2026-08-29,2026-09-17,53.9,Cancelled,Road,Low,Long-term procurement
REQ01525,WST00392,C050,C027,828.31,2026-06-10,2026-06-24,57.92,Pending,Road,High,Urgent production requirement
REQ01526,WST00392,C009,C027,1006.3,2026-07-22,2026-07-25,63.29,Accepted,Rail,Low,Trial order
REQ01527,WST00392,C023,C027,556.13,2026-06-14,2026-06-21,67.35,Rejected,Rail,Medium,No additional remarks
REQ01528,WST00392,C037,C027,483.23,2026-07-16,2026-08-04,61.28,Accepted,Road,High,Requested for pilot testing
REQ01529,WST00393,C045,C027,2789.05,2026-07-20,2026-08-07,552.61,Pending,Road,High,Price negotiation required
REQ01530,WST00393,C057,C027,2747.86,2026-06-30,2026-07-20,458.56,Accepted,Sea,Low,Requested as secondary raw material
REQ01531,WST00393,C001,C027,2337.88,2026-07-20,2026-08-05,532.95,Accepted,Sea,High,Requested as secondary raw material
REQ01532,WST00393,C045,C027,2355.07,2026-07-15,2026-07-25,521.43,Rejected,Road,Medium,Trial order
REQ01533,WST00394,C039,C027,1487.06,2026-09-03,2026-09-23,361.52,Accepted,Rail,High,Bulk procurement
REQ01534,WST00394,C023,C027,1507.56,2026-06-03,2026-06-19,368.56,Accepted,Road,Medium,For recycling process
REQ01535,WST00394,C040,C027,1328.7,2026-08-16,2026-08-22,404.15,Accepted,Rail,Medium,Requested as secondary raw material
REQ01536,WST00394,C023,C027,1382.36,2026-08-19,2026-08-26,435.15,Accepted,Sea,Low,Need immediate pickup
REQ01537,WST00394,C055,C027,2447.06,2026-06-05,2026-06-23,459.51,Pending,Road,Low,Requested for pilot testing
REQ01538,WST00395,C017,C027,142.13,2026-07-27,2026-08-15,385.16,Rejected,Road,High,Bulk procurement
REQ01539,WST00395,C028,C027,480.47,2026-08-02,2026-08-12,345.39,Rejected,Road,Low,Requested for pilot testing
REQ01540,WST00395,C018,C027,542.1,2026-09-01,2026-09-04,382.22,Pending,Rail,High,Trial order
REQ01541,WST00395,C022,C027,314.65,2026-06-18,2026-06-27,305.57,Accepted,Road,Low,For recycling process
REQ01542,WST00395,C014,C027,423.33,2026-08-12,2026-08-26,308.73,Pending,Sea,Low,No additional remarks
REQ01543,WST00396,C013,C027,507.94,2026-05-27,2026-05-31,234.35,Pending,Road,Medium,Requested as secondary raw material
REQ01544,WST00396,C023,C027,1187.11,2026-08-28,2026-09-05,203.18,Accepted,Rail,Low,Need immediate pickup
REQ01545,WST00396,C055,C027,686.48,2026-06-11,2026-07-01,263.07,Pending,Rail,Medium,Urgent production requirement
REQ01546,WST00396,C058,C027,1418.44,2026-06-07,2026-06-10,254.64,Accepted,Rail,High,Bulk procurement
REQ01547,WST00396,C041,C027,1495.35,2026-09-06,2026-09-09,245.98,Pending,Road,High,Requested as secondary raw material
REQ01548,WST00397,C045,C027,1892.65,2026-06-23,2026-06-30,247.26,Accepted,Sea,Low,Trial order
REQ01549,WST00397,C045,C027,936.9,2026-06-16,2026-07-03,284.9,Accepted,Road,High,For recycling process
REQ01550,WST00397,C032,C027,1799.39,2026-08-20,2026-09-08,271.88,Rejected,Road,High,Price negotiation required
REQ01551,WST00397,C056,C027,2467.39,2026-06-20,2026-07-09,266.13,Pending,Road,High,Requested as secondary raw material
REQ01552,WST00398,C042,C027,393.33,2026-07-11,2026-07-15,235.41,Accepted,Road,Medium,Requested as secondary raw material
REQ01553,WST00398,C009,C027,696.74,2026-06-09,2026-06-22,226.45,Accepted,Road,High,Long-term procurement
REQ01554,WST00398,C009,C027,1045.52,2026-07-06,2026-07-09,212.38,Accepted,Road,Medium,Long-term procurement
REQ01555,WST00398,C025,C027,886.34,2026-06-10,2026-06-24,217.32,Accepted,Road,Medium,Requested as secondary raw material
REQ01556,WST00399,C045,C028,299.47,2026-07-10,2026-07-17,136.75,Cancelled,Road,High,Trial order
REQ01557,WST00399,C059,C028,359.21,2026-08-06,2026-08-19,139.16,Accepted,Road,Medium,Urgent production requirement
REQ01558,WST00400,C055,C028,4405.23,2026-06-13,2026-06-28,290.93,Cancelled,Rail,Medium,Bulk procurement
REQ01559,WST00400,C034,C028,3891.07,2026-06-18,2026-06-29,281.29,Rejected,Road,Low,Requested for pilot testing
REQ01560,WST00400,C001,C028,4032.36,2026-08-19,2026-08-24,264.11,Rejected,Road,Medium,Need immediate pickup
REQ01561,WST00401,C031,C028,1334.08,2026-07-04,2026-07-22,210.81,Rejected,Road,Medium,For recycling process
REQ01562,WST00401,C059,C028,653.22,2026-07-07,2026-07-22,239.72,Rejected,Road,High,No additional remarks
REQ01563,WST00401,C056,C028,689.44,2026-09-02,2026-09-09,260.48,Pending,Road,Low,For recycling process
REQ01564,WST00401,C058,C028,1251.35,2026-05-28,2026-06-17,217.07,Pending,Road,Medium,Need immediate pickup
REQ01565,WST00401,C035,C028,910.69,2026-06-26,2026-06-29,270.85,Pending,Road,Medium,Requested for pilot testing
REQ01566,WST00401,C019,C028,1652.82,2026-08-30,2026-09-10,251.09,Accepted,Road,Low,Need immediate pickup
REQ01567,WST00402,C016,C028,3172.83,2026-06-03,2026-06-12,390.73,Rejected,Road,Low,Need immediate pickup
REQ01568,WST00402,C017,C028,1910.19,2026-07-08,2026-07-16,383.34,Pending,Road,Medium,Requested for pilot testing
REQ01569,WST00403,C006,C028,971.01,2026-08-11,2026-08-19,17.01,Cancelled,Road,Medium,Price negotiation required
REQ01570,WST00403,C040,C028,546.08,2026-08-14,2026-09-01,17.86,Accepted,Road,Medium,No additional remarks
REQ01571,WST00404,C024,C028,786.53,2026-07-28,2026-07-30,264.59,Pending,Road,High,Need immediate pickup
REQ01572,WST00404,C002,C028,1095.26,2026-08-26,2026-09-02,288.42,Pending,Rail,High,Need immediate pickup
REQ01573,WST00404,C059,C028,476.32,2026-06-15,2026-06-29,317.08,Cancelled,Road,Medium,Urgent production requirement
REQ01574,WST00404,C046,C028,445.48,2026-06-07,2026-06-26,262.45,Pending,Rail,Low,Long-term procurement
REQ01575,WST00404,C001,C028,1060.69,2026-08-11,2026-08-22,311.6,Accepted,Rail,Medium,No additional remarks
REQ01576,WST00405,C007,C028,1432.74,2026-07-18,2026-08-06,384.12,Pending,Road,High,Urgent production requirement
REQ01577,WST00405,C043,C028,4544.71,2026-06-09,2026-06-14,373.45,Rejected,Rail,High,Need immediate pickup
REQ01578,WST00406,C057,C028,1189.84,2026-07-23,2026-08-12,407.14,Accepted,Road,Medium,Requested as secondary raw material
REQ01579,WST00406,C050,C028,531.33,2026-06-15,2026-06-17,418.11,Accepted,Road,High,Bulk procurement
REQ01580,WST00406,C031,C028,1148.05,2026-06-07,2026-06-14,422.35,Accepted,Road,Low,Long-term procurement
REQ01581,WST00407,C031,C028,2727.8,2026-06-15,2026-06-30,94.46,Accepted,Road,Low,Need immediate pickup
REQ01582,WST00407,C015,C028,2277.95,2026-05-25,2026-06-13,94.96,Rejected,Road,Low,Long-term procurement
REQ01583,WST00407,C043,C028,3085.78,2026-06-30,2026-07-18,114.54,Pending,Rail,Low,Requested for pilot testing
REQ01584,WST00407,C030,C028,2294.61,2026-09-01,2026-09-09,114.61,Accepted,Road,High,Requested as secondary raw material
REQ01585,WST00407,C053,C028,2319.79,2026-08-30,2026-09-18,118.29,Accepted,Road,Low,For recycling process
REQ01586,WST00407,C059,C028,1256.17,2026-08-07,2026-08-16,99.97,Accepted,Road,High,No additional remarks
REQ01587,WST00408,C051,C028,870.42,2026-07-19,2026-07-27,135.47,Cancelled,Road,Low,Need immediate pickup
REQ01588,WST00408,C044,C028,2355.93,2026-05-21,2026-05-30,114.69,Pending,Road,Medium,Bulk procurement
REQ01589,WST00408,C009,C028,1655.36,2026-07-08,2026-07-23,145.27,Rejected,Road,High,Requested as secondary raw material
REQ01590,WST00408,C030,C028,2373.23,2026-08-16,2026-08-22,118.64,Accepted,Road,High,Urgent production requirement
REQ01591,WST00409,C032,C028,2716.81,2026-07-11,2026-07-25,73.74,Accepted,Road,Low,Trial order
REQ01592,WST00409,C006,C028,3117.96,2026-09-12,2026-10-01,64.2,Accepted,Road,Low,Bulk procurement
REQ01593,WST00410,C060,C028,2446.63,2026-08-02,2026-08-14,251.13,Pending,Road,Medium,Price negotiation required
REQ01594,WST00410,C001,C028,765.98,2026-07-05,2026-07-24,296.85,Pending,Sea,Medium,Price negotiation required
REQ01595,WST00410,C020,C028,2569.57,2026-06-26,2026-07-06,250.06,Pending,Road,Medium,Requested for pilot testing
REQ01596,WST00410,C059,C028,1199.27,2026-08-12,2026-08-17,313.28,Rejected,Road,Medium,Trial order
REQ01597,WST00410,C041,C028,2942.22,2026-05-22,2026-06-10,279.2,Accepted,Road,Low,Need immediate pickup
REQ01598,WST00410,C052,C028,1719.94,2026-08-25,2026-09-10,305.33,Accepted,Road,Medium,Price negotiation required
REQ01599,WST00411,C016,C028,1129.12,2026-07-11,2026-07-31,155.14,Pending,Road,Medium,Urgent production requirement
REQ01600,WST00411,C030,C028,846.54,2026-09-05,2026-09-20,192.7,Pending,Rail,Medium,Trial order
REQ01601,WST00411,C027,C028,1757.36,2026-07-14,2026-07-23,179.07,Pending,Rail,Low,Requested for pilot testing
REQ01602,WST00411,C053,C028,2316.34,2026-05-31,2026-06-19,190.51,Pending,Sea,High,For recycling process
REQ01603,WST00411,C011,C028,2309.46,2026-08-23,2026-09-10,146.7,Pending,Road,Low,For recycling process
REQ01604,WST00412,C019,C028,1116.96,2026-07-22,2026-07-29,49.39,Pending,Road,High,Requested for pilot testing
REQ01605,WST00412,C025,C028,824.83,2026-09-08,2026-09-21,41.4,Rejected,Road,High,Price negotiation required
REQ01606,WST00412,C040,C028,970.92,2026-07-29,2026-08-02,45.89,Accepted,Road,High,Requested for pilot testing
REQ01607,WST00412,C058,C028,1149.02,2026-06-14,2026-07-03,46.52,Accepted,Rail,Medium,Urgent production requirement
REQ01608,WST00412,C013,C028,492.49,2026-08-17,2026-08-24,44.17,Pending,Road,High,Long-term procurement
REQ01609,WST00412,C008,C028,957.88,2026-08-22,2026-08-24,51.06,Accepted,Sea,High,For recycling process
REQ01610,WST00413,C025,C028,2019.79,2026-09-09,2026-09-16,97.84,Pending,Road,Low,Requested as secondary raw material
REQ01611,WST00413,C039,C028,1989.98,2026-07-26,2026-08-15,84.65,Pending,Road,High,Requested as secondary raw material
REQ01612,WST00413,C041,C028,3055.48,2026-09-08,2026-09-27,103.69,Rejected,Road,High,Urgent production requirement
REQ01613,WST00413,C040,C028,4208.81,2026-05-23,2026-05-28,93.79,Accepted,Road,High,Long-term procurement
REQ01614,WST00413,C036,C028,3974.01,2026-05-18,2026-05-29,105.62,Accepted,Rail,Medium,No additional remarks
REQ01615,WST00413,C045,C028,3638.28,2026-09-11,2026-09-29,83.35,Pending,Rail,Medium,Urgent production requirement
REQ01616,WST00414,C042,C028,1402.83,2026-07-17,2026-07-22,291.75,Cancelled,Road,High,Long-term procurement
REQ01617,WST00414,C030,C028,432.2,2026-08-01,2026-08-07,341.9,Accepted,Road,High,No additional remarks
REQ01618,WST00414,C049,C028,1077.25,2026-07-26,2026-07-31,348.92,Pending,Road,High,Bulk procurement
REQ01619,WST00414,C026,C028,1131.64,2026-07-12,2026-07-20,335.9,Cancelled,Road,Medium,For recycling process
REQ01620,WST00415,C051,C028,162.98,2026-07-11,2026-07-27,250.48,Accepted,Road,High,Need immediate pickup
REQ01621,WST00415,C009,C028,69.56,2026-06-21,2026-07-05,234.02,Accepted,Road,High,Requested as secondary raw material
REQ01622,WST00415,C018,C028,96.1,2026-09-02,2026-09-19,230.14,Accepted,Rail,High,Long-term procurement
REQ01623,WST00415,C053,C028,154.05,2026-08-13,2026-08-18,254.08,Accepted,Road,High,Requested for pilot testing
REQ01624,WST00415,C035,C028,81.67,2026-07-22,2026-08-11,239.65,Accepted,Sea,Medium,No additional remarks
REQ01625,WST00416,C022,C028,159.78,2026-07-10,2026-07-14,17.48,Pending,Road,Low,Urgent production requirement
REQ01626,WST00416,C039,C028,392.01,2026-06-09,2026-06-17,17.28,Accepted,Rail,High,Long-term procurement
REQ01627,WST00417,C004,C028,679.83,2026-08-21,2026-08-25,460.37,Pending,Road,Medium,Long-term procurement
REQ01628,WST00417,C031,C028,2725.22,2026-07-09,2026-07-11,386.3,Accepted,Sea,High,Requested as secondary raw material
REQ01629,WST00417,C023,C028,2361.5,2026-07-05,2026-07-19,365.42,Accepted,Road,Medium,For recycling process
REQ01630,WST00417,C048,C028,2130.59,2026-08-03,2026-08-19,423.94,Cancelled,Road,Medium,Bulk procurement
REQ01631,WST00418,C008,C028,1394.84,2026-05-16,2026-06-01,427.64,Pending,Road,High,Trial order
REQ01632,WST00418,C045,C028,3994.56,2026-05-17,2026-06-05,419.01,Accepted,Road,High,Need immediate pickup
REQ01633,WST00418,C053,C028,1320.82,2026-09-08,2026-09-16,425.37,Rejected,Road,High,For recycling process
REQ01634,WST00418,C057,C028,1834.31,2026-09-11,2026-09-14,417.95,Rejected,Road,High,Long-term procurement
REQ01635,WST00418,C052,C028,3388.35,2026-07-25,2026-08-01,383.44,Pending,Road,High,Long-term procurement
REQ01636,WST00419,C048,C028,2182.94,2026-06-26,2026-07-02,418.55,Rejected,Road,Medium,No additional remarks
REQ01637,WST00419,C021,C028,2416.12,2026-05-17,2026-06-02,375.54,Accepted,Road,High,Bulk procurement
REQ01638,WST00419,C009,C028,2542.57,2026-07-26,2026-08-09,445.69,Accepted,Road,Medium,No additional remarks
REQ01639,WST00419,C046,C028,2152.39,2026-08-21,2026-09-04,429.16,Rejected,Rail,Low,Requested for pilot testing
REQ01640,WST00419,C058,C028,1394.73,2026-08-26,2026-09-09,354.91,Pending,Road,Low,Trial order
REQ01641,WST00420,C034,C028,4130.81,2026-08-31,2026-09-12,445.83,Rejected,Road,Medium,Price negotiation required
REQ01642,WST00420,C045,C028,2022.2,2026-06-29,2026-07-16,391.93,Pending,Sea,High,Trial order
REQ01643,WST00420,C044,C028,1156.65,2026-06-16,2026-06-30,382.61,Cancelled,Road,High,For recycling process
REQ01644,WST00420,C009,C028,1452.32,2026-05-27,2026-06-04,464.75,Accepted,Rail,Low,Urgent production requirement
REQ01645,WST00420,C035,C028,2623.26,2026-05-28,2026-06-16,476.28,Accepted,Road,Low,No additional remarks
REQ01646,WST00420,C051,C028,1740.16,2026-06-03,2026-06-13,379.46,Accepted,Rail,Medium,Trial order
REQ01647,WST00421,C024,C029,285.18,2026-08-14,2026-08-30,378.18,Accepted,Sea,Low,Urgent production requirement
REQ01648,WST00421,C039,C029,602.23,2026-06-22,2026-07-10,394.05,Pending,Rail,Low,Bulk procurement
REQ01649,WST00422,C042,C029,3983.78,2026-05-19,2026-06-04,250.48,Pending,Road,Low,For recycling process
REQ01650,WST00422,C043,C029,3737.81,2026-08-30,2026-09-11,288.46,Rejected,Road,Medium,No additional remarks
REQ01651,WST00423,C002,C029,1146.04,2026-06-30,2026-07-18,139.11,Accepted,Road,Low,Urgent production requirement
REQ01652,WST00423,C024,C029,2003.15,2026-06-15,2026-06-17,169.71,Accepted,Road,High,Requested as secondary raw material
REQ01653,WST00423,C043,C029,3986.27,2026-05-17,2026-06-02,129.45,Pending,Rail,Low,No additional remarks
REQ01654,WST00423,C021,C029,1402.99,2026-09-10,2026-09-13,143.86,Accepted,Road,Medium,Requested for pilot testing
REQ01655,WST00424,C057,C029,152.78,2026-07-05,2026-07-18,524.77,Pending,Road,Low,For recycling process
REQ01656,WST00424,C026,C029,382.71,2026-05-22,2026-06-04,447.86,Rejected,Road,Medium,No additional remarks
REQ01657,WST00425,C030,C029,1444.22,2026-08-28,2026-09-07,385.54,Pending,Rail,Medium,Long-term procurement
REQ01658,WST00425,C021,C029,742.89,2026-08-20,2026-09-09,461.03,Pending,Road,High,Bulk procurement
REQ01659,WST00425,C047,C029,1264.53,2026-07-20,2026-08-03,429.4,Rejected,Road,Medium,Urgent production requirement
REQ01660,WST00425,C052,C029,1816.32,2026-07-06,2026-07-08,438.42,Pending,Road,Low,No additional remarks
REQ01661,WST00425,C027,C029,892.25,2026-05-17,2026-05-31,444.89,Rejected,Rail,Medium,For recycling process
REQ01662,WST00425,C042,C029,1002.05,2026-08-23,2026-08-26,442.11,Accepted,Road,Medium,Trial order
REQ01663,WST00426,C042,C029,934.74,2026-08-13,2026-08-26,428.48,Pending,Road,Low,Requested for pilot testing
REQ01664,WST00426,C015,C029,3372.37,2026-07-30,2026-08-06,329.11,Rejected,Road,High,Long-term procurement
REQ01665,WST00426,C050,C029,1320.8,2026-09-05,2026-09-21,408.35,Rejected,Road,Low,Requested for pilot testing
REQ01666,WST00426,C059,C029,945.94,2026-05-22,2026-06-11,349.08,Cancelled,Road,Low,No additional remarks
REQ01667,WST00426,C050,C029,3885.25,2026-05-29,2026-06-07,351.99,Pending,Road,High,Bulk procurement
REQ01668,WST00427,C015,C029,963.02,2026-06-06,2026-06-16,323.02,Rejected,Road,High,Requested as secondary raw material
REQ01669,WST00427,C051,C029,1255.65,2026-05-20,2026-05-26,326.14,Pending,Road,High,Urgent production requirement
REQ01670,WST00427,C030,C029,691.58,2026-06-28,2026-07-04,329.11,Accepted,Sea,High,Requested for pilot testing
REQ01671,WST00428,C007,C029,2855.6,2026-05-20,2026-05-27,313.5,Rejected,Road,Medium,Price negotiation required
REQ01672,WST00428,C023,C029,1842.59,2026-09-10,2026-09-28,349.36,Cancelled,Road,Low,Urgent production requirement
REQ01673,WST00428,C015,C029,2186.31,2026-05-31,2026-06-05,273.14,Rejected,Rail,Medium,For recycling process
REQ01674,WST00429,C004,C029,768.91,2026-08-11,2026-08-25,74.58,Pending,Road,High,For recycling process
REQ01675,WST00429,C035,C029,2205.39,2026-06-04,2026-06-14,76.56,Cancelled,Sea,High,Price negotiation required
REQ01676,WST00429,C023,C029,2901.41,2026-07-05,2026-07-21,80.19,Cancelled,Sea,High,Urgent production requirement
REQ01677,WST00429,C031,C029,2879.84,2026-08-04,2026-08-17,69.38,Pending,Road,Medium,Requested as secondary raw material
REQ01678,WST00430,C034,C029,3380.41,2026-08-09,2026-08-23,142.67,Pending,Sea,Medium,Trial order
REQ01679,WST00430,C055,C029,850.49,2026-06-14,2026-06-30,156.53,Pending,Road,High,For recycling process
REQ01680,WST00430,C025,C029,2630.91,2026-06-13,2026-06-29,156.25,Accepted,Road,High,No additional remarks
REQ01681,WST00431,C041,C029,1588.18,2026-05-31,2026-06-03,246.84,Pending,Sea,High,Long-term procurement
REQ01682,WST00431,C020,C029,658.98,2026-07-05,2026-07-25,327.22,Cancelled,Road,High,No additional remarks
REQ01683,WST00431,C046,C029,1754.77,2026-09-03,2026-09-16,312.63,Pending,Road,High,Requested as secondary raw material
REQ01684,WST00431,C011,C029,2392.72,2026-06-16,2026-06-21,328.67,Rejected,Rail,Low,Trial order
REQ01685,WST00431,C047,C029,1857.99,2026-07-06,2026-07-14,263.57,Accepted,Road,High,Urgent production requirement
REQ01686,WST00431,C015,C029,1709.91,2026-08-06,2026-08-25,312.33,Pending,Road,High,Long-term procurement
REQ01687,WST00432,C018,C029,1938.29,2026-05-21,2026-06-08,431.02,Rejected,Road,High,Price negotiation required
REQ01688,WST00432,C044,C029,3467.52,2026-07-07,2026-07-22,512.33,Rejected,Rail,Medium,Requested as secondary raw material
REQ01689,WST00433,C008,C029,3388.66,2026-08-06,2026-08-12,171.24,Pending,Road,Low,Requested for pilot testing
REQ01690,WST00433,C019,C029,2470.49,2026-08-10,2026-08-29,164.87,Cancelled,Rail,Medium,Price negotiation required
REQ01691,WST00433,C037,C029,2564.45,2026-09-10,2026-09-12,214.59,Pending,Road,Low,Trial order
REQ01692,WST00433,C019,C029,3976.29,2026-07-27,2026-08-02,201.83,Cancelled,Road,Medium,Need immediate pickup
REQ01693,WST00433,C024,C029,2189.88,2026-05-26,2026-06-03,203.06,Accepted,Road,Low,Requested as secondary raw material
REQ01694,WST00434,C028,C029,795.05,2026-09-06,2026-09-08,438.15,Rejected,Rail,Low,Price negotiation required
REQ01695,WST00434,C020,C029,294.01,2026-07-22,2026-08-06,555.91,Accepted,Rail,Medium,Requested as secondary raw material
REQ01696,WST00435,C057,C029,537.56,2026-06-27,2026-07-10,55.07,Accepted,Road,High,Requested for pilot testing
REQ01697,WST00435,C036,C029,224.86,2026-07-03,2026-07-17,58.77,Accepted,Rail,Low,Need immediate pickup
REQ01698,WST00435,C046,C029,595.25,2026-07-31,2026-08-08,49.83,Accepted,Road,Low,Urgent production requirement
REQ01699,WST00435,C044,C029,882.71,2026-06-29,2026-07-16,58.38,Cancelled,Road,High,Long-term procurement
REQ01700,WST00436,C047,C029,82.06,2026-05-21,2026-06-06,25.41,Accepted,Rail,High,For recycling process
REQ01701,WST00436,C019,C029,147.34,2026-06-19,2026-06-23,21.23,Pending,Road,High,Bulk procurement
REQ01702,WST00437,C017,C029,942.59,2026-08-30,2026-09-14,437.95,Accepted,Road,Low,No additional remarks
REQ01703,WST00437,C017,C029,749.36,2026-06-04,2026-06-06,393.72,Accepted,Rail,Low,Trial order
REQ01704,WST00437,C051,C029,758.91,2026-07-24,2026-08-02,427.89,Pending,Road,Medium,Bulk procurement
REQ01705,WST00437,C025,C029,218.42,2026-07-17,2026-08-02,419.69,Accepted,Road,Low,For recycling process
REQ01706,WST00438,C031,C029,2800.83,2026-06-25,2026-07-08,421.91,Pending,Road,High,Bulk procurement
REQ01707,WST00438,C055,C029,925.08,2026-05-29,2026-06-18,419.15,Accepted,Road,Medium,Price negotiation required
REQ01708,WST00438,C045,C029,1308.97,2026-05-27,2026-06-11,376.44,Pending,Rail,Medium,Need immediate pickup
REQ01709,WST00439,C032,C029,581.4,2026-07-06,2026-07-11,227.72,Accepted,Road,Low,Long-term procurement
REQ01710,WST00439,C045,C029,687.93,2026-06-27,2026-07-02,215.53,Accepted,Road,Medium,For recycling process
REQ01711,WST00440,C040,C029,159.22,2026-07-06,2026-07-09,93.62,Accepted,Rail,Medium,Need immediate pickup
REQ01712,WST00440,C007,C029,40.8,2026-08-03,2026-08-22,85.08,Pending,Rail,Low,Trial order
REQ01713,WST00441,C027,C029,608.75,2026-08-28,2026-09-08,237.73,Accepted,Road,Low,No additional remarks
REQ01714,WST00441,C049,C029,1047.72,2026-09-05,2026-09-23,255.88,Pending,Road,Low,Long-term procurement
REQ01715,WST00441,C002,C029,391.38,2026-07-04,2026-07-22,249.89,Pending,Rail,High,Requested for pilot testing
REQ01716,WST00441,C030,C029,254.1,2026-09-07,2026-09-16,226.94,Pending,Rail,Medium,Trial order
REQ01717,WST00441,C056,C029,916.85,2026-06-09,2026-06-17,243.99,Accepted,Rail,Low,Long-term procurement
REQ01718,WST00441,C026,C029,565.67,2026-06-14,2026-06-21,238.0,Pending,Road,Low,Long-term procurement
REQ01719,WST00442,C054,C029,132.11,2026-08-08,2026-08-22,77.82,Accepted,Rail,Low,Bulk procurement
REQ01720,WST00442,C010,C029,128.35,2026-08-11,2026-08-30,79.51,Accepted,Road,High,Need immediate pickup
REQ01721,WST00442,C028,C029,158.64,2026-08-05,2026-08-25,101.05,Pending,Rail,Low,Trial order
REQ01722,WST00442,C007,C029,76.32,2026-08-02,2026-08-14,83.72,Cancelled,Road,Low,No additional remarks
REQ01723,WST00442,C007,C029,68.91,2026-08-15,2026-09-03,95.06,Accepted,Road,Low,Price negotiation required
REQ01724,WST00442,C028,C029,183.14,2026-09-12,2026-09-21,82.38,Pending,Road,Low,Trial order
REQ01725,WST00443,C050,C029,1101.71,2026-06-10,2026-06-17,25.43,Cancelled,Rail,Low,Price negotiation required
REQ01726,WST00443,C012,C029,2549.94,2026-08-12,2026-08-19,24.3,Accepted,Road,High,No additional remarks
REQ01727,WST00443,C036,C029,2847.27,2026-06-13,2026-06-15,28.79,Rejected,Road,Medium,Urgent production requirement
REQ01728,WST00443,C055,C029,4329.46,2026-07-03,2026-07-13,23.93,Accepted,Road,Medium,Urgent production requirement
REQ01729,WST00443,C057,C029,2054.95,2026-08-20,2026-09-05,26.74,Pending,Sea,High,Need immediate pickup
REQ01730,WST00443,C057,C029,4008.48,2026-05-18,2026-05-24,25.11,Pending,Road,Medium,Price negotiation required
REQ01731,WST00444,C042,C029,527.52,2026-09-09,2026-09-21,470.09,Accepted,Rail,High,Long-term procurement
REQ01732,WST00444,C026,C029,533.81,2026-09-11,2026-09-21,478.57,Rejected,Road,Low,Bulk procurement
REQ01733,WST00444,C040,C029,560.08,2026-08-14,2026-09-03,430.93,Accepted,Sea,Low,For recycling process
REQ01734,WST00444,C012,C029,548.27,2026-07-10,2026-07-24,525.22,Accepted,Road,High,Requested as secondary raw material
REQ01735,WST00444,C011,C029,195.43,2026-08-23,2026-09-10,498.45,Accepted,Rail,High,Price negotiation required
REQ01736,WST00444,C035,C029,329.41,2026-06-16,2026-06-19,499.52,Accepted,Road,Low,Long-term procurement
REQ01737,WST00445,C034,C029,1216.11,2026-08-14,2026-08-17,242.93,Accepted,Sea,Medium,Urgent production requirement
REQ01738,WST00445,C038,C029,2485.55,2026-05-24,2026-05-31,318.76,Rejected,Road,Medium,Price negotiation required
REQ01739,WST00445,C060,C029,2373.14,2026-05-26,2026-06-12,236.85,Pending,Road,High,Requested for pilot testing
REQ01740,WST00446,C030,C029,688.15,2026-05-23,2026-05-29,82.58,Accepted,Road,High,Need immediate pickup
REQ01741,WST00446,C026,C029,938.3,2026-09-04,2026-09-11,88.35,Accepted,Road,High,Bulk procurement
REQ01742,WST00446,C053,C029,1182.4,2026-08-23,2026-08-31,91.48,Accepted,Road,Medium,Requested for pilot testing
REQ01743,WST00447,C020,C029,1716.6,2026-06-12,2026-06-27,472.14,Rejected,Road,Low,Need immediate pickup
REQ01744,WST00447,C013,C029,4797.28,2026-08-10,2026-08-16,485.56,Rejected,Road,Medium,Long-term procurement
REQ01745,WST00448,C055,C030,909.81,2026-06-11,2026-06-26,401.7,Accepted,Rail,High,Bulk procurement
REQ01746,WST00448,C055,C030,3507.92,2026-06-21,2026-06-26,351.59,Cancelled,Road,High,Requested for pilot testing
REQ01747,WST00448,C059,C030,3477.78,2026-07-07,2026-07-17,401.21,Accepted,Rail,High,Requested as secondary raw material
REQ01748,WST00448,C025,C030,1571.1,2026-08-25,2026-09-04,355.97,Rejected,Sea,Low,Need immediate pickup
REQ01749,WST00448,C017,C030,1973.74,2026-05-24,2026-06-02,411.37,Rejected,Road,High,Urgent production requirement
REQ01750,WST00448,C050,C030,2316.85,2026-07-05,2026-07-25,386.56,Accepted,Road,Low,Price negotiation required
REQ01751,WST00449,C010,C030,1110.26,2026-07-05,2026-07-09,59.92,Cancelled,Road,Low,Urgent production requirement
REQ01752,WST00449,C036,C030,1451.1,2026-07-09,2026-07-14,77.11,Cancelled,Sea,Medium,For recycling process
REQ01753,WST00449,C048,C030,790.19,2026-05-23,2026-06-08,59.12,Accepted,Rail,Medium,Bulk procurement
REQ01754,WST00449,C044,C030,1241.46,2026-05-19,2026-05-21,63.26,Accepted,Sea,Medium,Bulk procurement
REQ01755,WST00449,C026,C030,770.09,2026-06-14,2026-06-29,64.74,Cancelled,Rail,Medium,Trial order
REQ01756,WST00450,C018,C030,659.87,2026-07-13,2026-07-28,315.89,Pending,Road,Low,Price negotiation required
REQ01757,WST00450,C014,C030,424.51,2026-08-20,2026-08-23,254.76,Pending,Road,Medium,For recycling process
REQ01758,WST00450,C001,C030,669.54,2026-08-20,2026-08-31,255.04,Accepted,Road,Low,Need immediate pickup
REQ01759,WST00451,C042,C030,2678.04,2026-08-17,2026-08-30,222.62,Pending,Road,Low,Urgent production requirement
REQ01760,WST00451,C020,C030,3275.09,2026-08-12,2026-08-26,228.63,Accepted,Road,Low,Trial order
REQ01761,WST00451,C011,C030,3065.39,2026-09-05,2026-09-16,236.98,Accepted,Rail,Medium,For recycling process
REQ01762,WST00451,C005,C030,1924.65,2026-08-16,2026-08-31,240.89,Accepted,Road,High,Trial order
REQ01763,WST00451,C003,C030,3222.97,2026-08-14,2026-09-02,211.7,Pending,Road,Medium,Urgent production requirement
REQ01764,WST00452,C016,C030,1330.03,2026-09-11,2026-09-23,17.19,Rejected,Sea,High,Price negotiation required
REQ01765,WST00452,C053,C030,1085.06,2026-07-17,2026-08-04,16.98,Pending,Road,Medium,Bulk procurement
REQ01766,WST00452,C033,C030,463.59,2026-08-25,2026-09-05,15.38,Pending,Road,High,Price negotiation required
REQ01767,WST00452,C025,C030,1294.79,2026-08-23,2026-09-08,18.48,Accepted,Road,High,Requested for pilot testing
REQ01768,WST00452,C024,C030,418.95,2026-05-28,2026-06-15,18.9,Pending,Road,Low,Bulk procurement
REQ01769,WST00452,C024,C030,1262.3,2026-07-15,2026-07-21,14.78,Pending,Road,High,Requested for pilot testing
REQ01770,WST00453,C044,C030,863.12,2026-06-08,2026-06-20,113.15,Rejected,Road,Low,Urgent production requirement
REQ01771,WST00453,C048,C030,1223.22,2026-08-03,2026-08-05,112.66,Pending,Road,Low,Bulk procurement
REQ01772,WST00453,C059,C030,1808.46,2026-07-30,2026-08-11,104.35,Accepted,Road,Medium,Long-term procurement
REQ01773,WST00453,C008,C030,905.05,2026-06-09,2026-06-18,106.8,Pending,Road,Medium,Urgent production requirement
REQ01774,WST00454,C049,C030,1187.46,2026-06-05,2026-06-07,177.92,Accepted,Road,Medium,Price negotiation required
REQ01775,WST00454,C027,C030,868.36,2026-07-14,2026-07-22,143.34,Cancelled,Road,High,Price negotiation required
REQ01776,WST00454,C059,C030,413.69,2026-05-29,2026-06-17,149.74,Pending,Road,High,Long-term procurement
REQ01777,WST00455,C042,C030,1545.77,2026-05-30,2026-06-17,63.89,Pending,Rail,High,Requested for pilot testing
REQ01778,WST00455,C054,C030,2316.42,2026-07-19,2026-08-08,62.69,Pending,Road,Low,No additional remarks
REQ01779,WST00456,C041,C030,3469.47,2026-08-11,2026-08-28,176.33,Accepted,Road,Low,Bulk procurement
REQ01780,WST00456,C029,C030,1392.97,2026-08-02,2026-08-07,180.45,Cancelled,Road,Low,Long-term procurement
REQ01781,WST00456,C020,C030,3383.22,2026-06-07,2026-06-10,192.95,Accepted,Road,High,Trial order
REQ01782,WST00457,C021,C030,953.11,2026-08-26,2026-08-28,392.77,Accepted,Road,Low,Long-term procurement
REQ01783,WST00457,C047,C030,602.43,2026-08-12,2026-09-01,392.09,Accepted,Road,Medium,Requested as secondary raw material
REQ01784,WST00457,C019,C030,1778.2,2026-06-15,2026-06-19,371.87,Pending,Road,High,Trial order
REQ01785,WST00457,C052,C030,733.83,2026-07-07,2026-07-14,392.95,Pending,Road,High,For recycling process
REQ01786,WST00458,C036,C030,1156.96,2026-07-27,2026-08-10,236.65,Pending,Road,Low,Requested for pilot testing
REQ01787,WST00458,C043,C030,748.23,2026-08-16,2026-08-28,255.76,Cancelled,Road,Medium,Urgent production requirement
REQ01788,WST00458,C013,C030,1079.61,2026-09-02,2026-09-13,263.63,Pending,Sea,Medium,Bulk procurement
REQ01789,WST00458,C013,C030,552.6,2026-05-18,2026-05-22,254.58,Pending,Road,Low,Price negotiation required
REQ01790,WST00458,C001,C030,689.01,2026-09-12,2026-09-15,224.39,Rejected,Sea,Low,Requested as secondary raw material
REQ01791,WST00458,C054,C030,1213.96,2026-07-19,2026-08-04,259.75,Pending,Sea,Medium,Long-term procurement
REQ01792,WST00459,C016,C030,281.28,2026-07-06,2026-07-13,259.91,Accepted,Rail,Medium,No additional remarks
REQ01793,WST00459,C037,C030,149.61,2026-06-10,2026-06-18,263.55,Pending,Road,Low,Requested for pilot testing
REQ01794,WST00460,C051,C030,1905.28,2026-05-29,2026-06-18,102.8,Pending,Road,Low,Requested for pilot testing
REQ01795,WST00460,C022,C030,2411.98,2026-05-30,2026-06-03,90.53,Pending,Road,Medium,Requested as secondary raw material
REQ01796,WST00460,C042,C030,1531.5,2026-07-24,2026-08-06,97.24,Cancelled,Road,High,Need immediate pickup
REQ01797,WST00460,C036,C030,1431.9,2026-08-15,2026-08-29,111.17,Rejected,Rail,High,Trial order
REQ01798,WST00460,C050,C030,2853.69,2026-07-22,2026-08-08,99.37,Pending,Road,Medium,Long-term procurement
REQ01799,WST00460,C025,C030,2143.25,2026-08-15,2026-08-31,109.99,Pending,Sea,Medium,Price negotiation required
REQ01800,WST00461,C036,C030,3428.11,2026-08-30,2026-09-13,106.53,Accepted,Road,Low,Bulk procurement
REQ01801,WST00461,C055,C030,2871.69,2026-06-13,2026-06-20,89.75,Rejected,Road,Medium,Requested for pilot testing
REQ01802,WST00461,C037,C030,1183.49,2026-07-28,2026-08-12,84.29,Accepted,Road,High,Trial order
REQ01803,WST00461,C045,C030,2297.19,2026-09-01,2026-09-19,103.41,Pending,Rail,Medium,Bulk procurement
REQ01804,WST00461,C024,C030,956.29,2026-05-29,2026-05-31,95.93,Accepted,Road,High,Price negotiation required
REQ01805,WST00461,C022,C030,2263.0,2026-08-08,2026-08-22,87.24,Accepted,Road,High,Trial order
REQ01806,WST00462,C034,C030,4290.92,2026-06-17,2026-06-28,537.06,Pending,Sea,Low,No additional remarks
REQ01807,WST00462,C048,C030,1074.32,2026-06-28,2026-07-02,448.26,Rejected,Rail,Low,For recycling process
REQ01808,WST00462,C008,C030,2402.27,2026-08-11,2026-08-28,421.84,Pending,Road,Low,Trial order
REQ01809,WST00462,C033,C030,4623.87,2026-08-16,2026-08-23,435.53,Cancelled,Road,High,Trial order
REQ01810,WST00462,C012,C030,2197.51,2026-05-27,2026-06-10,459.06,Pending,Road,High,For recycling process
REQ01811,WST00462,C022,C030,4764.07,2026-08-12,2026-08-27,540.17,Rejected,Road,High,Price negotiation required
REQ01812,WST00463,C027,C030,3292.36,2026-09-04,2026-09-24,16.09,Pending,Road,High,Requested as secondary raw material
REQ01813,WST00463,C029,C030,2914.06,2026-06-18,2026-06-22,15.48,Rejected,Rail,Low,Requested for pilot testing
REQ01814,WST00463,C024,C030,3520.49,2026-08-06,2026-08-09,14.2,Pending,Road,Medium,Requested as secondary raw material
REQ01815,WST00463,C029,C030,3045.69,2026-07-30,2026-08-13,14.73,Cancelled,Road,Medium,Requested for pilot testing
REQ01816,WST00463,C052,C030,3473.54,2026-07-20,2026-07-27,13.93,Rejected,Road,High,For recycling process
REQ01817,WST00463,C049,C030,3678.79,2026-07-09,2026-07-27,13.12,Accepted,Sea,Low,No additional remarks
REQ01818,WST00464,C012,C030,2686.88,2026-07-15,2026-07-30,223.76,Accepted,Rail,Medium,Price negotiation required
REQ01819,WST00464,C044,C030,755.21,2026-07-20,2026-07-25,232.07,Accepted,Road,Low,Urgent production requirement
REQ01820,WST00465,C046,C031,563.62,2026-09-09,2026-09-18,350.9,Rejected,Road,Medium,Trial order
REQ01821,WST00465,C005,C031,823.54,2026-07-19,2026-07-31,349.35,Pending,Road,High,Requested as secondary raw material
REQ01822,WST00465,C019,C031,587.51,2026-06-13,2026-06-21,389.11,Pending,Rail,High,Price negotiation required
REQ01823,WST00465,C052,C031,639.24,2026-07-17,2026-07-22,352.47,Accepted,Sea,High,For recycling process
REQ01824,WST00465,C024,C031,663.12,2026-07-28,2026-08-05,391.75,Pending,Road,Medium,Bulk procurement
REQ01825,WST00465,C001,C031,486.83,2026-08-01,2026-08-15,385.57,Rejected,Road,High,Urgent production requirement
REQ01826,WST00466,C034,C031,1542.56,2026-07-03,2026-07-19,534.8,Rejected,Road,High,Price negotiation required
REQ01827,WST00466,C034,C031,2801.28,2026-07-01,2026-07-20,440.1,Accepted,Road,Low,No additional remarks
REQ01828,WST00466,C018,C031,1566.45,2026-07-21,2026-08-02,513.64,Pending,Road,High,For recycling process
REQ01829,WST00466,C020,C031,1149.49,2026-05-27,2026-06-09,493.57,Pending,Road,High,No additional remarks
REQ01830,WST00467,C049,C031,825.78,2026-08-15,2026-08-31,384.76,Rejected,Road,Medium,Requested as secondary raw material
REQ01831,WST00467,C055,C031,3958.58,2026-07-10,2026-07-13,419.45,Rejected,Road,High,No additional remarks
REQ01832,WST00467,C044,C031,2934.2,2026-08-09,2026-08-19,443.55,Accepted,Road,Low,No additional remarks
REQ01833,WST00468,C040,C031,1547.65,2026-09-01,2026-09-03,80.67,Accepted,Rail,Medium,Trial order
REQ01834,WST00468,C027,C031,940.76,2026-07-08,2026-07-21,91.37,Pending,Sea,High,For recycling process
REQ01835,WST00469,C026,C031,2074.49,2026-09-07,2026-09-17,214.51,Pending,Rail,High,Requested as secondary raw material
REQ01836,WST00469,C039,C031,2017.05,2026-07-06,2026-07-13,217.52,Pending,Rail,Medium,For recycling process
REQ01837,WST00469,C026,C031,1643.81,2026-07-30,2026-08-12,205.82,Rejected,Rail,High,Need immediate pickup
REQ01838,WST00469,C044,C031,2739.7,2026-09-02,2026-09-05,195.56,Accepted,Rail,High,Urgent production requirement
REQ01839,WST00469,C014,C031,2389.1,2026-05-28,2026-05-31,234.81,Pending,Rail,High,Requested as secondary raw material
REQ01840,WST00469,C034,C031,3734.12,2026-06-08,2026-06-22,244.93,Rejected,Road,Low,Requested as secondary raw material
REQ01841,WST00470,C057,C031,896.29,2026-06-17,2026-06-26,299.62,Rejected,Sea,High,Need immediate pickup
REQ01842,WST00470,C046,C031,2158.68,2026-08-31,2026-09-19,267.84,Rejected,Road,High,Bulk procurement
REQ01843,WST00470,C014,C031,1820.7,2026-08-03,2026-08-15,290.07,Rejected,Road,High,Trial order
REQ01844,WST00470,C053,C031,1960.73,2026-06-17,2026-06-26,279.8,Accepted,Road,Medium,Requested for pilot testing
REQ01845,WST00471,C049,C031,467.33,2026-08-17,2026-08-21,76.41,Accepted,Road,Low,For recycling process
REQ01846,WST00471,C020,C031,675.72,2026-08-09,2026-08-29,70.71,Accepted,Road,Low,For recycling process
REQ01847,WST00471,C053,C031,1360.92,2026-06-08,2026-06-16,89.75,Cancelled,Road,Low,Urgent production requirement
REQ01848,WST00471,C022,C031,1115.84,2026-08-19,2026-08-27,85.02,Accepted,Road,High,Requested for pilot testing
REQ01849,WST00471,C023,C031,1281.14,2026-05-24,2026-05-31,76.44,Pending,Sea,High,Urgent production requirement
REQ01850,WST00471,C021,C031,706.41,2026-09-07,2026-09-22,84.65,Accepted,Road,Low,Trial order
REQ01851,WST00472,C033,C031,602.12,2026-08-03,2026-08-14,296.79,Accepted,Road,High,For recycling process
REQ01852,WST00472,C032,C031,294.03,2026-07-17,2026-08-03,335.91,Accepted,Road,Low,No additional remarks
REQ01853,WST00472,C057,C031,543.28,2026-07-20,2026-07-29,338.0,Accepted,Rail,Low,Requested as secondary raw material
REQ01854,WST00472,C005,C031,784.18,2026-08-28,2026-09-02,347.93,Pending,Road,Low,Bulk procurement
REQ01855,WST00472,C050,C031,435.67,2026-06-22,2026-07-06,356.33,Pending,Road,Low,Requested as secondary raw material
REQ01856,WST00472,C026,C031,673.29,2026-07-08,2026-07-17,354.96,Accepted,Road,Low,Bulk procurement
REQ01857,WST00473,C046,C031,1816.49,2026-07-06,2026-07-19,412.58,Accepted,Road,Medium,Requested as secondary raw material
REQ01858,WST00473,C007,C031,661.45,2026-06-15,2026-06-21,389.61,Accepted,Sea,Medium,Bulk procurement
REQ01859,WST00473,C060,C031,2290.79,2026-06-28,2026-06-30,474.43,Rejected,Rail,Low,Need immediate pickup
REQ01860,WST00473,C044,C031,2186.11,2026-06-19,2026-07-05,370.64,Accepted,Road,Medium,Requested as secondary raw material
REQ01861,WST00473,C017,C031,2042.82,2026-07-14,2026-07-31,411.18,Rejected,Rail,Low,Urgent production requirement
REQ01862,WST00473,C028,C031,1916.03,2026-07-23,2026-08-06,491.73,Pending,Road,Medium,Long-term procurement
REQ01863,WST00474,C044,C032,1072.98,2026-07-11,2026-07-14,286.45,Accepted,Road,Medium,Requested as secondary raw material
REQ01864,WST00474,C015,C032,2556.2,2026-09-05,2026-09-07,303.8,Pending,Road,Medium,Long-term procurement
REQ01865,WST00474,C006,C032,1862.92,2026-08-08,2026-08-23,334.42,Pending,Road,Low,For recycling process
REQ01866,WST00475,C031,C032,2024.84,2026-06-02,2026-06-11,410.06,Cancelled,Road,Low,Requested for pilot testing
REQ01867,WST00475,C056,C032,637.57,2026-06-03,2026-06-21,449.08,Rejected,Road,High,Long-term procurement
REQ01868,WST00475,C041,C032,688.7,2026-07-08,2026-07-11,377.76,Pending,Road,Medium,Urgent production requirement
REQ01869,WST00475,C022,C032,1486.6,2026-08-11,2026-08-17,442.54,Pending,Road,Low,Price negotiation required
REQ01870,WST00475,C055,C032,2268.31,2026-06-10,2026-06-24,406.24,Cancelled,Road,Medium,Bulk procurement
REQ01871,WST00476,C053,C032,2118.65,2026-09-05,2026-09-11,83.42,Accepted,Road,Low,Bulk procurement
REQ01872,WST00476,C010,C032,2193.48,2026-08-12,2026-08-29,89.62,Pending,Road,Medium,Need immediate pickup
REQ01873,WST00476,C045,C032,855.54,2026-09-12,2026-09-16,101.83,Rejected,Road,High,No additional remarks
REQ01874,WST00476,C027,C032,3292.36,2026-05-29,2026-06-08,99.0,Accepted,Road,Low,Need immediate pickup
REQ01875,WST00477,C056,C032,1544.55,2026-06-12,2026-06-17,240.2,Pending,Road,High,Requested for pilot testing
REQ01876,WST00477,C001,C032,2315.83,2026-07-17,2026-07-28,245.89,Rejected,Rail,Medium,Urgent production requirement
REQ01877,WST00477,C046,C032,2274.83,2026-08-26,2026-09-08,250.91,Accepted,Road,Low,For recycling process
REQ01878,WST00478,C013,C032,1013.61,2026-08-10,2026-08-28,218.3,Accepted,Road,Low,Urgent production requirement
REQ01879,WST00478,C060,C032,2874.26,2026-08-03,2026-08-06,223.82,Rejected,Road,Low,Price negotiation required
REQ01880,WST00478,C007,C032,2665.68,2026-09-12,2026-09-18,175.53,Accepted,Road,High,Requested as secondary raw material
REQ01881,WST00478,C038,C032,1882.11,2026-06-21,2026-06-25,188.82,Cancelled,Road,Medium,Urgent production requirement
REQ01882,WST00478,C037,C032,2018.28,2026-06-18,2026-07-08,185.86,Accepted,Road,Low,Bulk procurement
REQ01883,WST00478,C007,C032,1348.01,2026-08-29,2026-09-01,186.18,Rejected,Rail,Low,For recycling process
REQ01884,WST00479,C021,C032,1046.71,2026-07-12,2026-07-23,414.28,Accepted,Road,Low,Urgent production requirement
REQ01885,WST00479,C025,C032,822.63,2026-08-28,2026-09-08,444.97,Accepted,Rail,Medium,Long-term procurement
REQ01886,WST00479,C007,C032,681.85,2026-09-02,2026-09-14,439.41,Cancelled,Road,Medium,Requested as secondary raw material
REQ01887,WST00479,C022,C032,1796.53,2026-08-03,2026-08-20,344.23,Pending,Rail,Low,Need immediate pickup
REQ01888,WST00479,C005,C032,1120.46,2026-06-13,2026-07-01,455.94,Cancelled,Rail,Medium,Bulk procurement
REQ01889,WST00480,C013,C032,104.0,2026-05-19,2026-05-28,391.66,Rejected,Road,Medium,Long-term procurement
REQ01890,WST00480,C018,C032,168.91,2026-07-11,2026-07-26,411.5,Rejected,Rail,Low,Need immediate pickup
REQ01891,WST00480,C035,C032,153.0,2026-05-26,2026-06-04,362.69,Pending,Road,Medium,Trial order
REQ01892,WST00480,C013,C032,141.91,2026-07-05,2026-07-07,346.81,Accepted,Rail,High,Trial order
REQ01893,WST00480,C033,C032,191.25,2026-07-20,2026-07-25,365.79,Rejected,Road,Low,Need immediate pickup
REQ01894,WST00480,C044,C032,228.04,2026-08-27,2026-08-31,415.44,Pending,Sea,Medium,Price negotiation required
REQ01895,WST00481,C055,C033,1203.16,2026-06-12,2026-06-27,382.28,Pending,Road,High,For recycling process
REQ01896,WST00481,C054,C033,1051.7,2026-07-21,2026-08-01,386.25,Accepted,Road,High,No additional remarks
REQ01897,WST00481,C017,C033,1427.22,2026-05-16,2026-05-25,370.18,Pending,Road,Medium,Trial order
REQ01898,WST00482,C001,C033,2959.6,2026-07-26,2026-07-29,303.66,Pending,Road,High,Price negotiation required
REQ01899,WST00482,C027,C033,2109.21,2026-06-02,2026-06-15,358.9,Accepted,Road,High,Bulk procurement
REQ01900,WST00483,C052,C033,1917.26,2026-06-04,2026-06-13,149.96,Accepted,Road,Medium,For recycling process
REQ01901,WST00483,C047,C033,1251.19,2026-06-26,2026-07-12,166.52,Rejected,Road,Medium,Price negotiation required
REQ01902,WST00483,C035,C033,2216.21,2026-07-26,2026-08-12,171.23,Pending,Rail,Medium,For recycling process
REQ01903,WST00483,C020,C033,1178.56,2026-07-31,2026-08-13,144.69,Pending,Sea,Medium,Trial order
REQ01904,WST00483,C037,C033,995.21,2026-08-25,2026-09-14,171.77,Accepted,Sea,Low,Bulk procurement
REQ01905,WST00483,C032,C033,1471.64,2026-05-28,2026-06-13,178.58,Accepted,Sea,Medium,For recycling process
REQ01906,WST00484,C012,C033,552.54,2026-08-24,2026-09-07,233.44,Pending,Road,High,Long-term procurement
REQ01907,WST00484,C019,C033,536.98,2026-07-02,2026-07-11,279.5,Accepted,Road,Low,No additional remarks
REQ01908,WST00484,C020,C033,555.92,2026-07-18,2026-08-04,226.13,Pending,Sea,Medium,Trial order
REQ01909,WST00484,C055,C033,280.56,2026-07-23,2026-08-08,264.21,Pending,Road,Medium,Long-term procurement
REQ01910,WST00484,C040,C033,373.92,2026-06-10,2026-06-30,241.72,Pending,Sea,Medium,Urgent production requirement
REQ01911,WST00484,C004,C033,141.6,2026-06-08,2026-06-27,277.48,Pending,Road,Medium,Bulk procurement
REQ01912,WST00485,C035,C033,2945.68,2026-06-30,2026-07-06,116.73,Pending,Road,Medium,Urgent production requirement
REQ01913,WST00485,C045,C033,976.87,2026-07-24,2026-08-11,106.09,Accepted,Road,High,Bulk procurement
REQ01914,WST00485,C021,C033,3793.55,2026-09-10,2026-09-22,125.57,Rejected,Road,Medium,Price negotiation required
REQ01915,WST00485,C018,C033,3139.39,2026-06-02,2026-06-19,135.28,Pending,Road,Medium,For recycling process
REQ01916,WST00485,C052,C033,1966.73,2026-05-23,2026-06-07,129.3,Accepted,Sea,High,Requested for pilot testing
REQ01917,WST00486,C048,C034,2407.76,2026-08-26,2026-08-28,532.09,Pending,Road,Medium,No additional remarks
REQ01918,WST00486,C020,C034,3408.66,2026-08-24,2026-08-26,458.16,Pending,Road,High,Need immediate pickup
REQ01919,WST00486,C052,C034,4257.71,2026-07-09,2026-07-17,446.6,Pending,Road,Medium,Requested as secondary raw material
REQ01920,WST00486,C052,C034,2743.96,2026-07-06,2026-07-12,425.77,Pending,Road,High,Urgent production requirement
REQ01921,WST00486,C007,C034,1019.1,2026-06-16,2026-07-01,453.42,Rejected,Road,Medium,Price negotiation required
REQ01922,WST00487,C012,C034,2564.11,2026-06-23,2026-07-12,318.99,Accepted,Road,Low,Requested as secondary raw material
REQ01923,WST00487,C047,C034,1813.48,2026-07-19,2026-08-05,328.31,Pending,Road,High,Requested for pilot testing
REQ01924,WST00487,C026,C034,632.22,2026-08-18,2026-09-06,366.94,Pending,Road,High,Long-term procurement
REQ01925,WST00487,C040,C034,1954.12,2026-06-30,2026-07-03,388.44,Accepted,Rail,High,Bulk procurement
REQ01926,WST00487,C026,C034,2330.7,2026-05-27,2026-06-15,383.52,Accepted,Rail,Low,For recycling process
REQ01927,WST00487,C030,C034,682.53,2026-05-31,2026-06-15,323.89,Cancelled,Road,Medium,Need immediate pickup
REQ01928,WST00488,C002,C034,539.79,2026-07-11,2026-07-25,407.81,Pending,Road,High,Trial order
REQ01929,WST00488,C022,C034,617.35,2026-06-11,2026-06-30,432.43,Cancelled,Road,Low,Price negotiation required
REQ01930,WST00488,C059,C034,395.37,2026-06-30,2026-07-16,515.05,Accepted,Rail,High,No additional remarks
REQ01931,WST00488,C005,C034,550.65,2026-07-31,2026-08-12,469.98,Accepted,Road,High,Requested as secondary raw material
REQ01932,WST00488,C059,C034,265.92,2026-05-23,2026-05-31,493.42,Accepted,Road,High,For recycling process
REQ01933,WST00489,C053,C034,1605.3,2026-08-15,2026-08-22,157.08,Pending,Road,High,Bulk procurement
REQ01934,WST00489,C039,C034,1255.64,2026-06-15,2026-06-25,127.9,Accepted,Sea,Medium,Bulk procurement
REQ01935,WST00489,C014,C034,1964.31,2026-06-29,2026-07-15,132.12,Cancelled,Road,High,Requested as secondary raw material
REQ01936,WST00489,C016,C034,1004.93,2026-05-25,2026-06-01,142.1,Accepted,Sea,High,Price negotiation required
REQ01937,WST00489,C015,C034,2172.61,2026-08-07,2026-08-18,147.58,Accepted,Sea,High,For recycling process
REQ01938,WST00490,C039,C034,1791.73,2026-08-01,2026-08-17,232.55,Pending,Sea,Low,Bulk procurement
REQ01939,WST00490,C028,C034,422.76,2026-06-26,2026-07-09,204.51,Rejected,Road,Low,Need immediate pickup
REQ01940,WST00490,C048,C034,706.32,2026-08-23,2026-08-28,187.82,Accepted,Road,Medium,Trial order
REQ01941,WST00490,C029,C034,1271.58,2026-07-05,2026-07-23,203.13,Accepted,Road,High,No additional remarks
REQ01942,WST00491,C041,C034,3205.3,2026-08-29,2026-09-17,335.04,Accepted,Road,Low,Need immediate pickup
REQ01943,WST00491,C024,C034,1145.0,2026-08-14,2026-08-20,307.75,Accepted,Rail,High,Long-term procurement
REQ01944,WST00491,C028,C034,3754.12,2026-06-09,2026-06-17,357.25,Accepted,Road,Low,Urgent production requirement
REQ01945,WST00491,C052,C034,1347.58,2026-08-30,2026-09-16,300.19,Accepted,Road,Medium,Urgent production requirement
REQ01946,WST00492,C045,C034,1219.47,2026-06-18,2026-07-01,361.34,Accepted,Road,Low,Price negotiation required
REQ01947,WST00492,C005,C034,1156.02,2026-05-30,2026-06-17,357.66,Rejected,Sea,Low,Need immediate pickup
REQ01948,WST00492,C030,C034,844.41,2026-08-11,2026-08-14,351.7,Accepted,Road,Low,Price negotiation required
REQ01949,WST00493,C024,C034,3348.57,2026-05-24,2026-06-04,419.17,Rejected,Road,High,Trial order
REQ01950,WST00493,C032,C034,3632.18,2026-05-25,2026-05-28,424.88,Rejected,Rail,High,Requested for pilot testing
REQ01951,WST00493,C014,C034,2105.94,2026-06-09,2026-06-22,331.55,Pending,Sea,Low,Requested as secondary raw material
REQ01952,WST00493,C038,C034,1843.12,2026-07-30,2026-08-08,436.07,Accepted,Road,High,Trial order
REQ01953,WST00493,C001,C034,1649.43,2026-07-12,2026-07-29,351.72,Pending,Rail,Low,Requested for pilot testing
REQ01954,WST00493,C022,C034,4564.84,2026-09-03,2026-09-12,369.86,Rejected,Rail,High,For recycling process
REQ01955,WST00494,C050,C034,3690.59,2026-08-30,2026-09-02,307.3,Accepted,Road,Medium,Requested for pilot testing
REQ01956,WST00494,C031,C034,1580.39,2026-06-04,2026-06-17,307.09,Accepted,Rail,Low,For recycling process
REQ01957,WST00494,C052,C034,1972.09,2026-08-29,2026-09-07,313.07,Accepted,Rail,Low,For recycling process
REQ01958,WST00495,C012,C034,67.98,2026-08-03,2026-08-22,477.8,Accepted,Road,Medium,Urgent production requirement
REQ01959,WST00495,C004,C034,201.03,2026-06-21,2026-07-11,386.76,Pending,Sea,Low,Price negotiation required
REQ01960,WST00495,C031,C034,98.95,2026-08-04,2026-08-21,365.63,Accepted,Road,Low,Requested for pilot testing
REQ01961,WST00496,C058,C034,135.29,2026-07-23,2026-08-09,121.66,Cancelled,Road,Medium,Bulk procurement
REQ01962,WST00496,C053,C034,73.22,2026-07-26,2026-08-14,134.19,Accepted,Road,Medium,Price negotiation required
REQ01963,WST00496,C041,C034,167.11,2026-06-10,2026-06-13,110.93,Accepted,Road,High,For recycling process
REQ01964,WST00496,C026,C034,239.06,2026-05-18,2026-05-29,129.12,Accepted,Rail,Low,Requested as secondary raw material
REQ01965,WST00497,C045,C034,1253.79,2026-06-27,2026-07-03,246.28,Accepted,Road,High,Bulk procurement
REQ01966,WST00497,C051,C034,1825.38,2026-05-17,2026-05-25,244.68,Accepted,Rail,High,No additional remarks
REQ01967,WST00497,C021,C034,1786.15,2026-08-11,2026-08-29,202.99,Cancelled,Rail,High,Requested as secondary raw material
REQ01968,WST00498,C006,C034,1070.56,2026-08-12,2026-08-22,217.87,Accepted,Road,High,Long-term procurement
REQ01969,WST00498,C057,C034,2630.66,2026-08-04,2026-08-18,201.79,Cancelled,Sea,Medium,Need immediate pickup
REQ01970,WST00498,C012,C034,4049.04,2026-06-24,2026-06-27,236.09,Cancelled,Rail,Low,For recycling process
REQ01971,WST00498,C022,C034,3361.0,2026-06-26,2026-07-06,235.36,Accepted,Rail,High,Long-term procurement
REQ01972,WST00498,C051,C034,3460.04,2026-06-20,2026-07-04,227.85,Accepted,Road,Low,Price negotiation required
REQ01973,WST00499,C041,C034,1270.13,2026-08-25,2026-09-09,223.78,Rejected,Rail,Medium,For recycling process
REQ01974,WST00499,C058,C034,1895.63,2026-08-22,2026-09-08,182.58,Pending,Rail,Low,Price negotiation required
REQ01975,WST00499,C013,C034,4062.81,2026-07-27,2026-08-15,189.22,Rejected,Rail,Low,No additional remarks
REQ01976,WST00500,C031,C034,382.65,2026-09-12,2026-09-18,77.15,Rejected,Road,Low,Long-term procurement
REQ01977,WST00500,C047,C034,481.15,2026-07-05,2026-07-18,80.83,Pending,Road,High,For recycling process
REQ01978,WST00500,C015,C034,382.51,2026-05-17,2026-05-23,79.67,Cancelled,Sea,High,Need immediate pickup
REQ01979,WST00500,C029,C034,719.68,2026-06-08,2026-06-20,72.55,Pending,Road,Medium,No additional remarks
REQ01980,WST00500,C058,C034,175.4,2026-05-21,2026-05-24,72.02,Accepted,Road,High,Requested as secondary raw material
REQ01981,WST00500,C050,C034,379.25,2026-07-03,2026-07-17,84.12,Pending,Road,Low,Trial order
REQ01982,WST00501,C035,C034,904.0,2026-06-26,2026-07-14,120.03,Pending,Road,Low,Price negotiation required
REQ01983,WST00501,C023,C034,725.34,2026-07-09,2026-07-13,127.74,Pending,Road,Medium,Requested for pilot testing
REQ01984,WST00501,C013,C034,1751.65,2026-06-08,2026-06-17,138.02,Pending,Road,High,Need immediate pickup
REQ01985,WST00501,C046,C034,682.07,2026-09-01,2026-09-20,138.37,Pending,Road,Medium,Bulk procurement
REQ01986,WST00501,C029,C034,2000.79,2026-06-01,2026-06-17,129.28,Accepted,Road,Medium,Trial order
REQ01987,WST00502,C008,C034,855.03,2026-07-05,2026-07-07,378.39,Pending,Road,Low,Trial order
REQ01988,WST00502,C028,C034,640.28,2026-06-05,2026-06-22,318.39,Rejected,Road,Medium,Bulk procurement
REQ01989,WST00502,C051,C034,1394.36,2026-05-29,2026-06-14,324.98,Accepted,Road,Low,Price negotiation required
REQ01990,WST00503,C039,C034,606.26,2026-08-29,2026-09-10,438.58,Accepted,Rail,Medium,Urgent production requirement
REQ01991,WST00503,C011,C034,742.41,2026-08-03,2026-08-06,452.26,Pending,Rail,High,Need immediate pickup
REQ01992,WST00503,C013,C034,252.08,2026-05-16,2026-05-26,434.78,Accepted,Road,Medium,Price negotiation required
REQ01993,WST00503,C051,C034,628.74,2026-08-01,2026-08-07,388.5,Pending,Road,Low,Trial order
REQ01994,WST00503,C029,C034,305.25,2026-08-24,2026-09-13,373.59,Accepted,Rail,Low,Trial order
REQ01995,WST00503,C009,C034,497.36,2026-07-05,2026-07-22,346.92,Pending,Rail,Medium,Price negotiation required
REQ01996,WST00504,C058,C034,108.54,2026-07-26,2026-07-28,146.32,Accepted,Road,High,Trial order
REQ01997,WST00504,C040,C034,267.74,2026-08-05,2026-08-15,150.67,Rejected,Road,Low,Price negotiation required
REQ01998,WST00504,C060,C034,111.92,2026-07-03,2026-07-09,124.12,Pending,Sea,High,Trial order
REQ01999,WST00504,C010,C034,102.48,2026-06-08,2026-06-24,152.55,Accepted,Road,Medium,Requested for pilot testing
REQ02000,WST00504,C005,C034,102.93,2026-06-20,2026-07-04,164.16,Pending,Road,Medium,Requested as secondary raw material
REQ02001,WST00505,C028,C035,2954.58,2026-08-22,2026-08-30,214.5,Accepted,Road,High,For recycling process
REQ02002,WST00505,C003,C035,1180.98,2026-06-08,2026-06-18,239.13,Rejected,Road,Low,Requested for pilot testing
REQ02003,WST00506,C016,C035,1225.43,2026-08-15,2026-08-17,188.38,Accepted,Rail,Medium,Need immediate pickup
REQ02004,WST00506,C044,C035,716.33,2026-08-07,2026-08-22,247.24,Cancelled,Road,Medium,Urgent production requirement
REQ02005,WST00506,C049,C035,1464.87,2026-08-08,2026-08-20,225.05,Pending,Sea,Medium,Trial order
REQ02006,WST00506,C009,C035,2222.19,2026-05-16,2026-06-02,196.18,Rejected,Rail,High,Trial order
REQ02007,WST00506,C009,C035,2613.01,2026-06-23,2026-07-12,195.51,Cancelled,Road,High,For recycling process
REQ02008,WST00507,C046,C035,2366.55,2026-08-21,2026-08-30,10.28,Pending,Road,Medium,Price negotiation required
REQ02009,WST00507,C015,C035,2497.8,2026-06-12,2026-07-01,11.75,Accepted,Sea,High,Price negotiation required
REQ02010,WST00507,C039,C035,879.26,2026-06-30,2026-07-16,11.55,Cancelled,Rail,Low,Bulk procurement
REQ02011,WST00507,C041,C035,2023.92,2026-08-06,2026-08-25,10.75,Pending,Rail,High,Long-term procurement
REQ02012,WST00507,C059,C035,3870.35,2026-05-31,2026-06-12,11.07,Rejected,Road,Low,Long-term procurement
REQ02013,WST00507,C051,C035,3971.07,2026-07-11,2026-07-31,10.29,Rejected,Road,Medium,Bulk procurement
REQ02014,WST00508,C016,C035,99.73,2026-07-14,2026-07-29,213.96,Accepted,Road,Low,Price negotiation required
REQ02015,WST00508,C033,C035,165.88,2026-09-01,2026-09-08,246.23,Pending,Road,Low,Requested as secondary raw material
REQ02016,WST00509,C040,C035,1069.73,2026-07-17,2026-07-21,120.65,Pending,Road,Medium,Long-term procurement
REQ02017,WST00509,C014,C035,1344.51,2026-07-16,2026-07-18,110.55,Rejected,Road,High,Long-term procurement
REQ02018,WST00509,C059,C035,1318.91,2026-07-16,2026-07-25,117.97,Accepted,Sea,Medium,Need immediate pickup
REQ02019,WST00509,C034,C035,681.7,2026-06-19,2026-07-02,141.2,Pending,Sea,Medium,Urgent production requirement
REQ02020,WST00509,C034,C035,789.55,2026-05-30,2026-06-09,146.22,Rejected,Rail,Medium,For recycling process
REQ02021,WST00509,C040,C035,950.19,2026-07-19,2026-08-03,117.77,Pending,Road,Medium,Urgent production requirement
REQ02022,WST00510,C060,C036,915.82,2026-06-17,2026-06-24,429.08,Accepted,Road,High,For recycling process
REQ02023,WST00510,C035,C036,1061.35,2026-08-03,2026-08-22,420.8,Accepted,Rail,High,Bulk procurement
REQ02024,WST00510,C038,C036,2948.74,2026-07-25,2026-07-31,384.12,Cancelled,Road,High,Long-term procurement
REQ02025,WST00510,C002,C036,3467.66,2026-06-27,2026-07-17,331.55,Rejected,Rail,Low,Need immediate pickup
REQ02026,WST00510,C038,C036,3017.89,2026-05-21,2026-05-25,329.3,Rejected,Road,Low,For recycling process
REQ02027,WST00511,C050,C036,3412.73,2026-07-08,2026-07-27,296.97,Pending,Road,Low,Bulk procurement
REQ02028,WST00511,C030,C036,3584.46,2026-08-24,2026-08-29,270.26,Accepted,Rail,High,Long-term procurement
REQ02029,WST00511,C035,C036,3344.35,2026-05-26,2026-06-07,302.33,Pending,Rail,Low,Bulk procurement
REQ02030,WST00512,C024,C036,1015.61,2026-07-19,2026-08-05,221.03,Cancelled,Rail,Medium,Urgent production requirement
REQ02031,WST00512,C033,C036,966.45,2026-06-01,2026-06-19,261.83,Pending,Road,Low,No additional remarks
REQ02032,WST00512,C008,C036,1030.9,2026-06-17,2026-07-05,231.41,Pending,Road,High,Need immediate pickup
REQ02033,WST00512,C039,C036,753.95,2026-07-08,2026-07-28,241.04,Accepted,Road,Medium,Trial order
REQ02034,WST00512,C008,C036,598.14,2026-07-22,2026-08-04,224.55,Pending,Road,Low,Urgent production requirement
REQ02035,WST00513,C003,C036,750.18,2026-09-08,2026-09-21,460.24,Rejected,Road,Low,Trial order
REQ02036,WST00513,C048,C036,1632.42,2026-07-02,2026-07-12,500.08,Rejected,Sea,Low,Long-term procurement
REQ02037,WST00513,C051,C036,582.91,2026-06-30,2026-07-15,392.21,Pending,Sea,High,Bulk procurement
REQ02038,WST00513,C042,C036,1205.87,2026-05-20,2026-05-30,394.93,Accepted,Road,Low,Price negotiation required
REQ02039,WST00513,C048,C036,1329.48,2026-06-17,2026-06-26,403.84,Cancelled,Road,Medium,Price negotiation required
REQ02040,WST00514,C044,C036,823.45,2026-07-17,2026-07-28,75.57,Cancelled,Rail,Low,Long-term procurement
REQ02041,WST00514,C022,C036,2533.5,2026-09-08,2026-09-25,90.67,Pending,Rail,Medium,Trial order
REQ02042,WST00514,C027,C036,2601.62,2026-08-26,2026-09-14,72.91,Pending,Road,Medium,For recycling process
REQ02043,WST00515,C029,C036,600.32,2026-08-20,2026-09-01,234.47,Rejected,Road,Medium,Urgent production requirement
REQ02044,WST00515,C050,C036,385.76,2026-07-31,2026-08-04,276.08,Accepted,Road,Medium,Bulk procurement
REQ02045,WST00515,C007,C036,482.43,2026-07-18,2026-08-01,220.49,Rejected,Road,Low,Price negotiation required
REQ02046,WST00515,C060,C036,376.29,2026-07-03,2026-07-17,244.0,Rejected,Road,High,Need immediate pickup
REQ02047,WST00515,C059,C036,409.01,2026-07-13,2026-07-21,274.16,Pending,Road,High,No additional remarks
REQ02048,WST00516,C042,C036,518.07,2026-08-06,2026-08-14,247.75,Pending,Road,Low,Trial order
REQ02049,WST00516,C059,C036,736.98,2026-07-14,2026-07-28,239.79,Pending,Road,Low,Trial order
REQ02050,WST00516,C020,C036,540.76,2026-05-25,2026-06-08,217.56,Pending,Road,Low,Bulk procurement
REQ02051,WST00516,C056,C036,1207.38,2026-05-31,2026-06-19,230.88,Pending,Rail,Low,No additional remarks
REQ02052,WST00516,C053,C036,1297.53,2026-05-28,2026-05-31,231.38,Pending,Rail,Medium,Trial order
REQ02053,WST00516,C011,C036,1397.22,2026-06-16,2026-07-03,257.23,Accepted,Road,Low,Trial order
REQ02054,WST00517,C059,C036,1761.79,2026-08-10,2026-08-19,327.0,Pending,Road,High,No additional remarks
REQ02055,WST00517,C033,C036,2489.48,2026-07-11,2026-07-15,309.3,Accepted,Rail,Medium,Price negotiation required
REQ02056,WST00518,C005,C036,1815.17,2026-07-10,2026-07-27,241.23,Cancelled,Road,High,No additional remarks
REQ02057,WST00518,C026,C036,2287.21,2026-08-12,2026-08-26,238.78,Rejected,Road,High,Trial order
REQ02058,WST00518,C026,C036,2532.62,2026-06-16,2026-06-28,241.24,Rejected,Rail,Low,Trial order
REQ02059,WST00518,C022,C036,2882.84,2026-08-25,2026-09-09,254.84,Accepted,Rail,Medium,Bulk procurement
REQ02060,WST00519,C001,C036,1989.32,2026-09-03,2026-09-14,237.43,Pending,Road,High,For recycling process
REQ02061,WST00519,C025,C036,1531.24,2026-07-04,2026-07-10,267.98,Rejected,Road,Medium,Bulk procurement
REQ02062,WST00519,C020,C036,1311.51,2026-07-19,2026-07-31,240.88,Accepted,Sea,High,No additional remarks
REQ02063,WST00519,C013,C036,900.81,2026-05-29,2026-06-10,258.11,Pending,Road,Low,Requested as secondary raw material
REQ02064,WST00519,C027,C036,1130.71,2026-06-18,2026-06-29,216.91,Rejected,Sea,Low,Long-term procurement
REQ02065,WST00519,C057,C036,3054.83,2026-07-09,2026-07-19,265.9,Accepted,Rail,Low,Price negotiation required
REQ02066,WST00520,C028,C036,1057.27,2026-07-31,2026-08-11,77.1,Pending,Road,Low,No additional remarks
REQ02067,WST00520,C055,C036,1544.35,2026-07-26,2026-08-10,79.34,Pending,Sea,High,Bulk procurement
REQ02068,WST00520,C047,C036,1431.24,2026-06-21,2026-07-01,72.01,Pending,Road,Medium,Requested as secondary raw material
REQ02069,WST00521,C013,C036,1460.29,2026-07-27,2026-08-03,166.36,Accepted,Sea,Medium,Price negotiation required
REQ02070,WST00521,C053,C036,3763.99,2026-06-01,2026-06-08,171.77,Accepted,Road,Low,Trial order
REQ02071,WST00521,C009,C036,2255.56,2026-06-07,2026-06-21,145.88,Cancelled,Road,Medium,Trial order
REQ02072,WST00521,C021,C036,1620.51,2026-07-17,2026-07-19,189.05,Pending,Road,Low,For recycling process
REQ02073,WST00521,C050,C036,985.5,2026-09-01,2026-09-20,150.51,Pending,Rail,Medium,Trial order
REQ02074,WST00522,C018,C036,708.0,2026-07-26,2026-08-05,200.27,Rejected,Road,High,Bulk procurement
REQ02075,WST00522,C035,C036,563.74,2026-07-03,2026-07-16,178.13,Accepted,Road,Medium,Requested for pilot testing
REQ02076,WST00522,C006,C036,995.28,2026-08-11,2026-08-15,210.82,Accepted,Road,Medium,Bulk procurement
REQ02077,WST00522,C022,C036,680.58,2026-07-05,2026-07-23,197.83,Rejected,Sea,Low,Need immediate pickup
REQ02078,WST00522,C028,C036,369.82,2026-07-02,2026-07-17,223.65,Accepted,Road,Medium,Price negotiation required
REQ02079,WST00522,C049,C036,1114.03,2026-06-16,2026-07-03,170.67,Pending,Road,Medium,Requested as secondary raw material
REQ02080,WST00523,C035,C036,2433.49,2026-08-09,2026-08-20,23.44,Accepted,Rail,Low,Long-term procurement
REQ02081,WST00523,C038,C036,982.83,2026-09-12,2026-09-20,24.61,Accepted,Road,Low,For recycling process
REQ02082,WST00523,C003,C036,743.41,2026-07-30,2026-08-04,28.31,Pending,Sea,High,Requested for pilot testing
REQ02083,WST00524,C009,C036,3829.71,2026-08-04,2026-08-24,282.47,Accepted,Road,Medium,Requested for pilot testing
REQ02084,WST00524,C045,C036,1637.2,2026-09-09,2026-09-25,279.8,Pending,Road,High,Bulk procurement
REQ02085,WST00524,C019,C036,4049.3,2026-08-22,2026-08-31,295.08,Accepted,Road,Low,For recycling process
REQ02086,WST00524,C009,C036,2276.51,2026-06-15,2026-06-25,286.65,Rejected,Road,Medium,Trial order
REQ02087,WST00524,C008,C036,2469.41,2026-05-24,2026-06-01,273.7,Pending,Road,High,Long-term procurement
REQ02088,WST00525,C014,C036,2321.56,2026-07-14,2026-07-23,396.04,Accepted,Sea,Low,For recycling process
REQ02089,WST00525,C031,C036,3661.48,2026-06-22,2026-07-05,403.12,Accepted,Road,Low,Requested for pilot testing
REQ02090,WST00526,C049,C036,1533.64,2026-06-25,2026-06-30,399.65,Accepted,Road,High,Trial order
REQ02091,WST00526,C010,C036,1402.92,2026-06-29,2026-07-06,375.76,Accepted,Road,High,Trial order
REQ02092,WST00526,C004,C036,2028.45,2026-07-23,2026-08-12,372.93,Pending,Rail,High,Trial order
REQ02093,WST00527,C012,C037,738.38,2026-09-11,2026-09-19,297.87,Cancelled,Sea,High,Urgent production requirement
REQ02094,WST00527,C057,C037,453.24,2026-07-18,2026-08-04,239.83,Accepted,Road,High,Urgent production requirement
REQ02095,WST00527,C022,C037,405.32,2026-06-04,2026-06-24,256.63,Accepted,Sea,High,Need immediate pickup
REQ02096,WST00527,C015,C037,698.19,2026-08-14,2026-08-31,304.05,Accepted,Road,High,Price negotiation required
REQ02097,WST00527,C039,C037,184.28,2026-07-25,2026-07-31,281.56,Pending,Rail,Low,Requested for pilot testing
REQ02098,WST00528,C049,C037,2380.87,2026-05-21,2026-06-05,6.71,Pending,Road,Low,Long-term procurement
REQ02099,WST00528,C021,C037,2494.83,2026-07-07,2026-07-11,8.69,Accepted,Road,Low,Requested for pilot testing
REQ02100,WST00528,C012,C037,2790.53,2026-06-27,2026-07-13,8.13,Accepted,Road,Low,For recycling process
REQ02101,WST00529,C024,C037,316.99,2026-08-02,2026-08-14,199.14,Accepted,Rail,Low,No additional remarks
REQ02102,WST00529,C028,C037,458.13,2026-06-23,2026-07-11,168.23,Accepted,Rail,High,Need immediate pickup
REQ02103,WST00529,C027,C037,302.76,2026-06-18,2026-06-27,175.56,Accepted,Road,Low,Need immediate pickup
REQ02104,WST00529,C047,C037,160.07,2026-06-26,2026-07-05,201.66,Accepted,Sea,High,Requested as secondary raw material
REQ02105,WST00530,C010,C037,1833.0,2026-05-16,2026-05-26,437.31,Accepted,Road,High,Bulk procurement
REQ02106,WST00530,C042,C037,3720.38,2026-08-03,2026-08-11,471.06,Cancelled,Sea,Low,Bulk procurement
REQ02107,WST00531,C002,C037,2679.14,2026-06-30,2026-07-13,121.47,Accepted,Road,Low,Price negotiation required
REQ02108,WST00531,C043,C037,1783.13,2026-06-03,2026-06-11,146.29,Pending,Road,Medium,Long-term procurement
REQ02109,WST00531,C028,C037,2932.67,2026-07-12,2026-07-31,132.65,Accepted,Road,Low,Bulk procurement
REQ02110,WST00531,C017,C037,985.13,2026-08-21,2026-08-27,120.16,Rejected,Road,Medium,Need immediate pickup
REQ02111,WST00531,C033,C037,2645.01,2026-06-05,2026-06-08,112.06,Accepted,Sea,High,Trial order
REQ02112,WST00532,C011,C038,1100.35,2026-05-30,2026-06-12,212.43,Pending,Sea,Low,Bulk procurement
REQ02113,WST00532,C012,C038,427.41,2026-06-12,2026-06-27,260.17,Pending,Road,High,Requested as secondary raw material
REQ02114,WST00532,C054,C038,430.56,2026-07-26,2026-08-02,270.87,Accepted,Sea,High,Requested as secondary raw material
REQ02115,WST00533,C049,C038,383.42,2026-07-06,2026-07-18,491.56,Rejected,Sea,Medium,No additional remarks
REQ02116,WST00533,C006,C038,230.8,2026-08-24,2026-08-30,434.34,Accepted,Road,High,Need immediate pickup
REQ02117,WST00533,C057,C038,558.0,2026-07-09,2026-07-21,395.7,Pending,Rail,High,Requested for pilot testing
REQ02118,WST00533,C005,C038,714.49,2026-07-22,2026-07-28,425.56,Accepted,Road,Medium,No additional remarks
REQ02119,WST00534,C053,C038,2080.65,2026-08-28,2026-09-06,469.37,Rejected,Road,High,Urgent production requirement
REQ02120,WST00534,C005,C038,2036.6,2026-08-22,2026-09-03,430.78,Pending,Road,Medium,Urgent production requirement
REQ02121,WST00535,C056,C038,1143.22,2026-08-16,2026-09-05,328.71,Accepted,Road,Low,Long-term procurement
REQ02122,WST00535,C004,C038,1639.42,2026-06-15,2026-07-03,348.33,Pending,Road,Low,Need immediate pickup
REQ02123,WST00535,C005,C038,1020.65,2026-09-05,2026-09-22,273.76,Accepted,Road,Medium,No additional remarks
REQ02124,WST00536,C047,C038,1441.13,2026-07-23,2026-08-09,56.26,Accepted,Road,High,For recycling process
REQ02125,WST00536,C036,C038,680.9,2026-08-12,2026-08-15,67.4,Accepted,Rail,High,No additional remarks
REQ02126,WST00536,C060,C038,1621.12,2026-09-09,2026-09-27,61.91,Pending,Road,Medium,Requested for pilot testing
REQ02127,WST00536,C010,C038,1829.32,2026-09-12,2026-09-18,68.63,Accepted,Rail,High,No additional remarks
REQ02128,WST00536,C030,C038,2285.58,2026-07-13,2026-07-26,68.67,Accepted,Road,Low,Bulk procurement
REQ02129,WST00536,C016,C038,2493.09,2026-07-23,2026-07-27,57.14,Rejected,Road,Medium,Requested for pilot testing
REQ02130,WST00537,C039,C038,3767.59,2026-07-08,2026-07-17,112.27,Pending,Road,Medium,Urgent production requirement
REQ02131,WST00537,C058,C038,1916.33,2026-07-10,2026-07-18,99.51,Pending,Road,Low,Trial order
REQ02132,WST00537,C051,C038,2624.1,2026-07-03,2026-07-11,129.8,Pending,Road,Low,Requested for pilot testing
REQ02133,WST00538,C020,C038,562.65,2026-08-03,2026-08-21,312.12,Rejected,Sea,Medium,Urgent production requirement
REQ02134,WST00538,C049,C038,450.96,2026-08-27,2026-09-04,265.73,Accepted,Road,High,Urgent production requirement
REQ02135,WST00538,C004,C038,267.29,2026-08-15,2026-09-01,261.92,Accepted,Rail,Medium,Long-term procurement
REQ02136,WST00538,C028,C038,402.39,2026-05-19,2026-05-27,305.28,Pending,Road,High,Bulk procurement
REQ02137,WST00538,C033,C038,392.77,2026-07-11,2026-07-28,256.3,Accepted,Road,Low,For recycling process
REQ02138,WST00539,C019,C038,1629.37,2026-07-01,2026-07-12,452.22,Pending,Road,High,Requested for pilot testing
REQ02139,WST00539,C024,C038,1070.17,2026-07-20,2026-08-09,393.29,Accepted,Road,High,Urgent production requirement
REQ02140,WST00539,C015,C038,3226.76,2026-09-04,2026-09-13,426.62,Accepted,Road,High,Price negotiation required
REQ02141,WST00539,C045,C038,1132.66,2026-06-06,2026-06-18,428.86,Accepted,Road,Medium,Requested as secondary raw material
REQ02142,WST00539,C022,C038,1790.06,2026-07-03,2026-07-16,396.51,Accepted,Road,Medium,Price negotiation required
REQ02143,WST00539,C020,C038,3681.89,2026-09-10,2026-09-28,490.13,Pending,Sea,Medium,For recycling process
REQ02144,WST00540,C053,C038,1371.31,2026-09-07,2026-09-13,563.35,Rejected,Road,Low,Need immediate pickup
REQ02145,WST00540,C014,C038,1799.53,2026-08-12,2026-08-22,513.28,Accepted,Rail,Medium,Requested as secondary raw material
REQ02146,WST00540,C014,C038,3037.6,2026-06-22,2026-07-10,554.55,Cancelled,Road,Medium,Requested as secondary raw material
REQ02147,WST00540,C041,C038,1459.9,2026-08-02,2026-08-10,533.38,Accepted,Road,Low,Price negotiation required
REQ02148,WST00540,C013,C038,1635.03,2026-07-16,2026-07-31,429.93,Rejected,Road,Medium,Need immediate pickup
REQ02149,WST00540,C018,C038,2245.53,2026-06-17,2026-06-19,509.29,Pending,Road,Low,Requested for pilot testing
REQ02150,WST00541,C007,C038,3117.82,2026-06-10,2026-06-14,377.33,Pending,Road,High,No additional remarks
REQ02151,WST00541,C051,C038,3405.03,2026-06-04,2026-06-11,363.22,Pending,Rail,Medium,No additional remarks
REQ02152,WST00541,C010,C038,4257.43,2026-07-15,2026-07-28,359.08,Pending,Rail,Medium,Price negotiation required
REQ02153,WST00542,C059,C039,1140.15,2026-08-17,2026-08-21,159.26,Cancelled,Road,High,No additional remarks
REQ02154,WST00542,C015,C039,616.97,2026-05-27,2026-06-14,198.91,Accepted,Road,Low,Long-term procurement
REQ02155,WST00543,C030,C039,864.34,2026-08-28,2026-09-03,505.58,Accepted,Road,High,Price negotiation required
REQ02156,WST00543,C005,C039,251.15,2026-07-27,2026-08-06,428.49,Rejected,Road,Low,Long-term procurement
REQ02157,WST00543,C016,C039,552.42,2026-09-01,2026-09-10,428.94,Accepted,Road,Medium,Requested for pilot testing
REQ02158,WST00543,C005,C039,419.46,2026-08-09,2026-08-14,414.57,Accepted,Road,High,Bulk procurement
REQ02159,WST00543,C055,C039,446.16,2026-06-13,2026-06-20,489.02,Rejected,Sea,Low,No additional remarks
REQ02160,WST00544,C045,C039,890.46,2026-07-12,2026-07-23,82.88,Cancelled,Road,Medium,Long-term procurement
REQ02161,WST00544,C027,C039,366.57,2026-05-25,2026-05-28,92.62,Accepted,Sea,High,Need immediate pickup
REQ02162,WST00544,C052,C039,801.72,2026-05-26,2026-06-13,81.87,Accepted,Rail,Medium,No additional remarks
REQ02163,WST00544,C059,C039,909.91,2026-07-24,2026-08-13,81.82,Cancelled,Road,High,Price negotiation required
REQ02164,WST00544,C048,C039,323.96,2026-06-25,2026-06-27,95.01,Cancelled,Road,Low,Price negotiation required
REQ02165,WST00545,C053,C039,4045.67,2026-08-06,2026-08-10,277.35,Accepted,Road,Low,Requested as secondary raw material
REQ02166,WST00545,C042,C039,3419.25,2026-07-19,2026-07-25,284.6,Accepted,Rail,Low,Trial order
REQ02167,WST00545,C049,C039,4782.92,2026-05-19,2026-05-22,251.59,Rejected,Rail,Medium,Long-term procurement
REQ02168,WST00545,C024,C039,4298.73,2026-07-29,2026-08-10,228.51,Accepted,Rail,High,Price negotiation required
REQ02169,WST00545,C052,C039,4030.53,2026-06-01,2026-06-18,249.91,Accepted,Road,Medium,Trial order
REQ02170,WST00546,C060,C039,1654.0,2026-08-19,2026-09-08,262.09,Cancelled,Road,High,Requested as secondary raw material
REQ02171,WST00546,C038,C039,1488.58,2026-06-28,2026-07-09,340.39,Rejected,Sea,High,Urgent production requirement
REQ02172,WST00546,C017,C039,594.76,2026-05-29,2026-06-01,260.08,Pending,Road,High,No additional remarks
REQ02173,WST00547,C043,C039,912.54,2026-05-19,2026-06-06,192.79,Accepted,Road,Medium,For recycling process
REQ02174,WST00547,C054,C039,798.01,2026-08-06,2026-08-21,182.29,Pending,Rail,Low,Requested for pilot testing
REQ02175,WST00547,C060,C039,686.14,2026-05-24,2026-06-06,179.63,Pending,Road,Low,Trial order
REQ02176,WST00547,C007,C039,1104.11,2026-07-21,2026-08-01,208.84,Accepted,Road,Low,Long-term procurement
REQ02177,WST00547,C028,C039,710.91,2026-07-09,2026-07-25,188.55,Accepted,Road,Low,Need immediate pickup
REQ02178,WST00548,C049,C039,627.16,2026-07-04,2026-07-13,166.6,Pending,Rail,Low,Urgent production requirement
REQ02179,WST00548,C032,C039,182.64,2026-05-30,2026-06-04,178.65,Accepted,Road,Low,Price negotiation required
REQ02180,WST00548,C015,C039,322.56,2026-07-23,2026-08-04,164.14,Accepted,Road,Low,Requested as secondary raw material
REQ02181,WST00549,C048,C039,783.32,2026-08-10,2026-08-20,434.74,Accepted,Sea,Medium,For recycling process
REQ02182,WST00549,C028,C039,676.69,2026-05-24,2026-05-26,410.9,Accepted,Road,Medium,Requested as secondary raw material
REQ02183,WST00549,C021,C039,866.22,2026-05-22,2026-06-11,400.12,Pending,Road,High,Requested for pilot testing
REQ02184,WST00550,C023,C039,3126.98,2026-07-14,2026-07-30,460.09,Accepted,Road,Medium,Requested for pilot testing
REQ02185,WST00550,C042,C039,2720.67,2026-07-05,2026-07-13,409.87,Pending,Road,Medium,Price negotiation required
REQ02186,WST00551,C029,C039,303.93,2026-06-20,2026-07-05,213.18,Pending,Sea,High,Need immediate pickup
REQ02187,WST00551,C003,C039,759.41,2026-08-01,2026-08-17,228.33,Accepted,Rail,Medium,Trial order
REQ02188,WST00551,C014,C039,530.88,2026-06-20,2026-07-07,207.46,Accepted,Road,Low,Urgent production requirement
REQ02189,WST00552,C002,C039,1622.68,2026-06-15,2026-06-23,238.53,Accepted,Road,Medium,Requested as secondary raw material
REQ02190,WST00552,C038,C039,2257.73,2026-06-14,2026-06-27,269.47,Pending,Road,Low,Need immediate pickup
REQ02191,WST00552,C011,C039,1268.45,2026-05-24,2026-05-27,278.12,Accepted,Rail,High,Price negotiation required
REQ02192,WST00552,C046,C039,814.65,2026-06-28,2026-07-15,260.74,Accepted,Sea,Medium,Need immediate pickup
REQ02193,WST00553,C025,C039,1937.55,2026-09-09,2026-09-19,279.33,Pending,Road,High,Urgent production requirement
REQ02194,WST00553,C004,C039,2127.84,2026-07-16,2026-07-31,261.64,Accepted,Road,High,No additional remarks
REQ02195,WST00553,C056,C039,663.44,2026-07-20,2026-08-06,292.82,Pending,Road,Low,Price negotiation required
REQ02196,WST00553,C001,C039,1343.06,2026-07-14,2026-07-16,273.42,Pending,Road,High,Need immediate pickup
REQ02197,WST00553,C009,C039,1930.17,2026-05-27,2026-05-29,311.82,Pending,Sea,Low,Requested as secondary raw material
REQ02198,WST00553,C041,C039,1630.79,2026-05-20,2026-05-27,280.44,Rejected,Road,Medium,Requested as secondary raw material
REQ02199,WST00554,C011,C039,1314.55,2026-06-03,2026-06-06,340.21,Pending,Road,Medium,Requested as secondary raw material
REQ02200,WST00554,C031,C039,792.55,2026-08-22,2026-08-27,274.98,Accepted,Rail,Medium,Price negotiation required
REQ02201,WST00554,C040,C039,748.13,2026-07-06,2026-07-15,303.92,Rejected,Road,Low,Urgent production requirement
REQ02202,WST00555,C049,C039,3749.51,2026-08-26,2026-09-09,71.08,Accepted,Rail,Medium,Requested for pilot testing
REQ02203,WST00555,C020,C039,2616.13,2026-06-25,2026-07-08,68.5,Cancelled,Road,High,Bulk procurement
REQ02204,WST00556,C029,C039,1472.56,2026-07-25,2026-07-30,361.46,Cancelled,Road,Low,Bulk procurement
REQ02205,WST00556,C057,C039,931.25,2026-06-20,2026-06-23,363.29,Rejected,Road,Medium,Urgent production requirement
REQ02206,WST00556,C020,C039,1892.13,2026-08-07,2026-08-21,287.06,Rejected,Road,High,No additional remarks
REQ02207,WST00557,C021,C039,149.48,2026-08-02,2026-08-14,425.12,Accepted,Road,Low,For recycling process
REQ02208,WST00557,C005,C039,229.88,2026-06-15,2026-06-18,463.89,Accepted,Road,Low,Requested for pilot testing
REQ02209,WST00557,C033,C039,119.02,2026-07-04,2026-07-17,392.69,Pending,Road,Medium,Bulk procurement
REQ02210,WST00557,C033,C039,94.81,2026-06-01,2026-06-19,418.52,Pending,Road,Medium,Long-term procurement
REQ02211,WST00557,C042,C039,192.72,2026-08-08,2026-08-14,418.84,Pending,Road,Low,Need immediate pickup
REQ02212,WST00558,C046,C039,1643.35,2026-08-27,2026-09-14,26.6,Rejected,Road,High,No additional remarks
REQ02213,WST00558,C030,C039,1536.94,2026-06-24,2026-07-11,24.93,Rejected,Sea,Low,Trial order
REQ02214,WST00558,C044,C039,797.71,2026-06-18,2026-06-27,29.46,Accepted,Sea,High,Need immediate pickup
REQ02215,WST00558,C012,C039,2838.27,2026-09-02,2026-09-19,28.36,Accepted,Road,Low,Trial order
REQ02216,WST00558,C032,C039,1965.15,2026-08-07,2026-08-12,32.76,Pending,Road,Low,Bulk procurement
REQ02217,WST00559,C050,C039,743.44,2026-08-19,2026-08-22,197.39,Pending,Rail,Low,Urgent production requirement
REQ02218,WST00559,C051,C039,2161.25,2026-05-26,2026-06-09,197.43,Accepted,Road,Medium,No additional remarks
REQ02219,WST00559,C011,C039,2138.04,2026-07-09,2026-07-15,174.66,Pending,Rail,Low,For recycling process
REQ02220,WST00559,C028,C039,594.6,2026-06-26,2026-07-11,161.72,Pending,Road,Low,Bulk procurement
REQ02221,WST00560,C007,C039,259.13,2026-06-22,2026-07-05,326.99,Pending,Road,Low,Long-term procurement
REQ02222,WST00560,C002,C039,155.81,2026-06-20,2026-07-09,322.11,Rejected,Road,Low,For recycling process
REQ02223,WST00560,C051,C039,143.15,2026-06-04,2026-06-11,250.48,Accepted,Road,High,For recycling process
REQ02224,WST00560,C040,C039,242.33,2026-06-15,2026-06-27,276.5,Rejected,Sea,Low,Requested as secondary raw material
REQ02225,WST00561,C006,C039,3383.68,2026-09-05,2026-09-20,38.77,Accepted,Road,Low,Long-term procurement
REQ02226,WST00561,C007,C039,3115.44,2026-06-22,2026-07-09,32.97,Pending,Sea,High,Trial order
REQ02227,WST00561,C027,C039,1982.08,2026-07-31,2026-08-04,29.05,Cancelled,Road,Medium,No additional remarks
REQ02228,WST00562,C047,C039,1601.94,2026-05-17,2026-05-28,123.07,Accepted,Road,High,Bulk procurement
REQ02229,WST00562,C050,C039,900.3,2026-06-11,2026-06-17,151.45,Accepted,Road,Medium,Requested for pilot testing
REQ02230,WST00562,C014,C039,1729.85,2026-05-17,2026-05-22,124.94,Pending,Sea,Medium,Price negotiation required
REQ02231,WST00562,C015,C039,864.35,2026-06-21,2026-06-28,125.69,Accepted,Sea,Low,Requested for pilot testing
REQ02232,WST00562,C024,C039,2807.4,2026-08-11,2026-08-16,160.32,Accepted,Rail,Low,Bulk procurement
REQ02233,WST00563,C032,C039,944.17,2026-08-04,2026-08-09,186.23,Accepted,Road,High,For recycling process
REQ02234,WST00563,C001,C039,890.1,2026-07-25,2026-08-11,180.43,Pending,Road,Medium,Urgent production requirement
REQ02235,WST00563,C056,C039,388.86,2026-09-03,2026-09-14,230.33,Pending,Rail,High,Trial order
REQ02236,WST00564,C018,C039,3625.75,2026-06-10,2026-06-16,400.98,Pending,Road,Low,Long-term procurement
REQ02237,WST00564,C009,C039,3441.11,2026-09-06,2026-09-24,495.23,Accepted,Road,High,Price negotiation required
REQ02238,WST00564,C038,C039,2099.81,2026-07-08,2026-07-11,485.14,Accepted,Sea,Medium,Trial order
REQ02239,WST00564,C005,C039,2893.37,2026-07-10,2026-07-21,385.93,Cancelled,Road,Medium,Requested for pilot testing
REQ02240,WST00564,C060,C039,3367.23,2026-06-01,2026-06-07,396.79,Pending,Road,Low,Urgent production requirement
REQ02241,WST00564,C020,C039,4599.49,2026-06-06,2026-06-19,429.71,Accepted,Sea,High,Requested for pilot testing
REQ02242,WST00565,C046,C040,884.3,2026-08-25,2026-08-29,421.33,Accepted,Road,High,Requested as secondary raw material
REQ02243,WST00565,C042,C040,3036.84,2026-09-07,2026-09-15,367.43,Accepted,Road,High,Need immediate pickup
REQ02244,WST00565,C056,C040,1670.21,2026-05-17,2026-06-02,413.37,Accepted,Rail,High,Trial order
REQ02245,WST00566,C037,C040,3162.56,2026-06-12,2026-06-27,446.72,Pending,Sea,Low,Urgent production requirement
REQ02246,WST00566,C006,C040,1643.04,2026-06-17,2026-06-29,410.45,Pending,Road,Medium,For recycling process
REQ02247,WST00566,C059,C040,1145.99,2026-08-29,2026-09-16,540.19,Accepted,Rail,Medium,Urgent production requirement
REQ02248,WST00566,C021,C040,3849.96,2026-07-06,2026-07-09,503.87,Pending,Road,Low,Need immediate pickup
REQ02249,WST00567,C007,C040,62.73,2026-06-14,2026-06-29,84.97,Rejected,Road,High,Bulk procurement
REQ02250,WST00567,C029,C040,142.84,2026-05-20,2026-05-28,110.2,Accepted,Rail,Medium,Requested as secondary raw material
REQ02251,WST00567,C029,C040,141.63,2026-06-22,2026-06-24,100.6,Pending,Road,Medium,Need immediate pickup
REQ02252,WST00567,C038,C040,137.28,2026-09-01,2026-09-11,108.64,Pending,Road,High,Requested as secondary raw material
REQ02253,WST00567,C041,C040,87.85,2026-06-21,2026-06-29,91.11,Accepted,Road,Medium,Urgent production requirement
REQ02254,WST00567,C059,C040,122.14,2026-05-31,2026-06-05,94.47,Cancelled,Rail,Medium,Requested for pilot testing
REQ02255,WST00568,C017,C040,1342.82,2026-08-23,2026-09-06,283.72,Pending,Rail,High,Price negotiation required
REQ02256,WST00568,C013,C040,1412.9,2026-07-06,2026-07-10,328.25,Accepted,Road,Medium,Long-term procurement
REQ02257,WST00568,C048,C040,2071.48,2026-06-22,2026-07-12,321.58,Pending,Road,Medium,Bulk procurement
REQ02258,WST00569,C036,C041,289.11,2026-07-19,2026-07-29,222.11,Pending,Road,Medium,Trial order
REQ02259,WST00569,C003,C041,187.17,2026-07-26,2026-08-12,228.76,Accepted,Road,High,Bulk procurement
REQ02260,WST00569,C039,C041,269.42,2026-07-18,2026-07-25,237.59,Pending,Rail,Low,Requested for pilot testing
REQ02261,WST00570,C042,C041,705.5,2026-05-30,2026-06-15,411.94,Accepted,Road,Low,No additional remarks
REQ02262,WST00570,C047,C041,1036.85,2026-08-23,2026-09-04,414.53,Rejected,Rail,Medium,Requested for pilot testing
REQ02263,WST00570,C003,C041,1116.09,2026-07-30,2026-08-04,438.98,Rejected,Sea,Medium,Requested for pilot testing
REQ02264,WST00571,C008,C041,3150.1,2026-06-18,2026-07-06,385.92,Cancelled,Road,Low,Requested for pilot testing
REQ02265,WST00571,C019,C041,2274.05,2026-05-29,2026-06-08,379.88,Pending,Road,High,No additional remarks
REQ02266,WST00571,C023,C041,1926.77,2026-08-17,2026-08-25,486.49,Accepted,Road,High,For recycling process
REQ02267,WST00571,C042,C041,2453.83,2026-09-07,2026-09-27,428.94,Pending,Road,Low,Bulk procurement
REQ02268,WST00571,C053,C041,3382.54,2026-07-02,2026-07-20,500.55,Cancelled,Road,High,Long-term procurement
REQ02269,WST00571,C023,C041,3590.22,2026-05-27,2026-06-13,453.16,Pending,Road,Medium,For recycling process
REQ02270,WST00572,C014,C041,3171.4,2026-05-16,2026-06-04,239.2,Cancelled,Road,Medium,Bulk procurement
REQ02271,WST00572,C029,C041,3280.87,2026-08-07,2026-08-26,249.9,Pending,Road,High,Price negotiation required
REQ02272,WST00572,C020,C041,2755.24,2026-09-12,2026-09-29,244.21,Accepted,Road,Low,Bulk procurement
REQ02273,WST00572,C044,C041,733.03,2026-09-12,2026-09-16,243.46,Pending,Road,Medium,Trial order
REQ02274,WST00572,C001,C041,2243.08,2026-07-20,2026-07-29,283.03,Accepted,Road,Medium,Price negotiation required
REQ02275,WST00573,C028,C041,235.49,2026-08-04,2026-08-09,222.74,Pending,Road,High,Trial order
REQ02276,WST00573,C028,C041,169.18,2026-08-01,2026-08-16,197.62,Accepted,Road,Low,No additional remarks
REQ02277,WST00573,C043,C041,342.86,2026-09-01,2026-09-11,206.28,Accepted,Road,High,Long-term procurement
REQ02278,WST00574,C008,C041,584.75,2026-07-11,2026-07-31,174.93,Rejected,Road,High,Price negotiation required
REQ02279,WST00574,C051,C041,432.8,2026-07-24,2026-08-11,168.01,Rejected,Road,High,Need immediate pickup
REQ02280,WST00574,C014,C041,416.35,2026-05-30,2026-06-12,161.49,Pending,Road,Low,Long-term procurement
REQ02281,WST00575,C033,C041,375.26,2026-07-07,2026-07-19,38.92,Accepted,Road,High,Price negotiation required
REQ02282,WST00575,C017,C041,685.54,2026-07-13,2026-08-01,35.8,Rejected,Rail,High,Need immediate pickup
REQ02283,WST00576,C012,C041,2843.54,2026-08-28,2026-09-05,405.72,Rejected,Sea,High,Requested for pilot testing
REQ02284,WST00576,C058,C041,1751.2,2026-06-05,2026-06-10,498.81,Pending,Rail,High,Requested as secondary raw material
REQ02285,WST00577,C053,C041,3007.84,2026-05-18,2026-06-06,333.49,Accepted,Road,High,Price negotiation required
REQ02286,WST00577,C010,C041,3485.3,2026-07-09,2026-07-16,361.33,Cancelled,Road,High,Requested for pilot testing
REQ02287,WST00577,C019,C041,3521.42,2026-06-15,2026-07-02,328.74,Pending,Rail,Medium,No additional remarks
REQ02288,WST00577,C013,C041,2889.64,2026-08-07,2026-08-26,373.36,Accepted,Road,Medium,Price negotiation required
REQ02289,WST00577,C029,C041,1308.42,2026-06-19,2026-06-23,349.12,Accepted,Rail,Medium,Bulk procurement
REQ02290,WST00578,C026,C041,2644.42,2026-08-06,2026-08-18,220.81,Accepted,Road,Low,Long-term procurement
REQ02291,WST00578,C035,C041,2345.98,2026-07-02,2026-07-09,246.81,Rejected,Road,Low,For recycling process
REQ02292,WST00578,C004,C041,1580.76,2026-08-04,2026-08-21,196.88,Accepted,Road,Low,Need immediate pickup
REQ02293,WST00578,C046,C041,2623.79,2026-08-22,2026-09-01,261.27,Rejected,Road,High,No additional remarks
REQ02294,WST00579,C010,C041,2148.31,2026-05-18,2026-05-26,213.43,Accepted,Rail,Medium,Price negotiation required
REQ02295,WST00579,C004,C041,2587.27,2026-09-12,2026-09-20,205.77,Accepted,Road,Medium,Long-term procurement
REQ02296,WST00579,C040,C041,1475.81,2026-06-10,2026-06-29,204.86,Accepted,Rail,Low,No additional remarks
REQ02297,WST00579,C046,C041,780.07,2026-06-15,2026-06-29,207.65,Pending,Road,Medium,Trial order
REQ02298,WST00580,C045,C042,971.54,2026-07-31,2026-08-03,168.79,Accepted,Rail,Low,Bulk procurement
REQ02299,WST00580,C022,C042,798.1,2026-07-25,2026-08-07,201.14,Pending,Rail,High,For recycling process
REQ02300,WST00580,C009,C042,1387.68,2026-05-23,2026-06-02,212.15,Pending,Road,Medium,Requested as secondary raw material
REQ02301,WST00580,C019,C042,1604.22,2026-07-31,2026-08-19,216.67,Accepted,Road,Medium,Need immediate pickup
REQ02302,WST00580,C001,C042,876.49,2026-05-27,2026-06-16,177.88,Rejected,Road,Low,Price negotiation required
REQ02303,WST00581,C020,C042,2333.09,2026-06-24,2026-07-14,16.71,Pending,Road,Medium,Need immediate pickup
REQ02304,WST00581,C038,C042,1817.23,2026-06-10,2026-06-13,18.33,Rejected,Road,Low,Requested for pilot testing
REQ02305,WST00581,C048,C042,1948.65,2026-08-04,2026-08-06,14.18,Pending,Sea,High,For recycling process
REQ02306,WST00581,C028,C042,812.1,2026-08-28,2026-09-10,18.42,Pending,Road,Low,Bulk procurement
REQ02307,WST00581,C029,C042,1592.44,2026-08-04,2026-08-24,16.42,Rejected,Sea,High,Need immediate pickup
REQ02308,WST00582,C027,C042,1584.32,2026-07-05,2026-07-14,156.96,Rejected,Road,Medium,For recycling process
REQ02309,WST00582,C022,C042,651.2,2026-06-26,2026-07-02,162.53,Accepted,Road,Low,No additional remarks
REQ02310,WST00582,C038,C042,1076.05,2026-06-20,2026-06-26,125.74,Pending,Road,Medium,Price negotiation required
REQ02311,WST00582,C044,C042,2901.1,2026-08-03,2026-08-16,132.57,Accepted,Sea,Medium,Trial order
REQ02312,WST00583,C038,C042,2908.86,2026-06-22,2026-07-04,81.08,Pending,Road,Medium,Need immediate pickup
REQ02313,WST00583,C045,C042,1024.73,2026-06-29,2026-07-18,76.47,Pending,Rail,Medium,Requested as secondary raw material
REQ02314,WST00583,C059,C042,4634.39,2026-08-07,2026-08-13,74.06,Accepted,Road,Medium,Requested as secondary raw material
REQ02315,WST00584,C021,C043,415.03,2026-05-30,2026-06-16,421.14,Rejected,Road,Medium,Urgent production requirement
REQ02316,WST00584,C012,C043,241.84,2026-06-05,2026-06-22,390.18,Accepted,Rail,High,For recycling process
REQ02317,WST00585,C018,C043,2128.36,2026-08-16,2026-08-20,290.2,Rejected,Road,Medium,Trial order
REQ02318,WST00585,C029,C043,3847.43,2026-08-24,2026-09-02,282.35,Pending,Road,High,No additional remarks
REQ02319,WST00585,C016,C043,2001.62,2026-06-20,2026-06-29,259.04,Pending,Road,High,For recycling process
REQ02320,WST00585,C049,C043,1918.82,2026-07-29,2026-08-10,279.3,Pending,Sea,High,Need immediate pickup
REQ02321,WST00585,C045,C043,3516.93,2026-09-05,2026-09-21,318.9,Accepted,Road,Low,Trial order
REQ02322,WST00586,C060,C043,2667.3,2026-08-14,2026-08-31,81.95,Accepted,Road,Low,Urgent production requirement
REQ02323,WST00586,C025,C043,3523.05,2026-05-20,2026-05-28,86.34,Accepted,Road,Medium,Requested for pilot testing
REQ02324,WST00586,C058,C043,3260.42,2026-07-07,2026-07-18,89.06,Rejected,Road,Medium,For recycling process
REQ02325,WST00586,C018,C043,3045.47,2026-06-30,2026-07-19,82.71,Rejected,Rail,High,No additional remarks
REQ02326,WST00586,C026,C043,3715.45,2026-06-13,2026-06-25,74.37,Pending,Sea,Low,Bulk procurement
REQ02327,WST00587,C044,C043,1120.01,2026-05-16,2026-05-25,426.48,Accepted,Road,High,Price negotiation required
REQ02328,WST00587,C047,C043,2176.3,2026-06-14,2026-06-17,369.82,Accepted,Road,Medium,No additional remarks
REQ02329,WST00587,C042,C043,2701.69,2026-08-19,2026-08-24,409.62,Accepted,Road,High,For recycling process
REQ02330,WST00587,C012,C043,2730.67,2026-06-19,2026-06-26,360.83,Accepted,Road,High,Requested for pilot testing
REQ02331,WST00587,C022,C043,4435.27,2026-08-26,2026-09-13,392.68,Rejected,Road,Low,Price negotiation required
REQ02332,WST00587,C044,C043,4402.79,2026-07-15,2026-07-17,436.23,Pending,Rail,Low,Trial order
REQ02333,WST00588,C014,C043,2954.48,2026-05-27,2026-06-06,14.42,Accepted,Rail,High,Need immediate pickup
REQ02334,WST00588,C007,C043,1333.7,2026-08-01,2026-08-10,13.76,Cancelled,Rail,High,Trial order
REQ02335,WST00588,C040,C043,974.46,2026-07-25,2026-08-11,15.52,Rejected,Road,High,No additional remarks
REQ02336,WST00588,C060,C043,2767.6,2026-07-27,2026-08-15,12.56,Rejected,Rail,Medium,Requested as secondary raw material
REQ02337,WST00589,C007,C043,963.49,2026-06-24,2026-07-11,319.22,Accepted,Road,Low,Need immediate pickup
REQ02338,WST00589,C032,C043,1917.29,2026-08-28,2026-08-30,296.68,Rejected,Road,Medium,Long-term procurement
REQ02339,WST00589,C023,C043,1721.61,2026-08-20,2026-08-25,243.4,Pending,Sea,Medium,Requested as secondary raw material
REQ02340,WST00589,C053,C043,472.88,2026-07-29,2026-08-14,282.35,Pending,Road,High,Urgent production requirement
REQ02341,WST00590,C012,C043,2550.95,2026-05-21,2026-06-06,51.17,Rejected,Road,Low,Requested for pilot testing
REQ02342,WST00590,C033,C043,2038.5,2026-08-30,2026-09-08,52.82,Pending,Road,Medium,Requested for pilot testing
REQ02343,WST00590,C008,C043,3527.85,2026-06-26,2026-07-03,51.26,Pending,Rail,Low,Price negotiation required
REQ02344,WST00591,C022,C043,335.29,2026-08-16,2026-08-21,499.89,Accepted,Road,High,For recycling process
REQ02345,WST00591,C007,C043,308.3,2026-08-07,2026-08-14,465.61,Pending,Rail,Medium,No additional remarks
REQ02346,WST00592,C056,C043,342.33,2026-08-11,2026-08-29,94.72,Accepted,Rail,High,Bulk procurement
REQ02347,WST00592,C040,C043,522.12,2026-05-22,2026-06-08,99.32,Pending,Road,Medium,Urgent production requirement
REQ02348,WST00592,C032,C043,403.09,2026-07-08,2026-07-10,93.24,Rejected,Sea,Medium,Requested for pilot testing
REQ02349,WST00592,C011,C043,482.85,2026-07-11,2026-07-15,94.17,Cancelled,Road,High,No additional remarks
REQ02350,WST00593,C060,C043,2985.1,2026-08-23,2026-08-26,479.49,Pending,Rail,High,Bulk procurement
REQ02351,WST00593,C055,C043,2835.45,2026-08-29,2026-09-14,423.52,Cancelled,Road,High,Urgent production requirement
REQ02352,WST00593,C034,C043,1271.97,2026-06-25,2026-07-13,454.5,Pending,Road,High,Price negotiation required
REQ02353,WST00593,C052,C043,1880.7,2026-07-07,2026-07-24,415.38,Accepted,Road,High,No additional remarks
REQ02354,WST00593,C041,C043,1211.89,2026-06-26,2026-07-13,439.45,Pending,Road,Medium,Bulk procurement
REQ02355,WST00594,C001,C043,3029.34,2026-06-25,2026-06-30,263.23,Pending,Road,Medium,Price negotiation required
REQ02356,WST00594,C025,C043,1432.66,2026-07-10,2026-07-15,261.66,Pending,Road,Low,No additional remarks
REQ02357,WST00594,C047,C043,2618.43,2026-08-20,2026-08-30,263.59,Accepted,Rail,High,Trial order
REQ02358,WST00594,C028,C043,3273.93,2026-08-28,2026-08-30,322.34,Pending,Rail,Medium,Requested for pilot testing
REQ02359,WST00595,C044,C043,920.67,2026-05-21,2026-06-06,322.33,Accepted,Road,Medium,Price negotiation required
REQ02360,WST00595,C029,C043,905.02,2026-06-20,2026-06-24,330.75,Accepted,Road,High,Requested as secondary raw material
REQ02361,WST00595,C049,C043,694.23,2026-09-05,2026-09-25,406.16,Pending,Rail,High,Bulk procurement
REQ02362,WST00595,C051,C043,850.8,2026-08-06,2026-08-11,359.3,Accepted,Road,Low,Need immediate pickup
REQ02363,WST00596,C035,C043,341.53,2026-08-16,2026-08-21,431.35,Accepted,Road,Low,Trial order
REQ02364,WST00596,C048,C043,300.81,2026-07-16,2026-07-22,508.34,Pending,Road,Low,For recycling process
REQ02365,WST00596,C024,C043,267.33,2026-09-02,2026-09-12,465.58,Rejected,Road,Low,Urgent production requirement
REQ02366,WST00597,C010,C043,836.79,2026-06-03,2026-06-05,379.46,Rejected,Rail,High,Need immediate pickup
REQ02367,WST00597,C020,C043,1361.41,2026-07-09,2026-07-17,364.97,Cancelled,Rail,High,No additional remarks
REQ02368,WST00597,C060,C043,900.45,2026-08-11,2026-08-26,347.55,Pending,Rail,Medium,Need immediate pickup
REQ02369,WST00598,C018,C043,912.21,2026-06-25,2026-06-30,513.65,Pending,Road,Medium,Urgent production requirement
REQ02370,WST00598,C015,C043,1567.72,2026-07-26,2026-08-08,440.29,Pending,Road,Low,For recycling process
REQ02371,WST00599,C017,C043,1851.99,2026-08-11,2026-08-22,392.62,Pending,Road,High,No additional remarks
REQ02372,WST00599,C010,C043,1557.59,2026-08-04,2026-08-06,441.97,Rejected,Rail,Low,Requested as secondary raw material
REQ02373,WST00599,C056,C043,1162.41,2026-06-09,2026-06-28,356.49,Pending,Road,High,Need immediate pickup
REQ02374,WST00599,C053,C043,1007.41,2026-09-02,2026-09-07,346.49,Accepted,Road,Medium,Trial order
REQ02375,WST00599,C022,C043,1057.11,2026-05-23,2026-05-29,396.92,Rejected,Road,Low,Price negotiation required
REQ02376,WST00600,C033,C043,1288.43,2026-07-04,2026-07-16,378.09,Accepted,Road,Medium,For recycling process
REQ02377,WST00600,C059,C043,1656.17,2026-08-17,2026-08-22,373.24,Pending,Sea,High,Bulk procurement
REQ02378,WST00600,C024,C043,614.78,2026-07-21,2026-08-01,390.45,Accepted,Road,High,Requested for pilot testing
REQ02379,WST00600,C012,C043,1193.18,2026-09-03,2026-09-15,416.7,Accepted,Road,Medium,Urgent production requirement
REQ02380,WST00600,C005,C043,1680.52,2026-09-10,2026-09-18,408.62,Pending,Road,Low,Trial order
REQ02381,WST00601,C057,C043,1160.19,2026-05-27,2026-06-07,65.1,Cancelled,Road,High,Requested for pilot testing
REQ02382,WST00601,C040,C043,901.28,2026-06-09,2026-06-16,60.53,Pending,Road,Medium,Long-term procurement
REQ02383,WST00601,C027,C043,1369.77,2026-06-13,2026-06-23,59.49,Accepted,Road,Low,Requested as secondary raw material
REQ02384,WST00601,C049,C043,854.33,2026-06-21,2026-07-04,55.7,Accepted,Road,Low,Long-term procurement
REQ02385,WST00601,C039,C043,1351.5,2026-08-17,2026-08-23,61.18,Rejected,Road,Low,Price negotiation required
REQ02386,WST00602,C003,C043,2959.92,2026-07-12,2026-07-17,56.04,Rejected,Road,Medium,Urgent production requirement
REQ02387,WST00602,C001,C043,1285.13,2026-09-10,2026-09-23,63.44,Rejected,Rail,High,For recycling process
REQ02388,WST00602,C008,C043,812.48,2026-08-03,2026-08-06,72.51,Accepted,Road,Medium,Requested for pilot testing
REQ02389,WST00603,C047,C043,1689.59,2026-08-22,2026-08-24,308.2,Cancelled,Road,High,Bulk procurement
REQ02390,WST00603,C047,C043,3222.33,2026-06-15,2026-06-17,340.17,Cancelled,Rail,Medium,Trial order
REQ02391,WST00603,C047,C043,1033.41,2026-09-03,2026-09-15,327.94,Pending,Road,High,Bulk procurement
REQ02392,WST00603,C041,C043,2655.11,2026-05-24,2026-06-05,274.84,Pending,Road,Low,Trial order
REQ02393,WST00603,C037,C043,1653.99,2026-07-06,2026-07-13,299.47,Accepted,Road,High,Long-term procurement
REQ02394,WST00603,C045,C043,1308.74,2026-06-30,2026-07-03,299.71,Rejected,Sea,High,Bulk procurement
REQ02395,WST00604,C041,C043,356.45,2026-07-31,2026-08-07,79.57,Cancelled,Road,High,Need immediate pickup
REQ02396,WST00604,C029,C043,233.92,2026-08-26,2026-09-03,81.0,Pending,Road,High,Price negotiation required
REQ02397,WST00605,C015,C043,654.75,2026-05-20,2026-05-22,223.32,Accepted,Road,Medium,Bulk procurement
REQ02398,WST00605,C030,C043,1433.24,2026-06-30,2026-07-08,229.13,Accepted,Rail,Medium,Need immediate pickup
REQ02399,WST00606,C017,C043,2144.23,2026-08-13,2026-08-24,278.84,Pending,Road,High,Long-term procurement
REQ02400,WST00606,C032,C043,3355.72,2026-09-05,2026-09-18,285.51,Accepted,Road,Low,Long-term procurement
REQ02401,WST00607,C031,C044,2041.73,2026-05-22,2026-05-25,23.77,Accepted,Road,Low,Bulk procurement
REQ02402,WST00607,C032,C044,1578.71,2026-08-28,2026-09-14,23.99,Pending,Road,Medium,Requested as secondary raw material
REQ02403,WST00607,C018,C044,1127.39,2026-05-30,2026-06-12,22.88,Accepted,Rail,Low,Trial order
REQ02404,WST00607,C031,C044,3067.18,2026-06-20,2026-07-08,25.54,Accepted,Road,Low,Price negotiation required
REQ02405,WST00607,C045,C044,2887.93,2026-07-25,2026-07-31,24.61,Pending,Road,Low,Need immediate pickup
REQ02406,WST00608,C057,C044,2204.4,2026-09-02,2026-09-17,379.72,Accepted,Rail,Medium,Urgent production requirement
REQ02407,WST00608,C004,C044,3884.13,2026-08-01,2026-08-14,352.67,Accepted,Road,Medium,No additional remarks
REQ02408,WST00608,C015,C044,3957.67,2026-08-21,2026-08-28,421.35,Accepted,Road,Low,Requested for pilot testing
REQ02409,WST00608,C017,C044,2477.69,2026-06-17,2026-07-01,349.54,Pending,Sea,High,Requested as secondary raw material
REQ02410,WST00608,C006,C044,1757.91,2026-07-27,2026-08-12,363.83,Rejected,Road,High,Trial order
REQ02411,WST00608,C034,C044,4283.9,2026-06-09,2026-06-15,456.0,Accepted,Road,Medium,Urgent production requirement
REQ02412,WST00609,C043,C044,298.7,2026-06-02,2026-06-05,318.05,Pending,Road,Low,Bulk procurement
REQ02413,WST00609,C020,C044,898.21,2026-08-13,2026-08-18,313.34,Accepted,Rail,Medium,Bulk procurement
REQ02414,WST00610,C053,C044,1049.55,2026-09-03,2026-09-17,125.4,Accepted,Rail,High,No additional remarks
REQ02415,WST00610,C028,C044,1035.2,2026-08-31,2026-09-09,123.86,Accepted,Road,Medium,Need immediate pickup
REQ02416,WST00610,C054,C044,1682.97,2026-08-09,2026-08-14,149.51,Accepted,Rail,High,Bulk procurement
REQ02417,WST00611,C028,C044,2037.35,2026-07-19,2026-07-27,282.59,Accepted,Road,High,Urgent production requirement
REQ02418,WST00611,C039,C044,1209.05,2026-08-12,2026-08-20,329.14,Pending,Road,Low,Requested as secondary raw material
REQ02419,WST00611,C042,C044,1446.89,2026-05-27,2026-06-12,296.72,Pending,Rail,Medium,Requested as secondary raw material
REQ02420,WST00612,C025,C044,134.67,2026-08-25,2026-09-04,153.8,Accepted,Rail,High,Price negotiation required
REQ02421,WST00612,C009,C044,212.57,2026-07-06,2026-07-21,148.98,Cancelled,Road,Medium,No additional remarks
REQ02422,WST00612,C055,C044,177.02,2026-06-11,2026-06-24,136.39,Accepted,Rail,Low,Need immediate pickup
REQ02423,WST00613,C032,C044,1388.1,2026-05-24,2026-06-09,251.37,Rejected,Road,High,Need immediate pickup
REQ02424,WST00613,C039,C044,1958.15,2026-08-02,2026-08-16,268.42,Cancelled,Road,Medium,Trial order
REQ02425,WST00613,C060,C044,1131.51,2026-06-28,2026-07-14,236.3,Rejected,Road,High,Trial order
REQ02426,WST00614,C059,C044,2659.38,2026-08-31,2026-09-18,42.95,Rejected,Road,High,For recycling process
REQ02427,WST00614,C027,C044,2431.46,2026-08-05,2026-08-20,53.32,Pending,Rail,Medium,No additional remarks
REQ02428,WST00614,C015,C044,1203.01,2026-05-18,2026-06-06,42.75,Cancelled,Road,Low,Price negotiation required
REQ02429,WST00614,C056,C044,2822.42,2026-08-01,2026-08-13,54.6,Accepted,Road,High,Long-term procurement
REQ02430,WST00614,C027,C044,2525.33,2026-08-27,2026-09-09,54.53,Rejected,Road,Low,Requested as secondary raw material
REQ02431,WST00615,C051,C044,67.98,2026-08-20,2026-08-27,215.52,Cancelled,Road,Low,No additional remarks
REQ02432,WST00615,C052,C044,74.95,2026-06-28,2026-07-03,201.9,Pending,Sea,Low,Urgent production requirement
REQ02433,WST00615,C033,C044,146.29,2026-07-02,2026-07-08,188.48,Rejected,Sea,High,Requested for pilot testing
REQ02434,WST00616,C012,C044,2196.13,2026-06-15,2026-06-28,23.16,Pending,Road,Medium,Need immediate pickup
REQ02435,WST00616,C030,C044,725.1,2026-08-20,2026-08-31,19.67,Cancelled,Sea,Medium,Need immediate pickup
REQ02436,WST00616,C028,C044,1536.82,2026-06-06,2026-06-26,21.22,Accepted,Road,Low,Requested for pilot testing
REQ02437,WST00616,C021,C044,828.7,2026-06-14,2026-06-20,24.39,Accepted,Rail,Low,Price negotiation required
REQ02438,WST00616,C038,C044,1871.09,2026-05-26,2026-06-11,24.99,Pending,Road,Medium,Need immediate pickup
REQ02439,WST00616,C060,C044,1986.8,2026-06-03,2026-06-20,24.18,Pending,Rail,Medium,Requested as secondary raw material
REQ02440,WST00617,C025,C044,757.84,2026-08-28,2026-09-02,33.32,Rejected,Road,High,For recycling process
REQ02441,WST00617,C020,C044,2651.15,2026-07-19,2026-07-21,30.22,Rejected,Road,High,Need immediate pickup
REQ02442,WST00618,C052,C044,1579.61,2026-05-23,2026-06-07,444.54,Cancelled,Road,High,Requested as secondary raw material
REQ02443,WST00618,C059,C044,1274.14,2026-07-23,2026-08-10,354.38,Accepted,Road,Medium,No additional remarks
REQ02444,WST00618,C022,C044,678.12,2026-07-08,2026-07-11,361.41,Pending,Road,Low,Need immediate pickup
REQ02445,WST00618,C028,C044,2804.4,2026-08-17,2026-08-29,430.47,Accepted,Road,Medium,No additional remarks
REQ02446,WST00619,C020,C044,2937.52,2026-08-27,2026-09-01,110.94,Accepted,Road,High,For recycling process
REQ02447,WST00619,C027,C044,2809.93,2026-07-28,2026-07-30,89.56,Accepted,Road,Low,Urgent production requirement
REQ02448,WST00619,C043,C044,762.25,2026-06-07,2026-06-27,115.46,Pending,Rail,Low,Urgent production requirement
REQ02449,WST00619,C020,C044,3315.74,2026-06-30,2026-07-12,111.1,Pending,Road,Medium,Urgent production requirement
REQ02450,WST00619,C050,C044,1028.94,2026-07-26,2026-08-13,102.27,Accepted,Road,Low,Requested for pilot testing
REQ02451,WST00620,C026,C044,1872.66,2026-06-04,2026-06-11,50.63,Cancelled,Sea,Medium,Requested as secondary raw material
REQ02452,WST00620,C056,C044,2126.17,2026-07-06,2026-07-10,54.44,Cancelled,Road,High,For recycling process
REQ02453,WST00620,C049,C044,613.08,2026-06-29,2026-07-07,62.81,Accepted,Rail,High,Urgent production requirement
REQ02454,WST00621,C055,C044,595.87,2026-09-04,2026-09-08,312.06,Pending,Road,High,No additional remarks
REQ02455,WST00621,C060,C044,635.26,2026-08-13,2026-09-01,288.4,Accepted,Road,Medium,Price negotiation required
REQ02456,WST00621,C034,C044,737.91,2026-05-29,2026-06-18,278.68,Accepted,Road,High,No additional remarks
REQ02457,WST00622,C003,C044,2489.36,2026-09-08,2026-09-26,33.52,Pending,Road,Low,Long-term procurement
REQ02458,WST00622,C031,C044,2664.65,2026-06-30,2026-07-07,33.96,Cancelled,Road,Low,Urgent production requirement
REQ02459,WST00622,C059,C044,1883.24,2026-07-30,2026-08-01,31.3,Accepted,Road,Medium,For recycling process
REQ02460,WST00622,C048,C044,1957.11,2026-07-09,2026-07-19,37.0,Rejected,Road,Medium,Bulk procurement
REQ02461,WST00623,C041,C045,432.71,2026-07-11,2026-07-13,225.25,Accepted,Road,Medium,Need immediate pickup
REQ02462,WST00623,C001,C045,885.6,2026-08-14,2026-08-22,185.24,Accepted,Road,High,Trial order
REQ02463,WST00623,C032,C045,638.28,2026-07-15,2026-07-21,181.74,Accepted,Road,High,Urgent production requirement
REQ02464,WST00624,C032,C045,2525.01,2026-05-24,2026-06-01,291.74,Rejected,Road,High,Price negotiation required
REQ02465,WST00624,C031,C045,1866.64,2026-07-11,2026-07-28,311.01,Pending,Road,Low,Bulk procurement
REQ02466,WST00624,C026,C045,2615.29,2026-06-07,2026-06-19,290.29,Pending,Sea,Medium,For recycling process
REQ02467,WST00624,C034,C045,2330.13,2026-05-20,2026-05-28,352.84,Pending,Rail,High,Requested for pilot testing
REQ02468,WST00624,C056,C045,2019.87,2026-07-04,2026-07-11,355.92,Pending,Road,Medium,Price negotiation required
REQ02469,WST00624,C054,C045,2663.84,2026-07-21,2026-08-05,292.88,Accepted,Rail,High,Price negotiation required
REQ02470,WST00625,C037,C045,211.6,2026-07-20,2026-08-01,39.2,Accepted,Road,High,No additional remarks
REQ02471,WST00625,C024,C045,108.97,2026-09-07,2026-09-25,34.57,Pending,Road,High,Requested for pilot testing
REQ02472,WST00625,C042,C045,282.84,2026-09-04,2026-09-22,35.06,Accepted,Road,Medium,Trial order
REQ02473,WST00625,C031,C045,114.02,2026-08-14,2026-08-26,34.06,Accepted,Rail,High,Bulk procurement
REQ02474,WST00625,C030,C045,285.16,2026-08-31,2026-09-18,40.84,Accepted,Road,Medium,Need immediate pickup
REQ02475,WST00626,C029,C045,2158.87,2026-05-21,2026-05-24,36.85,Accepted,Road,High,Requested for pilot testing
REQ02476,WST00626,C021,C045,1899.3,2026-08-12,2026-08-26,30.68,Pending,Road,High,Trial order
REQ02477,WST00626,C039,C045,1727.31,2026-08-03,2026-08-15,33.09,Pending,Rail,Low,Urgent production requirement
REQ02478,WST00627,C012,C045,1351.16,2026-07-08,2026-07-10,348.47,Pending,Road,Medium,Bulk procurement
REQ02479,WST00627,C059,C045,1434.25,2026-07-11,2026-07-25,335.32,Accepted,Road,Medium,Urgent production requirement
REQ02480,WST00628,C006,C045,188.65,2026-06-29,2026-07-14,218.6,Accepted,Road,High,Urgent production requirement
REQ02481,WST00628,C042,C045,394.75,2026-06-30,2026-07-16,255.63,Pending,Road,Low,Requested for pilot testing
REQ02482,WST00628,C009,C045,241.2,2026-09-01,2026-09-17,255.08,Accepted,Road,Low,Bulk procurement
REQ02483,WST00628,C041,C045,195.39,2026-05-28,2026-06-04,269.54,Accepted,Road,High,For recycling process
REQ02484,WST00628,C036,C045,471.77,2026-09-11,2026-09-13,217.12,Accepted,Sea,Low,For recycling process
REQ02485,WST00628,C052,C045,460.32,2026-06-07,2026-06-21,254.1,Accepted,Sea,Low,Urgent production requirement
REQ02486,WST00629,C036,C046,1905.1,2026-06-10,2026-06-25,472.0,Accepted,Road,Medium,Requested as secondary raw material
REQ02487,WST00629,C043,C046,1639.64,2026-08-30,2026-09-15,445.26,Accepted,Rail,Low,Requested for pilot testing
REQ02488,WST00630,C054,C046,2599.13,2026-07-18,2026-07-21,226.32,Pending,Sea,High,No additional remarks
REQ02489,WST00630,C022,C046,3110.03,2026-06-15,2026-06-25,195.85,Accepted,Road,High,Requested as secondary raw material
REQ02490,WST00630,C048,C046,963.96,2026-07-05,2026-07-13,188.89,Pending,Road,High,Bulk procurement
REQ02491,WST00631,C052,C046,1264.01,2026-08-02,2026-08-18,158.26,Pending,Road,Medium,Long-term procurement
REQ02492,WST00631,C031,C046,620.02,2026-05-16,2026-05-22,172.86,Pending,Road,High,No additional remarks
REQ02493,WST00631,C020,C046,1318.09,2026-07-17,2026-07-23,158.77,Pending,Road,Low,Long-term procurement
REQ02494,WST00631,C021,C046,608.99,2026-09-06,2026-09-19,196.15,Pending,Road,Medium,Price negotiation required
REQ02495,WST00631,C053,C046,854.31,2026-07-30,2026-08-01,157.48,Pending,Road,Medium,Need immediate pickup
REQ02496,WST00631,C019,C046,372.26,2026-06-20,2026-07-01,173.59,Accepted,Road,Medium,Requested for pilot testing
REQ02497,WST00632,C011,C046,770.9,2026-06-02,2026-06-08,138.57,Pending,Road,Medium,Bulk procurement
REQ02498,WST00632,C033,C046,762.36,2026-08-24,2026-09-11,173.73,Accepted,Rail,High,Bulk procurement
REQ02499,WST00632,C005,C046,1651.0,2026-06-22,2026-07-12,161.4,Accepted,Sea,High,Bulk procurement
REQ02500,WST00633,C017,C046,325.66,2026-06-25,2026-07-06,360.46,Accepted,Sea,High,Requested for pilot testing
REQ02501,WST00633,C040,C046,934.61,2026-07-28,2026-08-07,342.83,Pending,Road,Medium,No additional remarks
REQ02502,WST00633,C051,C046,1529.35,2026-06-26,2026-06-30,328.19,Accepted,Road,Low,Price negotiation required
REQ02503,WST00633,C045,C046,580.89,2026-07-03,2026-07-18,326.64,Rejected,Road,High,Bulk procurement
REQ02504,WST00633,C028,C046,1296.44,2026-08-04,2026-08-23,362.64,Pending,Road,Low,Requested for pilot testing
REQ02505,WST00633,C033,C046,844.53,2026-06-05,2026-06-07,358.35,Accepted,Road,Low,Requested as secondary raw material
REQ02506,WST00634,C032,C046,556.66,2026-07-30,2026-08-05,270.06,Pending,Road,High,Bulk procurement
REQ02507,WST00634,C060,C046,854.62,2026-05-20,2026-06-02,310.29,Accepted,Sea,Low,Requested for pilot testing
REQ02508,WST00635,C023,C046,481.27,2026-06-26,2026-07-13,73.67,Accepted,Road,Low,For recycling process
REQ02509,WST00635,C008,C046,316.89,2026-07-17,2026-08-05,77.48,Pending,Road,Medium,Long-term procurement
REQ02510,WST00635,C029,C046,1320.29,2026-07-19,2026-07-23,60.57,Rejected,Rail,Low,Bulk procurement
REQ02511,WST00636,C005,C046,737.99,2026-09-06,2026-09-17,458.17,Accepted,Road,Low,Requested for pilot testing
REQ02512,WST00636,C006,C046,2329.99,2026-06-24,2026-07-02,472.95,Pending,Road,Medium,Trial order
REQ02513,WST00636,C020,C046,1645.6,2026-06-17,2026-06-30,532.29,Accepted,Road,Medium,Bulk procurement
REQ02514,WST00636,C039,C046,2319.46,2026-07-15,2026-07-25,536.28,Accepted,Rail,Low,Requested as secondary raw material
REQ02515,WST00636,C043,C046,669.99,2026-07-11,2026-07-14,494.23,Pending,Rail,High,Long-term procurement
REQ02516,WST00636,C042,C046,1485.76,2026-09-03,2026-09-23,485.25,Accepted,Road,Medium,Urgent production requirement
REQ02517,WST00637,C043,C046,1006.75,2026-08-13,2026-08-15,156.41,Pending,Road,Medium,For recycling process
REQ02518,WST00637,C047,C046,357.03,2026-07-25,2026-08-07,151.62,Pending,Road,Low,Trial order
REQ02519,WST00637,C053,C046,1392.41,2026-06-27,2026-07-06,174.18,Pending,Road,Low,For recycling process
REQ02520,WST00637,C026,C046,619.42,2026-06-14,2026-06-18,168.46,Pending,Road,Low,Trial order
REQ02521,WST00637,C024,C046,1367.07,2026-06-23,2026-07-12,167.1,Pending,Road,Medium,Need immediate pickup
REQ02522,WST00638,C016,C046,2244.64,2026-06-09,2026-06-29,150.03,Cancelled,Road,High,Urgent production requirement
REQ02523,WST00638,C027,C046,1869.99,2026-05-16,2026-05-26,169.73,Pending,Sea,Low,Trial order
REQ02524,WST00638,C019,C046,1452.84,2026-07-25,2026-08-08,175.8,Rejected,Rail,High,Requested as secondary raw material
REQ02525,WST00638,C039,C046,2483.31,2026-07-05,2026-07-10,167.66,Pending,Sea,High,Urgent production requirement
REQ02526,WST00638,C011,C046,2450.0,2026-07-12,2026-08-01,137.61,Rejected,Road,Low,Urgent production requirement
REQ02527,WST00638,C019,C046,1442.98,2026-07-06,2026-07-17,155.12,Accepted,Sea,Medium,Need immediate pickup
REQ02528,WST00639,C013,C046,105.79,2026-07-13,2026-07-31,268.26,Pending,Road,Medium,For recycling process
REQ02529,WST00639,C055,C046,164.47,2026-05-20,2026-05-27,268.76,Pending,Rail,Low,Urgent production requirement
REQ02530,WST00639,C021,C046,165.83,2026-08-11,2026-08-13,277.32,Pending,Road,Low,Requested for pilot testing
REQ02531,WST00639,C056,C046,87.48,2026-08-05,2026-08-16,222.08,Accepted,Road,Low,No additional remarks
REQ02532,WST00640,C049,C046,1008.71,2026-09-05,2026-09-10,142.91,Pending,Road,Medium,No additional remarks
REQ02533,WST00640,C040,C046,2159.66,2026-05-25,2026-06-04,158.66,Accepted,Road,Low,Urgent production requirement
REQ02534,WST00640,C059,C046,541.47,2026-07-08,2026-07-20,161.18,Accepted,Road,High,For recycling process
REQ02535,WST00640,C045,C046,1075.47,2026-07-09,2026-07-25,153.68,Pending,Road,High,For recycling process
REQ02536,WST00641,C032,C046,3949.99,2026-07-19,2026-07-26,162.66,Accepted,Rail,Medium,Bulk procurement
REQ02537,WST00641,C055,C046,2106.45,2026-05-16,2026-05-29,157.29,Rejected,Rail,High,Long-term procurement
REQ02538,WST00641,C009,C046,1387.45,2026-07-03,2026-07-05,176.58,Rejected,Road,Medium,For recycling process
REQ02539,WST00641,C014,C046,2684.54,2026-06-13,2026-06-16,157.66,Accepted,Road,Medium,For recycling process
REQ02540,WST00642,C012,C046,450.1,2026-05-20,2026-06-01,270.46,Pending,Road,High,Price negotiation required
REQ02541,WST00642,C054,C046,279.36,2026-06-18,2026-06-27,319.19,Cancelled,Road,High,Requested as secondary raw material
REQ02542,WST00642,C050,C046,251.34,2026-06-23,2026-06-25,286.62,Accepted,Road,Low,No additional remarks
REQ02543,WST00642,C045,C046,166.59,2026-08-19,2026-08-25,304.0,Pending,Road,Low,For recycling process
REQ02544,WST00642,C060,C046,515.88,2026-09-08,2026-09-28,301.85,Pending,Road,Medium,Requested for pilot testing
REQ02545,WST00643,C057,C046,3697.88,2026-07-11,2026-07-30,336.05,Accepted,Road,Medium,Price negotiation required
REQ02546,WST00643,C039,C046,1430.54,2026-09-04,2026-09-18,386.02,Accepted,Road,Medium,Need immediate pickup
REQ02547,WST00643,C042,C046,3128.0,2026-06-18,2026-06-28,357.54,Rejected,Rail,Medium,Price negotiation required
REQ02548,WST00643,C033,C046,2112.86,2026-07-16,2026-07-27,360.07,Accepted,Road,Low,Long-term procurement
REQ02549,WST00644,C043,C046,1802.58,2026-07-05,2026-07-13,499.89,Accepted,Road,High,Price negotiation required
REQ02550,WST00644,C027,C046,3009.03,2026-07-05,2026-07-25,464.21,Accepted,Road,High,Urgent production requirement
REQ02551,WST00645,C032,C046,859.24,2026-06-12,2026-06-25,61.34,Rejected,Road,High,Need immediate pickup
REQ02552,WST00645,C015,C046,640.89,2026-07-28,2026-08-15,46.73,Accepted,Rail,Low,Requested for pilot testing
REQ02553,WST00645,C049,C046,780.39,2026-07-11,2026-07-25,62.36,Accepted,Rail,Low,Need immediate pickup
REQ02554,WST00645,C033,C046,355.74,2026-08-15,2026-08-27,57.46,Rejected,Rail,Low,Long-term procurement
REQ02555,WST00645,C057,C046,1067.51,2026-06-14,2026-06-20,56.28,Pending,Road,Low,Trial order
REQ02556,WST00645,C055,C046,1304.18,2026-08-08,2026-08-14,51.81,Pending,Rail,High,Long-term procurement
REQ02557,WST00646,C045,C046,81.18,2026-08-31,2026-09-16,162.04,Cancelled,Road,High,Need immediate pickup
REQ02558,WST00646,C060,C046,193.62,2026-07-20,2026-07-28,194.23,Accepted,Road,High,Requested as secondary raw material
REQ02559,WST00647,C043,C046,1197.05,2026-07-16,2026-07-26,43.13,Pending,Road,Medium,Requested as secondary raw material
REQ02560,WST00647,C048,C046,2039.52,2026-05-30,2026-06-03,43.79,Pending,Sea,Low,Urgent production requirement
REQ02561,WST00647,C017,C046,2832.05,2026-06-30,2026-07-12,36.28,Pending,Sea,Medium,Trial order
REQ02562,WST00648,C041,C046,532.93,2026-06-27,2026-07-05,111.96,Pending,Road,Low,Long-term procurement
REQ02563,WST00648,C036,C046,430.26,2026-05-29,2026-06-04,134.75,Accepted,Road,Low,Price negotiation required
REQ02564,WST00648,C010,C046,447.14,2026-08-06,2026-08-24,119.81,Rejected,Road,Medium,Price negotiation required
REQ02565,WST00648,C049,C046,677.62,2026-08-19,2026-09-01,120.27,Accepted,Sea,High,Requested for pilot testing
REQ02566,WST00648,C055,C046,567.65,2026-06-01,2026-06-21,135.69,Pending,Sea,High,Price negotiation required
REQ02567,WST00649,C021,C046,221.07,2026-08-13,2026-09-02,261.54,Pending,Rail,Medium,Requested as secondary raw material
REQ02568,WST00649,C038,C046,136.6,2026-08-05,2026-08-21,257.64,Cancelled,Road,High,Requested as secondary raw material
REQ02569,WST00649,C037,C046,438.34,2026-06-29,2026-07-03,258.53,Accepted,Road,Low,Price negotiation required
REQ02570,WST00649,C060,C046,163.08,2026-07-22,2026-08-02,258.8,Accepted,Road,Low,Urgent production requirement
REQ02571,WST00650,C032,C046,611.75,2026-05-28,2026-06-15,249.73,Cancelled,Road,Low,Need immediate pickup
REQ02572,WST00650,C054,C046,1032.29,2026-06-16,2026-07-03,219.97,Accepted,Rail,Low,For recycling process
REQ02573,WST00650,C006,C046,791.71,2026-08-06,2026-08-12,215.3,Accepted,Road,Medium,Price negotiation required
REQ02574,WST00650,C010,C046,1794.47,2026-07-16,2026-08-01,231.38,Cancelled,Road,High,Requested as secondary raw material
REQ02575,WST00650,C031,C046,1306.71,2026-08-15,2026-08-26,237.75,Pending,Road,Low,For recycling process
REQ02576,WST00651,C053,C046,2555.77,2026-05-27,2026-05-31,135.98,Accepted,Road,Low,Trial order
REQ02577,WST00651,C024,C046,1170.86,2026-07-05,2026-07-09,135.21,Accepted,Road,Low,For recycling process
REQ02578,WST00651,C020,C046,3538.45,2026-09-12,2026-09-27,154.89,Accepted,Rail,Low,Urgent production requirement
REQ02579,WST00651,C007,C046,3687.86,2026-06-02,2026-06-22,168.37,Accepted,Road,Medium,Need immediate pickup
REQ02580,WST00652,C042,C046,2294.51,2026-09-01,2026-09-08,230.95,Rejected,Road,High,Need immediate pickup
REQ02581,WST00652,C030,C046,1907.93,2026-06-06,2026-06-20,214.34,Pending,Rail,Low,No additional remarks
REQ02582,WST00652,C057,C046,2973.48,2026-05-27,2026-06-03,238.28,Accepted,Road,Medium,Urgent production requirement
REQ02583,WST00652,C052,C046,2879.12,2026-07-21,2026-07-28,254.55,Rejected,Road,Low,Urgent production requirement
REQ02584,WST00653,C015,C046,1907.24,2026-08-19,2026-08-24,112.61,Rejected,Road,Medium,Long-term procurement
REQ02585,WST00653,C001,C046,2179.88,2026-08-25,2026-09-10,94.78,Rejected,Road,High,Bulk procurement
REQ02586,WST00653,C038,C046,3291.82,2026-07-14,2026-07-30,111.21,Accepted,Rail,Medium,Price negotiation required
REQ02587,WST00653,C012,C046,1518.29,2026-08-11,2026-08-20,88.4,Pending,Road,Medium,Bulk procurement
REQ02588,WST00653,C020,C046,2797.34,2026-08-03,2026-08-16,105.98,Cancelled,Road,High,No additional remarks
REQ02589,WST00653,C003,C046,1240.33,2026-06-20,2026-07-05,98.32,Accepted,Road,High,Requested for pilot testing
REQ02590,WST00654,C042,C047,1656.29,2026-05-26,2026-06-08,68.5,Pending,Rail,Medium,Price negotiation required
REQ02591,WST00654,C003,C047,941.2,2026-08-16,2026-08-25,84.64,Accepted,Road,High,Price negotiation required
REQ02592,WST00654,C003,C047,1935.06,2026-06-12,2026-07-01,77.65,Accepted,Rail,Medium,Trial order
REQ02593,WST00654,C031,C047,1833.55,2026-05-16,2026-05-27,70.71,Accepted,Road,High,Long-term procurement
REQ02594,WST00655,C048,C047,812.21,2026-06-02,2026-06-15,58.75,Pending,Road,High,Price negotiation required
REQ02595,WST00655,C015,C047,3329.11,2026-07-18,2026-07-28,60.44,Accepted,Sea,Medium,Urgent production requirement
REQ02596,WST00655,C023,C047,2086.33,2026-06-19,2026-07-01,57.44,Accepted,Road,Medium,Requested for pilot testing
REQ02597,WST00656,C049,C047,620.14,2026-06-01,2026-06-03,296.89,Pending,Rail,High,Trial order
REQ02598,WST00656,C023,C047,499.15,2026-09-10,2026-09-12,244.07,Accepted,Road,High,No additional remarks
REQ02599,WST00657,C008,C047,4354.3,2026-07-21,2026-07-27,178.07,Accepted,Road,High,Bulk procurement
REQ02600,WST00657,C025,C047,4470.28,2026-07-26,2026-08-14,178.38,Cancelled,Road,High,Requested for pilot testing
REQ02601,WST00657,C010,C047,1034.22,2026-09-03,2026-09-08,151.87,Pending,Road,Medium,Trial order
REQ02602,WST00657,C019,C047,3364.53,2026-06-02,2026-06-13,152.14,Accepted,Road,High,Urgent production requirement
REQ02603,WST00657,C015,C047,2962.96,2026-06-06,2026-06-16,156.1,Pending,Road,Medium,Trial order
REQ02604,WST00657,C046,C047,4785.99,2026-07-24,2026-08-05,178.76,Rejected,Road,Low,Bulk procurement
REQ02605,WST00658,C034,C047,3785.94,2026-09-10,2026-09-14,10.66,Accepted,Road,Medium,Requested as secondary raw material
REQ02606,WST00658,C007,C047,2819.34,2026-09-04,2026-09-07,9.91,Pending,Road,Low,Price negotiation required
REQ02607,WST00658,C026,C047,2087.3,2026-09-03,2026-09-18,10.04,Accepted,Road,Low,Requested for pilot testing
REQ02608,WST00658,C027,C047,2772.92,2026-08-20,2026-09-09,10.11,Accepted,Road,High,For recycling process
REQ02609,WST00658,C048,C047,3849.85,2026-05-26,2026-05-29,11.09,Pending,Road,High,Requested as secondary raw material
REQ02610,WST00658,C013,C047,2879.51,2026-06-16,2026-06-24,10.14,Pending,Road,Low,Urgent production requirement
REQ02611,WST00659,C048,C047,667.37,2026-07-22,2026-08-08,112.84,Pending,Road,Medium,Price negotiation required
REQ02612,WST00659,C052,C047,406.58,2026-07-23,2026-07-28,142.49,Pending,Road,Medium,Trial order
REQ02613,WST00659,C053,C047,1940.85,2026-07-23,2026-07-28,108.76,Accepted,Road,Medium,Trial order
REQ02614,WST00659,C016,C047,1824.12,2026-07-03,2026-07-09,119.1,Accepted,Rail,Low,Trial order
REQ02615,WST00660,C046,C047,407.48,2026-07-28,2026-08-09,342.74,Pending,Rail,Low,Price negotiation required
REQ02616,WST00660,C011,C047,157.86,2026-07-16,2026-07-22,304.89,Rejected,Road,Medium,Need immediate pickup
REQ02617,WST00661,C007,C047,240.83,2026-05-25,2026-06-06,477.36,Pending,Rail,Medium,Price negotiation required
REQ02618,WST00661,C057,C047,100.4,2026-06-08,2026-06-17,482.24,Cancelled,Road,Low,Requested for pilot testing
REQ02619,WST00661,C037,C047,273.49,2026-08-28,2026-08-31,484.5,Cancelled,Road,Medium,Requested as secondary raw material
REQ02620,WST00661,C032,C047,397.16,2026-09-07,2026-09-14,537.05,Accepted,Road,Medium,Requested for pilot testing
REQ02621,WST00662,C034,C047,3513.41,2026-06-18,2026-06-28,409.09,Rejected,Road,Low,Requested for pilot testing
REQ02622,WST00662,C015,C047,2853.92,2026-08-30,2026-09-03,444.52,Rejected,Sea,Low,Need immediate pickup
REQ02623,WST00662,C049,C047,766.04,2026-06-03,2026-06-12,410.38,Cancelled,Rail,Low,For recycling process
REQ02624,WST00662,C053,C047,1416.96,2026-08-27,2026-09-13,350.98,Rejected,Road,Medium,Bulk procurement
REQ02625,WST00662,C021,C047,3009.33,2026-07-03,2026-07-23,397.28,Cancelled,Sea,Low,Price negotiation required
REQ02626,WST00663,C017,C047,1412.65,2026-08-15,2026-08-23,189.96,Rejected,Road,Low,Bulk procurement
REQ02627,WST00663,C056,C047,1183.99,2026-05-20,2026-05-30,149.23,Accepted,Road,Low,Requested as secondary raw material
REQ02628,WST00663,C029,C047,1090.32,2026-08-15,2026-08-19,195.82,Accepted,Road,Low,Urgent production requirement
REQ02629,WST00664,C058,C047,792.16,2026-07-09,2026-07-14,451.54,Accepted,Road,Low,Bulk procurement
REQ02630,WST00664,C012,C047,480.61,2026-08-27,2026-09-06,398.8,Accepted,Road,Medium,Requested for pilot testing
REQ02631,WST00664,C042,C047,734.93,2026-08-08,2026-08-22,488.67,Pending,Road,High,Trial order
REQ02632,WST00664,C010,C047,700.22,2026-09-08,2026-09-16,401.29,Pending,Road,Low,Requested as secondary raw material
REQ02633,WST00664,C037,C047,333.07,2026-07-04,2026-07-09,508.91,Accepted,Road,High,Long-term procurement
REQ02634,WST00665,C043,C047,4341.9,2026-09-04,2026-09-18,259.07,Pending,Rail,Medium,Long-term procurement
REQ02635,WST00665,C005,C047,1756.19,2026-08-18,2026-08-20,259.27,Pending,Road,High,No additional remarks
REQ02636,WST00665,C025,C047,1527.83,2026-05-17,2026-05-30,322.95,Rejected,Sea,Medium,Trial order
REQ02637,WST00666,C020,C047,186.17,2026-05-26,2026-06-12,430.42,Pending,Road,Medium,No additional remarks
REQ02638,WST00666,C007,C047,66.62,2026-08-01,2026-08-10,365.89,Pending,Road,High,Urgent production requirement
REQ02639,WST00666,C059,C047,156.81,2026-06-08,2026-06-18,383.73,Accepted,Road,Medium,Bulk procurement
REQ02640,WST00666,C054,C047,91.32,2026-06-10,2026-06-30,357.83,Pending,Rail,Medium,Requested as secondary raw material
REQ02641,WST00667,C004,C047,2916.21,2026-09-07,2026-09-22,8.79,Accepted,Road,Low,Bulk procurement
REQ02642,WST00667,C011,C047,1961.9,2026-07-22,2026-08-02,8.17,Accepted,Road,High,For recycling process
REQ02643,WST00668,C013,C047,4261.82,2026-07-31,2026-08-03,545.65,Cancelled,Sea,High,Need immediate pickup
REQ02644,WST00668,C023,C047,2664.74,2026-06-30,2026-07-06,512.79,Pending,Road,High,Urgent production requirement
REQ02645,WST00668,C007,C047,3835.78,2026-06-19,2026-07-09,443.75,Accepted,Road,Low,Urgent production requirement
REQ02646,WST00668,C021,C047,1750.35,2026-06-24,2026-07-08,471.25,Pending,Road,Low,Bulk procurement
REQ02647,WST00668,C032,C047,1460.81,2026-07-09,2026-07-18,469.32,Pending,Rail,Medium,Urgent production requirement
REQ02648,WST00669,C015,C048,712.72,2026-08-03,2026-08-12,72.49,Rejected,Road,High,Long-term procurement
REQ02649,WST00669,C019,C048,362.89,2026-07-16,2026-07-25,79.58,Accepted,Road,High,For recycling process
REQ02650,WST00670,C009,C048,586.0,2026-08-23,2026-09-10,314.61,Accepted,Road,Medium,Trial order
REQ02651,WST00670,C038,C048,1270.36,2026-06-17,2026-06-24,369.28,Accepted,Rail,Medium,Requested as secondary raw material
REQ02652,WST00670,C014,C048,1974.75,2026-09-07,2026-09-09,371.98,Pending,Rail,High,No additional remarks
REQ02653,WST00671,C008,C048,1477.47,2026-05-18,2026-06-06,271.07,Accepted,Rail,Medium,Requested for pilot testing
REQ02654,WST00671,C014,C048,3182.94,2026-08-09,2026-08-14,299.42,Pending,Sea,Low,Requested for pilot testing
REQ02655,WST00671,C055,C048,899.11,2026-06-20,2026-06-29,290.66,Pending,Rail,High,No additional remarks
REQ02656,WST00671,C043,C048,834.92,2026-06-22,2026-07-09,310.03,Accepted,Rail,High,Price negotiation required
REQ02657,WST00672,C041,C048,4057.19,2026-08-14,2026-09-02,109.8,Cancelled,Sea,Low,Trial order
REQ02658,WST00672,C006,C048,3320.95,2026-08-20,2026-08-28,114.12,Cancelled,Rail,Medium,Urgent production requirement
REQ02659,WST00672,C025,C048,3635.74,2026-07-30,2026-08-18,121.66,Pending,Road,Low,Bulk procurement
REQ02660,WST00673,C012,C048,1798.0,2026-08-07,2026-08-09,429.74,Cancelled,Road,Medium,No additional remarks
REQ02661,WST00673,C013,C048,577.87,2026-08-30,2026-09-19,548.8,Accepted,Road,High,Urgent production requirement
REQ02662,WST00673,C033,C048,1316.25,2026-06-13,2026-06-22,485.31,Accepted,Road,High,Price negotiation required
REQ02663,WST00673,C051,C048,1262.58,2026-05-20,2026-05-26,553.34,Cancelled,Road,Medium,For recycling process
REQ02664,WST00674,C007,C048,3232.33,2026-06-26,2026-07-11,175.0,Pending,Road,High,Bulk procurement
REQ02665,WST00674,C055,C048,1982.23,2026-08-25,2026-09-07,221.37,Pending,Road,High,Price negotiation required
REQ02666,WST00674,C037,C048,2720.56,2026-06-28,2026-07-01,224.36,Accepted,Road,High,Long-term procurement
REQ02667,WST00674,C020,C048,2374.62,2026-08-16,2026-08-31,179.02,Pending,Sea,High,Long-term procurement
REQ02668,WST00675,C018,C048,2368.81,2026-07-12,2026-07-27,223.82,Rejected,Road,High,For recycling process
REQ02669,WST00675,C051,C048,2252.89,2026-07-01,2026-07-19,246.14,Pending,Road,High,Price negotiation required
REQ02670,WST00675,C050,C048,2217.64,2026-06-29,2026-07-10,260.85,Rejected,Road,Low,Urgent production requirement
REQ02671,WST00676,C011,C048,4712.13,2026-07-12,2026-07-21,126.31,Pending,Road,Low,Urgent production requirement
REQ02672,WST00676,C043,C048,2002.28,2026-06-03,2026-06-09,147.19,Pending,Road,Low,For recycling process
REQ02673,WST00676,C043,C048,2521.71,2026-08-04,2026-08-11,165.24,Pending,Road,Medium,Bulk procurement
REQ02674,WST00676,C004,C048,4516.11,2026-07-29,2026-08-15,135.1,Rejected,Sea,Medium,Urgent production requirement
REQ02675,WST00677,C052,C048,1577.15,2026-07-03,2026-07-22,102.78,Pending,Road,Low,Bulk procurement
REQ02676,WST00677,C035,C048,3461.18,2026-05-24,2026-05-27,101.06,Accepted,Road,High,For recycling process
REQ02677,WST00678,C045,C048,1084.13,2026-07-20,2026-07-25,262.59,Pending,Road,High,No additional remarks
REQ02678,WST00678,C043,C048,3768.14,2026-06-19,2026-06-23,316.82,Cancelled,Road,High,Price negotiation required
REQ02679,WST00678,C033,C048,4148.92,2026-06-03,2026-06-23,304.33,Pending,Road,Medium,For recycling process
REQ02680,WST00679,C008,C048,1197.28,2026-06-26,2026-06-28,235.7,Accepted,Rail,Low,For recycling process
REQ02681,WST00679,C022,C048,1360.53,2026-09-06,2026-09-20,219.84,Pending,Road,High,Requested for pilot testing
REQ02682,WST00680,C039,C048,513.42,2026-06-13,2026-06-30,413.36,Accepted,Road,Low,Long-term procurement
REQ02683,WST00680,C015,C048,279.29,2026-06-14,2026-06-30,335.01,Rejected,Sea,Medium,Requested for pilot testing
REQ02684,WST00680,C012,C048,904.7,2026-05-20,2026-05-31,330.58,Rejected,Road,Low,Bulk procurement
REQ02685,WST00681,C021,C048,523.21,2026-07-25,2026-08-13,167.38,Pending,Road,Medium,Need immediate pickup
REQ02686,WST00681,C012,C048,539.12,2026-07-06,2026-07-26,145.54,Accepted,Road,High,Requested as secondary raw material
REQ02687,WST00681,C034,C048,412.6,2026-06-07,2026-06-17,162.31,Pending,Rail,High,For recycling process
REQ02688,WST00682,C035,C048,597.94,2026-07-14,2026-08-02,291.78,Rejected,Rail,Low,Need immediate pickup
REQ02689,WST00682,C056,C048,270.13,2026-05-17,2026-05-28,339.16,Accepted,Road,Low,Urgent production requirement
REQ02690,WST00682,C014,C048,199.84,2026-08-28,2026-08-30,298.9,Accepted,Road,Medium,Trial order
REQ02691,WST00682,C009,C048,378.84,2026-06-25,2026-07-11,340.53,Accepted,Road,Medium,Bulk procurement
REQ02692,WST00682,C035,C048,226.62,2026-05-27,2026-06-03,288.87,Accepted,Road,High,Long-term procurement
REQ02693,WST00683,C050,C048,382.88,2026-05-31,2026-06-03,207.98,Accepted,Rail,High,Requested for pilot testing
REQ02694,WST00683,C024,C048,477.82,2026-08-03,2026-08-19,217.03,Rejected,Sea,High,Trial order
REQ02695,WST00683,C014,C048,340.14,2026-06-29,2026-07-17,188.06,Pending,Road,High,Long-term procurement
REQ02696,WST00683,C030,C048,565.43,2026-05-28,2026-06-15,216.85,Accepted,Rail,Low,Long-term procurement
REQ02697,WST00683,C059,C048,609.62,2026-07-03,2026-07-19,176.66,Cancelled,Rail,Medium,Bulk procurement
REQ02698,WST00684,C027,C048,2087.51,2026-09-02,2026-09-15,405.13,Rejected,Road,Low,No additional remarks
REQ02699,WST00684,C030,C048,2730.91,2026-07-09,2026-07-29,337.64,Rejected,Road,High,Requested for pilot testing
REQ02700,WST00684,C005,C048,1193.14,2026-08-11,2026-08-16,313.38,Pending,Road,High,Urgent production requirement
REQ02701,WST00684,C023,C048,2828.2,2026-05-24,2026-06-03,394.81,Accepted,Road,Medium,Requested for pilot testing
REQ02702,WST00684,C021,C048,4516.83,2026-08-09,2026-08-17,336.71,Cancelled,Rail,Medium,No additional remarks
REQ02703,WST00685,C018,C048,3123.54,2026-09-11,2026-09-20,505.14,Rejected,Road,High,Trial order
REQ02704,WST00685,C035,C048,1561.66,2026-07-19,2026-08-05,387.37,Rejected,Sea,High,Trial order
REQ02705,WST00685,C027,C048,3918.87,2026-08-23,2026-09-12,429.01,Accepted,Road,High,Urgent production requirement
REQ02706,WST00685,C028,C048,4436.23,2026-06-01,2026-06-03,387.86,Accepted,Road,Low,Bulk procurement
REQ02707,WST00686,C028,C048,3610.78,2026-08-12,2026-08-14,323.26,Rejected,Road,High,Urgent production requirement
REQ02708,WST00686,C045,C048,1427.58,2026-05-29,2026-06-07,299.45,Accepted,Road,Medium,For recycling process
REQ02709,WST00686,C013,C048,2858.82,2026-06-02,2026-06-18,314.56,Pending,Road,Low,For recycling process
REQ02710,WST00686,C008,C048,2559.58,2026-08-30,2026-09-10,249.39,Accepted,Road,Low,Long-term procurement
REQ02711,WST00686,C052,C048,1364.62,2026-06-25,2026-07-08,274.66,Accepted,Sea,High,Bulk procurement
REQ02712,WST00687,C005,C048,2195.21,2026-05-17,2026-06-03,45.7,Accepted,Rail,Low,Trial order
REQ02713,WST00687,C036,C048,1619.59,2026-06-15,2026-06-27,53.07,Accepted,Road,Low,Price negotiation required
REQ02714,WST00687,C008,C048,1966.09,2026-08-05,2026-08-08,42.63,Pending,Road,Medium,No additional remarks
REQ02715,WST00688,C045,C048,1503.36,2026-06-10,2026-06-23,423.1,Pending,Road,Low,Price negotiation required
REQ02716,WST00688,C043,C048,1747.01,2026-06-29,2026-07-02,341.4,Pending,Road,Low,Trial order
REQ02717,WST00689,C060,C048,1506.14,2026-09-08,2026-09-12,358.08,Rejected,Road,Low,For recycling process
REQ02718,WST00689,C003,C048,1314.31,2026-09-05,2026-09-25,431.92,Cancelled,Sea,Medium,Requested as secondary raw material
REQ02719,WST00690,C004,C048,597.58,2026-07-18,2026-08-03,145.04,Rejected,Road,High,No additional remarks
REQ02720,WST00690,C018,C048,773.03,2026-05-29,2026-06-06,161.8,Rejected,Road,High,For recycling process
REQ02721,WST00690,C034,C048,2584.81,2026-07-22,2026-07-24,173.5,Rejected,Road,High,Requested as secondary raw material
REQ02722,WST00690,C036,C048,2505.65,2026-09-11,2026-09-27,158.74,Rejected,Rail,High,Price negotiation required
REQ02723,WST00690,C005,C048,1184.09,2026-08-31,2026-09-08,174.55,Rejected,Road,High,For recycling process
REQ02724,WST00690,C001,C048,1726.69,2026-07-11,2026-07-18,145.13,Accepted,Road,Medium,Need immediate pickup
REQ02725,WST00691,C044,C048,4504.37,2026-06-14,2026-06-30,118.81,Pending,Road,High,Bulk procurement
REQ02726,WST00691,C032,C048,3931.94,2026-05-16,2026-05-23,112.98,Cancelled,Sea,Low,Need immediate pickup
REQ02727,WST00692,C038,C048,2923.4,2026-07-17,2026-07-22,95.24,Cancelled,Rail,High,Long-term procurement
REQ02728,WST00692,C005,C048,2342.16,2026-08-25,2026-09-03,100.5,Pending,Rail,High,Urgent production requirement
REQ02729,WST00693,C054,C048,510.53,2026-07-07,2026-07-15,282.6,Cancelled,Road,Medium,Requested as secondary raw material
REQ02730,WST00693,C017,C048,1463.99,2026-07-31,2026-08-10,267.52,Accepted,Rail,High,Need immediate pickup
REQ02731,WST00694,C026,C048,1777.07,2026-05-22,2026-05-29,338.68,Accepted,Road,High,For recycling process
REQ02732,WST00694,C022,C048,1421.27,2026-08-30,2026-09-16,382.44,Rejected,Sea,Medium,Bulk procurement
REQ02733,WST00695,C019,C049,644.8,2026-08-31,2026-09-16,147.16,Accepted,Road,Medium,Trial order
REQ02734,WST00695,C032,C049,329.55,2026-06-21,2026-07-10,152.65,Accepted,Road,High,Price negotiation required
REQ02735,WST00695,C018,C049,289.63,2026-07-27,2026-08-02,142.93,Accepted,Road,Medium,Long-term procurement
REQ02736,WST00695,C019,C049,216.27,2026-07-24,2026-08-11,143.61,Accepted,Road,High,For recycling process
REQ02737,WST00695,C025,C049,840.44,2026-07-11,2026-07-13,157.61,Pending,Sea,Medium,No additional remarks
REQ02738,WST00695,C029,C049,264.54,2026-05-18,2026-06-05,129.63,Pending,Sea,Medium,No additional remarks
REQ02739,WST00696,C005,C049,1806.52,2026-07-03,2026-07-19,173.79,Accepted,Road,High,Requested as secondary raw material
REQ02740,WST00696,C055,C049,1833.52,2026-05-23,2026-05-25,159.96,Pending,Rail,High,Long-term procurement
REQ02741,WST00696,C053,C049,1806.95,2026-06-30,2026-07-05,183.23,Pending,Road,Low,Requested for pilot testing
REQ02742,WST00696,C003,C049,994.33,2026-07-09,2026-07-14,168.86,Accepted,Road,Low,Bulk procurement
REQ02743,WST00697,C006,C049,2574.26,2026-09-11,2026-09-21,397.94,Pending,Road,High,No additional remarks
REQ02744,WST00697,C010,C049,1685.49,2026-08-14,2026-08-19,439.03,Accepted,Sea,Low,No additional remarks
REQ02745,WST00697,C026,C049,2566.91,2026-06-23,2026-07-03,373.07,Cancelled,Road,High,Urgent production requirement
REQ02746,WST00698,C055,C049,1094.18,2026-06-21,2026-06-24,227.68,Pending,Road,Low,For recycling process
REQ02747,WST00698,C041,C049,617.77,2026-08-04,2026-08-12,242.1,Accepted,Road,Medium,Bulk procurement
REQ02748,WST00699,C048,C049,547.97,2026-06-04,2026-06-22,88.3,Rejected,Road,Medium,Requested as secondary raw material
REQ02749,WST00699,C033,C049,463.33,2026-06-28,2026-07-01,71.01,Accepted,Road,Medium,For recycling process
REQ02750,WST00699,C008,C049,412.47,2026-09-04,2026-09-08,68.16,Pending,Rail,High,Trial order
REQ02751,WST00699,C053,C049,286.4,2026-09-04,2026-09-18,86.58,Pending,Sea,Medium,Requested for pilot testing
REQ02752,WST00700,C058,C049,3836.66,2026-07-31,2026-08-10,134.04,Pending,Road,High,Requested as secondary raw material
REQ02753,WST00700,C042,C049,1119.76,2026-07-12,2026-07-15,120.43,Rejected,Road,High,No additional remarks
REQ02754,WST00700,C017,C049,4216.18,2026-08-26,2026-09-03,131.3,Pending,Sea,High,Trial order
REQ02755,WST00700,C011,C049,3142.75,2026-05-22,2026-05-24,102.21,Pending,Road,Low,For recycling process
REQ02756,WST00701,C001,C049,1681.07,2026-07-23,2026-08-07,377.51,Accepted,Road,Low,Requested as secondary raw material
REQ02757,WST00701,C006,C049,1785.56,2026-08-10,2026-08-17,373.29,Pending,Road,Low,Long-term procurement
REQ02758,WST00701,C027,C049,1263.66,2026-07-18,2026-08-01,316.58,Accepted,Road,Low,Urgent production requirement
REQ02759,WST00701,C017,C049,468.52,2026-09-05,2026-09-21,356.33,Accepted,Road,Low,No additional remarks
REQ02760,WST00701,C014,C049,1286.79,2026-07-16,2026-07-24,316.18,Accepted,Road,Low,Trial order
REQ02761,WST00701,C051,C049,1195.24,2026-08-04,2026-08-07,336.07,Rejected,Road,Medium,Urgent production requirement
REQ02762,WST00702,C028,C049,578.54,2026-06-30,2026-07-02,38.72,Rejected,Rail,High,Long-term procurement
REQ02763,WST00702,C010,C049,722.86,2026-06-16,2026-06-18,43.26,Rejected,Rail,Medium,No additional remarks
REQ02764,WST00703,C018,C049,1772.45,2026-07-01,2026-07-15,394.78,Accepted,Road,Medium,Bulk procurement
REQ02765,WST00703,C011,C049,1485.6,2026-08-02,2026-08-14,379.13,Rejected,Rail,Low,Requested as secondary raw material
REQ02766,WST00703,C002,C049,2378.41,2026-09-04,2026-09-16,375.36,Accepted,Road,High,No additional remarks
REQ02767,WST00703,C038,C049,1588.36,2026-06-01,2026-06-11,361.33,Accepted,Road,Low,Need immediate pickup
REQ02768,WST00703,C023,C049,1534.19,2026-08-18,2026-08-31,332.7,Accepted,Road,High,For recycling process
REQ02769,WST00704,C032,C049,409.35,2026-06-21,2026-06-27,5.44,Pending,Sea,High,Need immediate pickup
REQ02770,WST00704,C017,C049,282.43,2026-06-08,2026-06-14,6.4,Pending,Road,Medium,Urgent production requirement
REQ02771,WST00705,C027,C049,1993.64,2026-06-30,2026-07-19,89.82,Accepted,Rail,High,Price negotiation required
REQ02772,WST00705,C025,C049,1056.39,2026-07-22,2026-07-28,84.14,Pending,Sea,Medium,Price negotiation required
REQ02773,WST00705,C015,C049,631.13,2026-05-17,2026-05-27,104.76,Pending,Road,High,Need immediate pickup
REQ02774,WST00705,C003,C049,2187.87,2026-06-12,2026-06-29,107.72,Pending,Road,Low,Long-term procurement
REQ02775,WST00705,C020,C049,1218.56,2026-05-19,2026-05-21,104.43,Pending,Road,Medium,Need immediate pickup
REQ02776,WST00706,C028,C049,435.18,2026-08-29,2026-09-02,335.52,Accepted,Road,Medium,Price negotiation required
REQ02777,WST00706,C031,C049,815.4,2026-06-27,2026-07-14,381.94,Accepted,Road,Medium,Need immediate pickup
REQ02778,WST00707,C030,C050,795.29,2026-09-09,2026-09-15,254.41,Cancelled,Road,Low,Long-term procurement
REQ02779,WST00707,C024,C050,1195.73,2026-06-23,2026-07-05,272.01,Rejected,Rail,Medium,Requested for pilot testing
REQ02780,WST00707,C034,C050,1216.73,2026-08-05,2026-08-15,263.17,Cancelled,Rail,High,Requested for pilot testing
REQ02781,WST00707,C012,C050,920.69,2026-06-10,2026-06-21,280.96,Pending,Road,Medium,Need immediate pickup
REQ02782,WST00707,C046,C050,743.84,2026-07-15,2026-07-22,217.85,Rejected,Road,High,Bulk procurement
REQ02783,WST00708,C030,C050,1602.45,2026-07-17,2026-07-26,290.27,Pending,Road,Low,Price negotiation required
REQ02784,WST00708,C011,C050,835.08,2026-07-27,2026-07-29,284.88,Pending,Road,Medium,Urgent production requirement
REQ02785,WST00708,C016,C050,1492.32,2026-06-03,2026-06-07,280.59,Accepted,Road,High,Urgent production requirement
REQ02786,WST00709,C046,C050,1746.54,2026-08-19,2026-08-23,355.09,Pending,Road,Medium,Urgent production requirement
REQ02787,WST00709,C025,C050,1853.81,2026-06-25,2026-07-04,367.82,Pending,Rail,Medium,Requested as secondary raw material
REQ02788,WST00709,C024,C050,1383.91,2026-07-22,2026-07-28,412.86,Accepted,Rail,Medium,Need immediate pickup
REQ02789,WST00709,C011,C050,1059.82,2026-08-25,2026-08-31,397.35,Pending,Road,Low,Trial order
REQ02790,WST00710,C035,C050,2751.81,2026-09-07,2026-09-27,142.84,Pending,Road,Medium,Trial order
REQ02791,WST00710,C020,C050,925.49,2026-06-30,2026-07-03,133.44,Cancelled,Road,Low,No additional remarks
REQ02792,WST00710,C007,C050,2288.44,2026-07-22,2026-08-02,157.91,Rejected,Road,Low,Need immediate pickup
REQ02793,WST00710,C047,C050,2193.28,2026-06-25,2026-06-30,151.7,Accepted,Road,Medium,Long-term procurement
REQ02794,WST00710,C037,C050,2809.38,2026-06-11,2026-06-26,153.24,Rejected,Sea,Low,Urgent production requirement
REQ02795,WST00710,C019,C050,1533.63,2026-08-06,2026-08-19,151.81,Rejected,Road,High,For recycling process
REQ02796,WST00711,C003,C050,4174.13,2026-06-27,2026-07-02,398.43,Accepted,Rail,High,For recycling process
REQ02797,WST00711,C020,C050,1660.28,2026-06-20,2026-07-06,514.37,Accepted,Sea,High,For recycling process
REQ02798,WST00711,C034,C050,3887.15,2026-06-21,2026-07-07,388.53,Pending,Road,Low,For recycling process
REQ02799,WST00712,C019,C050,2448.42,2026-06-24,2026-06-28,142.97,Accepted,Sea,Low,Need immediate pickup
REQ02800,WST00712,C031,C050,657.88,2026-08-28,2026-09-06,150.22,Accepted,Road,Low,Bulk procurement
REQ02801,WST00712,C034,C050,1575.57,2026-07-15,2026-07-19,145.19,Rejected,Road,Medium,Requested as secondary raw material
REQ02802,WST00712,C016,C050,1040.39,2026-08-18,2026-08-26,183.29,Pending,Road,Low,Requested as secondary raw material
REQ02803,WST00713,C028,C050,2919.5,2026-08-12,2026-08-16,132.85,Rejected,Rail,Medium,Requested as secondary raw material
REQ02804,WST00713,C025,C050,3097.51,2026-08-07,2026-08-23,148.58,Rejected,Road,Low,Trial order
REQ02805,WST00713,C037,C050,1134.27,2026-07-23,2026-08-09,162.44,Rejected,Road,Low,Requested for pilot testing
REQ02806,WST00713,C027,C050,2425.34,2026-08-25,2026-08-31,158.98,Accepted,Rail,High,Long-term procurement
REQ02807,WST00713,C008,C050,2663.59,2026-07-22,2026-07-30,157.46,Accepted,Rail,Medium,Trial order
REQ02808,WST00714,C044,C050,3654.86,2026-09-02,2026-09-19,214.42,Accepted,Road,Medium,Requested for pilot testing
REQ02809,WST00714,C032,C050,1229.98,2026-08-24,2026-08-28,209.75,Accepted,Road,High,Urgent production requirement
REQ02810,WST00714,C046,C050,3696.47,2026-07-29,2026-08-11,230.31,Accepted,Road,High,Price negotiation required
REQ02811,WST00714,C002,C050,2344.09,2026-08-31,2026-09-11,203.87,Pending,Road,High,For recycling process
REQ02812,WST00714,C018,C050,1046.01,2026-06-30,2026-07-19,250.97,Accepted,Road,Low,Need immediate pickup
REQ02813,WST00715,C038,C050,2842.92,2026-06-14,2026-07-03,13.52,Pending,Road,High,Long-term procurement
REQ02814,WST00715,C032,C050,3468.23,2026-07-11,2026-07-14,14.29,Pending,Road,Medium,Requested as secondary raw material
REQ02815,WST00715,C057,C050,1324.96,2026-08-23,2026-09-09,16.58,Rejected,Road,Low,For recycling process
REQ02816,WST00715,C019,C050,2391.13,2026-06-09,2026-06-28,15.53,Rejected,Road,Medium,Long-term procurement
REQ02817,WST00715,C046,C050,1034.35,2026-08-26,2026-09-15,15.27,Accepted,Road,Medium,Urgent production requirement
REQ02818,WST00715,C008,C050,1157.32,2026-06-23,2026-06-26,15.3,Rejected,Road,Medium,Urgent production requirement
REQ02819,WST00716,C054,C050,3095.85,2026-07-05,2026-07-24,396.33,Accepted,Road,Medium,Bulk procurement
REQ02820,WST00716,C053,C050,3556.67,2026-08-14,2026-08-30,369.51,Accepted,Road,Low,Bulk procurement
REQ02821,WST00716,C056,C050,1494.87,2026-05-31,2026-06-07,447.19,Pending,Road,Medium,Price negotiation required
REQ02822,WST00716,C039,C050,3746.33,2026-06-21,2026-06-24,389.9,Pending,Rail,Low,Requested as secondary raw material
REQ02823,WST00716,C017,C050,3051.29,2026-08-19,2026-09-08,350.46,Pending,Road,Medium,For recycling process
REQ02824,WST00716,C028,C050,1654.35,2026-06-17,2026-06-23,438.6,Rejected,Road,High,Trial order
REQ02825,WST00717,C048,C050,1210.73,2026-05-18,2026-06-03,154.08,Pending,Rail,Medium,Urgent production requirement
REQ02826,WST00717,C031,C050,3440.58,2026-06-04,2026-06-09,135.28,Cancelled,Road,High,Requested as secondary raw material
REQ02827,WST00717,C003,C050,3702.32,2026-09-12,2026-09-25,137.25,Pending,Road,High,Requested for pilot testing
REQ02828,WST00717,C039,C050,3775.71,2026-07-04,2026-07-23,141.59,Pending,Sea,High,Price negotiation required
REQ02829,WST00717,C052,C050,4120.51,2026-09-03,2026-09-05,157.81,Accepted,Road,Low,Long-term procurement
REQ02830,WST00718,C035,C050,494.8,2026-08-10,2026-08-22,198.65,Pending,Road,High,Requested as secondary raw material
REQ02831,WST00718,C034,C050,130.6,2026-08-12,2026-08-18,188.0,Accepted,Rail,High,Price negotiation required
REQ02832,WST00718,C020,C050,295.44,2026-09-01,2026-09-03,154.33,Cancelled,Rail,High,Long-term procurement
REQ02833,WST00719,C058,C050,1812.09,2026-08-13,2026-08-24,420.9,Pending,Road,Low,Urgent production requirement
REQ02834,WST00719,C040,C050,1345.74,2026-07-20,2026-07-29,391.7,Rejected,Road,Low,Long-term procurement
REQ02835,WST00719,C043,C050,1272.21,2026-07-24,2026-08-06,387.93,Rejected,Road,High,Urgent production requirement
REQ02836,WST00719,C039,C050,2585.81,2026-07-18,2026-08-06,476.93,Pending,Road,Low,For recycling process
REQ02837,WST00719,C021,C050,2705.2,2026-08-14,2026-08-21,372.91,Accepted,Rail,Low,Requested as secondary raw material
REQ02838,WST00719,C037,C050,2035.85,2026-06-10,2026-06-16,446.49,Pending,Road,High,Requested for pilot testing
REQ02839,WST00720,C026,C051,2964.45,2026-08-02,2026-08-21,199.72,Rejected,Rail,Low,Urgent production requirement
REQ02840,WST00720,C049,C051,1830.61,2026-08-13,2026-08-31,165.17,Accepted,Road,High,Urgent production requirement
REQ02841,WST00720,C026,C051,2618.8,2026-09-04,2026-09-17,198.13,Accepted,Road,Low,Requested for pilot testing
REQ02842,WST00720,C036,C051,1063.8,2026-09-03,2026-09-22,169.33,Accepted,Rail,Medium,Price negotiation required
REQ02843,WST00721,C027,C051,943.73,2026-07-09,2026-07-29,268.12,Accepted,Road,Low,Requested for pilot testing
REQ02844,WST00721,C055,C051,1958.6,2026-05-21,2026-06-10,268.37,Rejected,Road,Low,For recycling process
REQ02845,WST00721,C037,C051,3104.51,2026-07-01,2026-07-19,233.76,Rejected,Road,High,For recycling process
REQ02846,WST00721,C009,C051,746.41,2026-08-11,2026-08-27,282.19,Accepted,Road,High,For recycling process
REQ02847,WST00721,C028,C051,2019.3,2026-08-05,2026-08-07,276.98,Accepted,Road,Medium,For recycling process
REQ02848,WST00722,C026,C051,1557.49,2026-05-20,2026-05-31,343.05,Accepted,Road,Medium,Long-term procurement
REQ02849,WST00722,C031,C051,3446.06,2026-07-16,2026-07-29,357.7,Accepted,Road,Medium,Need immediate pickup
REQ02850,WST00722,C045,C051,2129.9,2026-09-12,2026-10-02,454.83,Cancelled,Road,High,Urgent production requirement
REQ02851,WST00722,C027,C051,4537.26,2026-06-25,2026-07-09,382.24,Accepted,Road,High,Trial order
REQ02852,WST00722,C031,C051,1827.47,2026-09-10,2026-09-25,437.8,Pending,Road,Low,Trial order
REQ02853,WST00722,C010,C051,4161.78,2026-08-28,2026-09-06,452.96,Pending,Road,Low,Price negotiation required
REQ02854,WST00723,C021,C051,940.83,2026-05-25,2026-06-09,275.07,Rejected,Road,Low,Need immediate pickup
REQ02855,WST00723,C016,C051,1756.74,2026-09-04,2026-09-14,259.06,Pending,Road,Low,Trial order
REQ02856,WST00724,C014,C051,2462.41,2026-07-01,2026-07-07,480.89,Accepted,Road,Medium,Trial order
REQ02857,WST00724,C056,C051,2524.36,2026-07-16,2026-07-21,434.25,Accepted,Road,Medium,Long-term procurement
REQ02858,WST00724,C022,C051,3378.57,2026-07-31,2026-08-08,511.19,Cancelled,Road,High,Need immediate pickup
REQ02859,WST00724,C040,C051,2320.51,2026-08-03,2026-08-23,382.49,Rejected,Rail,High,Trial order
REQ02860,WST00724,C060,C051,1588.39,2026-06-27,2026-07-05,464.79,Accepted,Road,Medium,No additional remarks
REQ02861,WST00725,C010,C051,1702.34,2026-08-08,2026-08-12,194.27,Pending,Road,Medium,Requested for pilot testing
REQ02862,WST00725,C026,C051,2024.48,2026-05-20,2026-06-05,230.47,Cancelled,Road,Low,Trial order
REQ02863,WST00725,C032,C051,1880.26,2026-06-21,2026-07-08,242.42,Rejected,Road,Low,Bulk procurement
REQ02864,WST00725,C007,C051,1111.21,2026-07-01,2026-07-07,209.92,Pending,Road,Medium,No additional remarks
REQ02865,WST00726,C020,C051,555.17,2026-08-24,2026-09-04,100.3,Rejected,Road,Medium,Trial order
REQ02866,WST00726,C057,C051,898.04,2026-06-15,2026-07-05,83.75,Cancelled,Road,Low,Price negotiation required
REQ02867,WST00727,C003,C051,528.31,2026-07-23,2026-08-09,289.98,Pending,Road,Medium,Bulk procurement
REQ02868,WST00727,C053,C051,217.03,2026-07-20,2026-08-01,224.02,Rejected,Rail,Low,Price negotiation required
REQ02869,WST00727,C004,C051,804.15,2026-07-28,2026-08-09,288.64,Accepted,Road,Medium,Requested as secondary raw material
REQ02870,WST00727,C043,C051,1020.86,2026-08-06,2026-08-25,230.81,Accepted,Sea,Low,Price negotiation required
REQ02871,WST00727,C008,C051,450.62,2026-08-24,2026-09-02,290.63,Cancelled,Road,Low,Long-term procurement
REQ02872,WST00728,C005,C051,58.21,2026-07-03,2026-07-11,420.78,Pending,Road,High,Long-term procurement
REQ02873,WST00728,C035,C051,65.3,2026-08-14,2026-09-03,422.18,Accepted,Road,Medium,Urgent production requirement
REQ02874,WST00728,C029,C051,69.51,2026-06-26,2026-07-07,466.81,Pending,Rail,Low,Urgent production requirement
REQ02875,WST00728,C011,C051,173.37,2026-05-22,2026-05-29,444.78,Accepted,Rail,Low,Urgent production requirement
REQ02876,WST00728,C013,C051,185.15,2026-07-24,2026-08-06,396.3,Pending,Road,Medium,Requested as secondary raw material
REQ02877,WST00728,C039,C051,182.8,2026-07-10,2026-07-21,374.66,Pending,Sea,Medium,For recycling process
REQ02878,WST00729,C013,C051,261.92,2026-05-17,2026-05-19,272.51,Accepted,Road,Low,Need immediate pickup
REQ02879,WST00729,C020,C051,260.9,2026-07-30,2026-08-15,266.55,Rejected,Road,High,Need immediate pickup
REQ02880,WST00729,C019,C051,155.52,2026-05-17,2026-06-02,271.16,Accepted,Road,Medium,Requested for pilot testing
REQ02881,WST00729,C024,C051,229.32,2026-08-12,2026-09-01,304.09,Accepted,Road,Medium,No additional remarks
REQ02882,WST00730,C002,C051,1184.13,2026-05-31,2026-06-06,90.04,Cancelled,Road,Medium,No additional remarks
REQ02883,WST00730,C027,C051,1417.83,2026-08-01,2026-08-04,115.03,Pending,Road,Medium,Price negotiation required
REQ02884,WST00730,C053,C051,472.33,2026-06-26,2026-07-01,113.05,Rejected,Road,High,Need immediate pickup
REQ02885,WST00730,C016,C051,577.93,2026-06-21,2026-06-28,109.22,Pending,Rail,High,Need immediate pickup
REQ02886,WST00730,C025,C051,831.56,2026-06-30,2026-07-11,90.51,Pending,Road,High,No additional remarks
REQ02887,WST00731,C017,C051,997.66,2026-06-30,2026-07-10,479.14,Rejected,Road,Low,No additional remarks
REQ02888,WST00731,C058,C051,2050.94,2026-07-25,2026-08-02,396.85,Accepted,Road,Medium,Trial order
REQ02889,WST00731,C056,C051,1257.49,2026-08-13,2026-08-27,365.77,Pending,Rail,High,Long-term procurement
REQ02890,WST00732,C034,C051,2677.38,2026-07-20,2026-07-23,75.28,Accepted,Road,Medium,Requested for pilot testing
REQ02891,WST00732,C014,C051,1942.11,2026-08-30,2026-09-06,94.47,Rejected,Road,Medium,Urgent production requirement
REQ02892,WST00732,C029,C051,3587.58,2026-07-12,2026-07-22,81.99,Pending,Road,Medium,Urgent production requirement
REQ02893,WST00732,C049,C051,1987.49,2026-07-12,2026-07-23,86.32,Accepted,Road,Medium,Need immediate pickup
REQ02894,WST00732,C014,C051,3627.2,2026-06-21,2026-07-07,92.73,Pending,Road,Medium,Requested as secondary raw material
REQ02895,WST00732,C031,C051,2786.78,2026-06-21,2026-06-25,76.22,Rejected,Road,Low,Bulk procurement
REQ02896,WST00733,C018,C051,1747.6,2026-07-01,2026-07-03,35.66,Rejected,Road,High,Requested as secondary raw material
REQ02897,WST00733,C014,C051,759.23,2026-05-24,2026-06-05,36.77,Accepted,Road,Low,Trial order
REQ02898,WST00733,C004,C051,2006.62,2026-09-10,2026-09-18,36.36,Pending,Road,High,Long-term procurement
REQ02899,WST00733,C003,C051,817.22,2026-07-31,2026-08-05,35.73,Pending,Road,Low,Urgent production requirement
REQ02900,WST00733,C022,C051,1043.25,2026-08-11,2026-08-25,38.03,Cancelled,Road,Low,Requested for pilot testing
REQ02901,WST00733,C027,C051,1549.5,2026-08-27,2026-09-03,39.37,Rejected,Rail,High,Price negotiation required
REQ02902,WST00734,C045,C051,1194.05,2026-07-30,2026-08-05,427.7,Accepted,Road,Low,Bulk procurement
REQ02903,WST00734,C042,C051,2465.99,2026-08-24,2026-09-11,491.03,Accepted,Road,Medium,Long-term procurement
REQ02904,WST00735,C023,C051,958.38,2026-08-20,2026-09-06,152.42,Cancelled,Sea,Medium,For recycling process
REQ02905,WST00735,C018,C051,825.75,2026-06-27,2026-06-29,161.17,Accepted,Road,Low,Need immediate pickup
REQ02906,WST00735,C036,C051,2747.78,2026-05-19,2026-05-21,139.17,Pending,Road,Low,No additional remarks
REQ02907,WST00735,C039,C051,1294.61,2026-06-05,2026-06-22,158.69,Pending,Rail,High,Urgent production requirement
REQ02908,WST00735,C025,C051,2866.8,2026-08-05,2026-08-25,154.79,Accepted,Sea,High,Requested as secondary raw material
REQ02909,WST00735,C007,C051,2075.96,2026-05-27,2026-06-13,174.53,Accepted,Road,Medium,Need immediate pickup
REQ02910,WST00736,C037,C051,998.93,2026-05-16,2026-05-31,84.27,Accepted,Road,High,Trial order
REQ02911,WST00736,C034,C051,712.35,2026-06-28,2026-07-09,79.85,Pending,Road,Medium,Long-term procurement
REQ02912,WST00737,C036,C051,2281.53,2026-06-22,2026-06-25,516.68,Accepted,Road,Low,Need immediate pickup
REQ02913,WST00737,C039,C051,3762.37,2026-08-09,2026-08-20,454.54,Rejected,Road,High,Price negotiation required
REQ02914,WST00737,C019,C051,1522.15,2026-08-13,2026-08-27,412.73,Accepted,Rail,Medium,Urgent production requirement
REQ02915,WST00738,C041,C051,3338.46,2026-07-03,2026-07-16,407.93,Accepted,Road,Low,Urgent production requirement
REQ02916,WST00738,C013,C051,2685.62,2026-07-05,2026-07-10,440.1,Pending,Road,High,Urgent production requirement
REQ02917,WST00738,C031,C051,831.73,2026-07-04,2026-07-06,428.96,Cancelled,Rail,High,For recycling process
REQ02918,WST00738,C044,C051,4020.99,2026-06-04,2026-06-09,444.66,Accepted,Road,Low,Price negotiation required
REQ02919,WST00738,C013,C051,2137.6,2026-06-21,2026-06-25,452.38,Cancelled,Rail,Low,For recycling process
REQ02920,WST00738,C038,C051,3928.08,2026-08-25,2026-08-29,444.06,Rejected,Road,High,Price negotiation required
REQ02921,WST00739,C027,C051,163.47,2026-06-26,2026-07-13,198.68,Accepted,Road,Low,No additional remarks
REQ02922,WST00739,C014,C051,105.56,2026-08-15,2026-08-21,248.95,Accepted,Road,Low,No additional remarks
REQ02923,WST00739,C037,C051,75.31,2026-08-13,2026-09-02,189.02,Pending,Road,High,Requested for pilot testing
REQ02924,WST00740,C058,C051,1041.22,2026-06-29,2026-07-10,305.14,Accepted,Road,Medium,Bulk procurement
REQ02925,WST00740,C003,C051,377.49,2026-06-17,2026-06-26,302.01,Accepted,Rail,High,Trial order
REQ02926,WST00740,C029,C051,1039.16,2026-09-07,2026-09-15,330.12,Accepted,Road,Medium,No additional remarks
REQ02927,WST00741,C037,C051,641.43,2026-07-06,2026-07-17,40.86,Accepted,Road,High,Requested as secondary raw material
REQ02928,WST00741,C024,C051,1492.16,2026-09-11,2026-09-16,42.59,Cancelled,Road,High,Requested for pilot testing
REQ02929,WST00741,C017,C051,673.74,2026-05-23,2026-06-10,50.67,Pending,Sea,High,Long-term procurement
REQ02930,WST00741,C023,C051,452.72,2026-06-19,2026-06-22,45.73,Pending,Road,Low,For recycling process
REQ02931,WST00742,C005,C051,1239.77,2026-07-20,2026-07-28,366.12,Pending,Road,Low,For recycling process
REQ02932,WST00742,C022,C051,1725.55,2026-08-24,2026-09-12,330.15,Accepted,Sea,Medium,No additional remarks
REQ02933,WST00742,C006,C051,1292.09,2026-07-24,2026-07-29,324.64,Pending,Sea,Medium,Need immediate pickup
REQ02934,WST00742,C024,C051,1560.0,2026-07-15,2026-07-31,351.49,Accepted,Rail,Medium,Requested for pilot testing
REQ02935,WST00742,C043,C051,961.66,2026-07-19,2026-08-04,418.92,Pending,Road,High,For recycling process
REQ02936,WST00742,C043,C051,870.61,2026-08-03,2026-08-22,422.58,Pending,Road,High,Requested as secondary raw material
REQ02937,WST00743,C030,C051,1325.45,2026-07-15,2026-07-30,29.32,Accepted,Road,Low,Long-term procurement
REQ02938,WST00743,C040,C051,1594.21,2026-07-21,2026-07-25,26.14,Rejected,Road,Low,Long-term procurement
REQ02939,WST00744,C033,C051,609.18,2026-09-06,2026-09-19,74.56,Pending,Rail,High,Urgent production requirement
REQ02940,WST00744,C034,C051,176.39,2026-07-07,2026-07-21,68.56,Pending,Road,Low,Long-term procurement
REQ02941,WST00744,C055,C051,162.96,2026-08-16,2026-09-04,80.54,Rejected,Rail,High,Urgent production requirement
REQ02942,WST00744,C050,C051,443.08,2026-07-07,2026-07-27,74.81,Cancelled,Road,High,No additional remarks
REQ02943,WST00744,C047,C051,426.68,2026-08-09,2026-08-15,74.72,Cancelled,Road,Low,Long-term procurement
REQ02944,WST00745,C007,C051,488.28,2026-06-22,2026-07-10,379.31,Cancelled,Road,High,Requested as secondary raw material
REQ02945,WST00745,C046,C051,182.46,2026-05-29,2026-06-05,379.7,Pending,Sea,Medium,Requested as secondary raw material
REQ02946,WST00745,C030,C051,433.45,2026-06-20,2026-07-07,394.06,Pending,Road,Low,Trial order
REQ02947,WST00745,C012,C051,377.83,2026-05-24,2026-06-11,392.5,Rejected,Road,Low,Urgent production requirement
REQ02948,WST00746,C044,C051,1463.43,2026-09-12,2026-09-14,384.7,Accepted,Road,Medium,Need immediate pickup
REQ02949,WST00746,C005,C051,1736.4,2026-06-20,2026-07-09,441.44,Pending,Road,Medium,For recycling process
REQ02950,WST00746,C034,C051,1001.72,2026-08-30,2026-09-08,467.03,Rejected,Road,Low,Bulk procurement
REQ02951,WST00746,C005,C051,1607.89,2026-06-01,2026-06-05,474.56,Pending,Rail,High,Requested as secondary raw material
REQ02952,WST00746,C012,C051,782.5,2026-06-02,2026-06-04,489.45,Cancelled,Rail,Medium,Need immediate pickup
REQ02953,WST00746,C031,C051,1113.94,2026-08-12,2026-08-22,488.08,Pending,Road,High,Price negotiation required
REQ02954,WST00747,C056,C051,629.38,2026-09-04,2026-09-09,369.56,Cancelled,Road,Low,Urgent production requirement
REQ02955,WST00747,C007,C051,571.9,2026-08-18,2026-08-29,434.71,Accepted,Road,Medium,Urgent production requirement
REQ02956,WST00747,C015,C051,619.69,2026-05-24,2026-06-11,394.44,Pending,Road,High,No additional remarks
REQ02957,WST00747,C046,C051,582.02,2026-08-15,2026-08-21,471.14,Pending,Road,High,Trial order
REQ02958,WST00747,C013,C051,730.99,2026-07-24,2026-07-27,426.45,Accepted,Road,High,Requested as secondary raw material
REQ02959,WST00748,C020,C051,2323.74,2026-06-01,2026-06-06,120.63,Accepted,Road,High,Requested as secondary raw material
REQ02960,WST00748,C028,C051,2703.82,2026-06-29,2026-07-18,97.04,Cancelled,Road,Low,Long-term procurement
REQ02961,WST00749,C034,C051,3170.84,2026-07-29,2026-08-07,25.93,Pending,Road,High,Requested as secondary raw material
REQ02962,WST00749,C022,C051,3187.72,2026-05-23,2026-06-12,31.77,Pending,Road,Low,Trial order
REQ02963,WST00749,C038,C051,3085.78,2026-06-26,2026-07-10,27.79,Accepted,Rail,Low,Trial order
REQ02964,WST00749,C007,C051,3351.22,2026-09-08,2026-09-26,27.33,Pending,Rail,Low,Price negotiation required
REQ02965,WST00750,C011,C052,553.0,2026-08-23,2026-09-06,108.41,Pending,Road,Medium,Trial order
REQ02966,WST00750,C050,C052,223.56,2026-06-25,2026-06-28,107.23,Pending,Road,Medium,Price negotiation required
REQ02967,WST00751,C013,C052,269.93,2026-09-08,2026-09-16,188.02,Pending,Road,High,Long-term procurement
REQ02968,WST00751,C040,C052,269.97,2026-06-08,2026-06-27,162.92,Accepted,Road,Medium,For recycling process
REQ02969,WST00751,C017,C052,262.76,2026-06-16,2026-06-30,201.35,Cancelled,Rail,High,Requested for pilot testing
REQ02970,WST00751,C042,C052,359.07,2026-05-27,2026-06-10,182.88,Cancelled,Sea,High,Requested as secondary raw material
REQ02971,WST00751,C008,C052,188.4,2026-07-26,2026-07-28,171.56,Rejected,Road,Medium,No additional remarks
REQ02972,WST00751,C003,C052,116.88,2026-06-09,2026-06-28,188.36,Pending,Rail,Low,Bulk procurement
REQ02973,WST00752,C012,C052,1104.23,2026-06-17,2026-07-01,437.75,Accepted,Sea,High,Bulk procurement
REQ02974,WST00752,C044,C052,1137.97,2026-07-09,2026-07-13,541.27,Accepted,Road,High,Urgent production requirement
REQ02975,WST00752,C033,C052,2074.23,2026-06-22,2026-07-05,495.94,Accepted,Road,Low,Trial order
REQ02976,WST00752,C002,C052,1218.31,2026-08-31,2026-09-02,416.34,Pending,Road,Low,Price negotiation required
REQ02977,WST00752,C043,C052,1680.85,2026-08-10,2026-08-20,494.11,Accepted,Road,High,No additional remarks
REQ02978,WST00753,C045,C052,1209.83,2026-06-18,2026-06-24,336.73,Pending,Road,Medium,Requested for pilot testing
REQ02979,WST00753,C025,C052,4174.99,2026-07-16,2026-08-02,305.9,Accepted,Road,Medium,No additional remarks
REQ02980,WST00754,C030,C052,1746.25,2026-06-19,2026-07-03,106.28,Accepted,Road,Medium,Trial order
REQ02981,WST00754,C018,C052,1469.1,2026-09-11,2026-09-22,114.91,Cancelled,Road,Medium,Requested for pilot testing
REQ02982,WST00754,C011,C052,2956.74,2026-07-28,2026-08-14,109.32,Accepted,Road,High,Bulk procurement
REQ02983,WST00754,C004,C052,4896.82,2026-07-07,2026-07-24,104.63,Rejected,Road,High,Requested for pilot testing
REQ02984,WST00754,C028,C052,2008.16,2026-06-12,2026-06-26,102.98,Rejected,Road,Low,Requested for pilot testing
REQ02985,WST00755,C041,C052,1273.92,2026-07-28,2026-08-05,203.34,Accepted,Road,High,Bulk procurement
REQ02986,WST00755,C056,C052,1184.64,2026-07-15,2026-07-28,228.6,Cancelled,Road,Low,Requested for pilot testing
REQ02987,WST00756,C043,C052,619.93,2026-08-23,2026-09-09,275.33,Accepted,Road,Low,Bulk procurement
REQ02988,WST00756,C003,C052,272.07,2026-08-08,2026-08-16,302.86,Rejected,Road,Low,For recycling process
REQ02989,WST00756,C025,C052,230.16,2026-06-10,2026-06-19,279.35,Pending,Road,High,Long-term procurement
REQ02990,WST00756,C026,C052,732.79,2026-07-09,2026-07-16,315.85,Accepted,Road,Low,Requested for pilot testing
REQ02991,WST00757,C012,C052,1801.97,2026-07-26,2026-08-11,405.47,Pending,Road,Low,Bulk procurement
REQ02992,WST00757,C040,C052,1615.68,2026-08-15,2026-09-04,412.11,Pending,Road,Low,Urgent production requirement
REQ02993,WST00757,C021,C052,2104.39,2026-08-15,2026-09-03,421.57,Accepted,Rail,Low,Long-term procurement
REQ02994,WST00758,C058,C052,2248.86,2026-08-02,2026-08-15,223.64,Pending,Road,Low,Trial order
REQ02995,WST00758,C021,C052,1896.77,2026-07-03,2026-07-22,259.99,Accepted,Road,High,Bulk procurement
REQ02996,WST00758,C039,C052,1424.61,2026-07-10,2026-07-19,288.92,Accepted,Road,Medium,Long-term procurement
REQ02997,WST00758,C025,C052,699.91,2026-05-29,2026-06-12,242.61,Accepted,Road,High,Trial order
REQ02998,WST00759,C013,C052,909.44,2026-05-20,2026-06-04,399.24,Pending,Road,High,Urgent production requirement
REQ02999,WST00759,C028,C052,370.6,2026-08-28,2026-09-05,430.76,Rejected,Road,High,Requested for pilot testing
REQ03000,WST00759,C047,C052,921.04,2026-07-04,2026-07-14,366.34,Accepted,Road,High,Trial order
REQ03001,WST00759,C035,C052,311.69,2026-06-02,2026-06-06,382.21,Accepted,Rail,Medium,Requested for pilot testing
REQ03002,WST00760,C049,C052,1777.95,2026-08-17,2026-09-01,310.44,Accepted,Road,High,Urgent production requirement
REQ03003,WST00760,C001,C052,1860.49,2026-08-16,2026-09-02,322.68,Accepted,Rail,Medium,Bulk procurement
REQ03004,WST00760,C037,C052,987.72,2026-08-19,2026-08-24,295.18,Accepted,Rail,Medium,Requested for pilot testing
REQ03005,WST00760,C022,C052,1201.94,2026-07-10,2026-07-12,274.85,Rejected,Road,Low,For recycling process
REQ03006,WST00761,C015,C052,346.81,2026-05-16,2026-05-21,36.13,Pending,Road,Medium,Requested as secondary raw material
REQ03007,WST00761,C049,C052,1117.62,2026-08-16,2026-08-31,32.99,Cancelled,Rail,Medium,Requested as secondary raw material
REQ03008,WST00762,C020,C052,1227.34,2026-07-05,2026-07-21,245.2,Cancelled,Road,Medium,Price negotiation required
REQ03009,WST00762,C050,C052,571.63,2026-06-02,2026-06-18,260.45,Accepted,Road,Medium,Trial order
REQ03010,WST00762,C040,C052,1794.23,2026-06-23,2026-07-13,232.73,Rejected,Road,Low,Urgent production requirement
REQ03011,WST00762,C043,C052,738.54,2026-09-08,2026-09-13,230.31,Pending,Rail,High,Long-term procurement
REQ03012,WST00762,C041,C052,636.44,2026-05-19,2026-06-01,221.67,Accepted,Road,High,Trial order
REQ03013,WST00763,C013,C052,3218.86,2026-08-28,2026-09-04,54.62,Pending,Road,Medium,Urgent production requirement
REQ03014,WST00763,C041,C052,1990.05,2026-07-17,2026-07-30,53.08,Accepted,Road,Low,Requested as secondary raw material
REQ03015,WST00763,C046,C052,1153.92,2026-07-01,2026-07-15,40.9,Pending,Sea,Medium,For recycling process
REQ03016,WST00764,C027,C052,1145.65,2026-08-04,2026-08-23,161.29,Pending,Road,High,Price negotiation required
REQ03017,WST00764,C026,C052,2356.98,2026-08-21,2026-08-30,174.28,Accepted,Road,High,Long-term procurement
REQ03018,WST00764,C060,C052,1342.45,2026-08-13,2026-08-17,153.14,Cancelled,Road,Medium,For recycling process
REQ03019,WST00764,C048,C052,1629.69,2026-08-09,2026-08-25,147.02,Rejected,Rail,Medium,Requested for pilot testing
REQ03020,WST00764,C054,C052,1443.77,2026-09-10,2026-09-18,170.12,Accepted,Road,High,Requested for pilot testing
REQ03021,WST00764,C013,C052,608.74,2026-08-19,2026-09-03,154.7,Rejected,Rail,Medium,Requested as secondary raw material
REQ03022,WST00765,C004,C052,2268.37,2026-06-16,2026-07-05,151.8,Pending,Road,Low,Trial order
REQ03023,WST00765,C025,C052,2488.62,2026-08-04,2026-08-14,159.19,Accepted,Road,Low,Long-term procurement
REQ03024,WST00765,C010,C052,2605.41,2026-06-06,2026-06-10,126.55,Pending,Road,Medium,No additional remarks
REQ03025,WST00765,C019,C052,1969.73,2026-08-20,2026-08-22,155.33,Accepted,Road,High,For recycling process
REQ03026,WST00766,C005,C052,1736.31,2026-07-09,2026-07-13,323.53,Pending,Rail,Low,Long-term procurement
REQ03027,WST00766,C024,C052,1965.68,2026-07-18,2026-08-06,272.4,Accepted,Road,Low,Price negotiation required
REQ03028,WST00766,C035,C052,1379.34,2026-06-29,2026-07-10,335.78,Accepted,Road,High,Requested for pilot testing
REQ03029,WST00766,C003,C052,2209.78,2026-06-28,2026-07-16,305.22,Accepted,Road,Medium,No additional remarks
REQ03030,WST00767,C004,C052,1145.09,2026-07-11,2026-07-23,8.35,Accepted,Road,Low,Urgent production requirement
REQ03031,WST00767,C032,C052,953.43,2026-08-20,2026-08-31,8.29,Rejected,Road,High,Long-term procurement
REQ03032,WST00768,C006,C052,179.36,2026-07-13,2026-07-15,24.07,Accepted,Road,Medium,Bulk procurement
REQ03033,WST00768,C031,C052,56.58,2026-08-03,2026-08-17,24.64,Cancelled,Rail,High,Urgent production requirement
REQ03034,WST00768,C032,C052,221.7,2026-07-26,2026-07-31,28.47,Pending,Road,Low,Price negotiation required
REQ03035,WST00768,C043,C052,155.8,2026-06-01,2026-06-14,24.78,Accepted,Sea,High,Urgent production requirement
REQ03036,WST00769,C021,C053,1248.53,2026-07-24,2026-07-28,47.56,Accepted,Sea,Medium,Long-term procurement
REQ03037,WST00769,C016,C053,2140.35,2026-09-03,2026-09-08,48.56,Cancelled,Rail,Medium,Need immediate pickup
REQ03038,WST00770,C013,C053,3034.14,2026-06-01,2026-06-17,431.18,Accepted,Road,Medium,Long-term procurement
REQ03039,WST00770,C001,C053,1979.1,2026-07-13,2026-07-15,340.98,Accepted,Road,High,Requested for pilot testing
REQ03040,WST00770,C058,C053,1464.56,2026-06-27,2026-07-10,388.2,Accepted,Rail,Low,Requested as secondary raw material
REQ03041,WST00770,C020,C053,1206.82,2026-08-09,2026-08-17,412.73,Accepted,Sea,High,For recycling process
REQ03042,WST00770,C045,C053,2945.35,2026-08-31,2026-09-03,410.06,Pending,Road,Medium,For recycling process
REQ03043,WST00771,C019,C053,670.05,2026-07-15,2026-08-04,359.63,Pending,Road,Medium,No additional remarks
REQ03044,WST00771,C027,C053,854.67,2026-05-28,2026-06-11,308.6,Pending,Rail,Low,Need immediate pickup
REQ03045,WST00771,C039,C053,691.54,2026-08-13,2026-08-31,365.0,Rejected,Road,Low,Price negotiation required
REQ03046,WST00772,C019,C053,892.37,2026-09-01,2026-09-11,180.13,Pending,Road,Medium,Trial order
REQ03047,WST00772,C057,C053,1725.34,2026-08-11,2026-08-23,194.42,Rejected,Road,Medium,Price negotiation required
REQ03048,WST00772,C011,C053,831.97,2026-07-20,2026-07-31,161.87,Accepted,Road,Medium,Requested as secondary raw material
REQ03049,WST00772,C059,C053,558.89,2026-06-14,2026-07-01,178.68,Accepted,Road,Low,Urgent production requirement
REQ03050,WST00773,C010,C053,2376.03,2026-08-22,2026-09-11,190.34,Rejected,Road,Low,Price negotiation required
REQ03051,WST00773,C036,C053,2540.89,2026-05-28,2026-06-13,225.03,Accepted,Road,High,Bulk procurement
REQ03052,WST00774,C013,C053,1161.25,2026-06-10,2026-06-13,4.57,Rejected,Road,Low,Requested for pilot testing
REQ03053,WST00774,C050,C053,537.06,2026-08-29,2026-09-06,6.12,Pending,Road,Medium,Trial order
REQ03054,WST00774,C005,C053,1254.61,2026-06-22,2026-07-05,5.49,Rejected,Road,Low,Requested for pilot testing
REQ03055,WST00774,C017,C053,910.83,2026-08-23,2026-09-12,5.24,Pending,Road,High,Trial order
REQ03056,WST00774,C021,C053,957.41,2026-08-07,2026-08-17,4.94,Cancelled,Road,High,Urgent production requirement
REQ03057,WST00775,C014,C053,1214.54,2026-08-25,2026-09-11,236.04,Pending,Road,Medium,No additional remarks
REQ03058,WST00775,C037,C053,1138.83,2026-06-23,2026-06-26,229.56,Accepted,Road,Low,Long-term procurement
REQ03059,WST00775,C059,C053,517.52,2026-07-03,2026-07-15,202.65,Accepted,Road,Low,Price negotiation required
REQ03060,WST00776,C055,C053,3365.57,2026-06-25,2026-07-06,465.59,Pending,Road,High,Need immediate pickup
REQ03061,WST00776,C054,C053,1938.04,2026-08-26,2026-09-09,459.39,Pending,Road,Low,Requested as secondary raw material
REQ03062,WST00777,C005,C053,1812.05,2026-06-19,2026-07-01,44.99,Accepted,Road,Medium,Requested as secondary raw material
REQ03063,WST00777,C003,C053,781.29,2026-06-04,2026-06-22,43.23,Cancelled,Road,Medium,For recycling process
REQ03064,WST00777,C032,C053,1325.41,2026-06-26,2026-07-13,48.35,Pending,Road,High,Trial order
REQ03065,WST00778,C058,C053,761.12,2026-08-15,2026-09-01,378.16,Accepted,Road,Low,No additional remarks
REQ03066,WST00778,C022,C053,2495.33,2026-08-29,2026-09-09,378.2,Cancelled,Road,High,Urgent production requirement
REQ03067,WST00778,C040,C053,1255.41,2026-06-09,2026-06-14,381.2,Pending,Road,Low,Requested as secondary raw material
REQ03068,WST00779,C058,C053,1143.34,2026-07-15,2026-07-17,8.21,Rejected,Road,Medium,For recycling process
REQ03069,WST00779,C049,C053,2589.79,2026-06-01,2026-06-15,7.84,Cancelled,Road,Medium,Bulk procurement
REQ03070,WST00780,C022,C053,3241.59,2026-07-13,2026-07-23,262.74,Pending,Rail,Low,Requested as secondary raw material
REQ03071,WST00780,C038,C053,914.66,2026-08-12,2026-08-21,278.76,Rejected,Rail,Medium,Requested as secondary raw material
REQ03072,WST00780,C054,C053,2961.21,2026-06-12,2026-06-17,248.89,Pending,Rail,Medium,Need immediate pickup
REQ03073,WST00781,C001,C053,1979.68,2026-08-25,2026-09-10,441.54,Pending,Road,High,Long-term procurement
REQ03074,WST00781,C021,C053,2298.55,2026-08-02,2026-08-11,439.16,Pending,Sea,High,Requested for pilot testing
REQ03075,WST00782,C011,C053,231.83,2026-07-11,2026-07-30,268.17,Pending,Road,High,Long-term procurement
REQ03076,WST00782,C022,C053,504.26,2026-07-29,2026-08-14,322.36,Accepted,Road,Low,Requested for pilot testing
REQ03077,WST00783,C049,C053,3899.6,2026-09-07,2026-09-25,125.75,Pending,Road,Medium,Long-term procurement
REQ03078,WST00783,C026,C053,1399.01,2026-07-25,2026-08-11,136.08,Pending,Rail,Low,Bulk procurement
REQ03079,WST00783,C044,C053,1198.54,2026-05-28,2026-06-12,116.03,Accepted,Rail,High,Requested for pilot testing
REQ03080,WST00783,C057,C053,1080.69,2026-07-31,2026-08-14,132.73,Cancelled,Rail,Low,Long-term procurement
REQ03081,WST00784,C014,C053,3621.75,2026-06-26,2026-07-06,418.81,Pending,Road,Medium,Need immediate pickup
REQ03082,WST00784,C031,C053,1859.44,2026-07-06,2026-07-12,421.24,Pending,Road,Medium,Need immediate pickup
REQ03083,WST00784,C059,C053,1948.02,2026-07-27,2026-08-15,370.89,Accepted,Road,Medium,No additional remarks
REQ03084,WST00784,C013,C053,1810.46,2026-09-02,2026-09-07,452.72,Cancelled,Road,Low,Trial order
REQ03085,WST00785,C057,C054,1152.52,2026-08-19,2026-09-06,220.86,Pending,Rail,Medium,For recycling process
REQ03086,WST00785,C005,C054,1170.56,2026-07-04,2026-07-11,217.46,Accepted,Rail,Low,Long-term procurement
REQ03087,WST00785,C026,C054,3780.08,2026-09-08,2026-09-27,180.57,Pending,Road,Medium,No additional remarks
REQ03088,WST00785,C004,C054,2978.69,2026-06-04,2026-06-24,213.48,Pending,Sea,High,Bulk procurement
REQ03089,WST00786,C022,C054,2862.17,2026-06-01,2026-06-03,200.24,Pending,Road,Low,No additional remarks
REQ03090,WST00786,C041,C054,2930.62,2026-07-24,2026-07-29,207.64,Accepted,Sea,Medium,Long-term procurement
REQ03091,WST00786,C060,C054,2958.52,2026-08-29,2026-09-15,183.22,Accepted,Rail,High,Urgent production requirement
REQ03092,WST00787,C057,C054,198.25,2026-06-12,2026-06-27,19.18,Accepted,Sea,High,No additional remarks
REQ03093,WST00787,C037,C054,590.81,2026-07-03,2026-07-17,15.45,Accepted,Sea,Medium,For recycling process
REQ03094,WST00787,C027,C054,638.36,2026-06-03,2026-06-05,19.84,Accepted,Road,Low,Need immediate pickup
REQ03095,WST00787,C007,C054,313.8,2026-07-02,2026-07-22,19.55,Cancelled,Road,Low,Requested as secondary raw material
REQ03096,WST00788,C035,C054,1881.78,2026-08-29,2026-09-16,448.81,Accepted,Road,Medium,Trial order
REQ03097,WST00788,C043,C054,4076.44,2026-08-31,2026-09-06,373.38,Pending,Road,Low,No additional remarks
REQ03098,WST00789,C040,C054,2667.56,2026-06-04,2026-06-11,148.99,Rejected,Rail,High,Requested for pilot testing
REQ03099,WST00789,C017,C054,1039.47,2026-05-26,2026-06-09,145.71,Pending,Road,High,Price negotiation required
REQ03100,WST00789,C031,C054,1852.11,2026-07-07,2026-07-22,145.66,Cancelled,Rail,Medium,For recycling process
REQ03101,WST00789,C038,C054,996.34,2026-07-22,2026-08-02,138.49,Rejected,Rail,Medium,Need immediate pickup
REQ03102,WST00790,C036,C054,1292.24,2026-07-27,2026-08-02,527.28,Pending,Road,Medium,Urgent production requirement
REQ03103,WST00790,C039,C054,3307.9,2026-08-31,2026-09-13,452.39,Accepted,Rail,Medium,Requested as secondary raw material
REQ03104,WST00790,C030,C054,1267.92,2026-05-18,2026-05-25,422.82,Pending,Rail,Low,Requested as secondary raw material
REQ03105,WST00790,C049,C054,2403.89,2026-09-04,2026-09-10,422.67,Pending,Sea,Low,Trial order
REQ03106,WST00790,C043,C054,3880.96,2026-08-30,2026-09-16,504.74,Pending,Rail,High,No additional remarks
REQ03107,WST00791,C044,C054,4135.05,2026-05-26,2026-06-05,228.27,Pending,Road,Medium,Price negotiation required
REQ03108,WST00791,C049,C054,1890.04,2026-07-16,2026-07-28,251.5,Accepted,Road,High,For recycling process
REQ03109,WST00791,C002,C054,3907.59,2026-05-25,2026-06-04,252.98,Pending,Road,High,Trial order
REQ03110,WST00791,C032,C054,3128.34,2026-06-23,2026-06-29,245.08,Cancelled,Rail,High,Requested as secondary raw material
REQ03111,WST00792,C032,C054,1296.29,2026-06-12,2026-06-27,12.91,Accepted,Sea,High,Need immediate pickup
REQ03112,WST00792,C046,C054,1547.28,2026-07-02,2026-07-04,12.76,Pending,Road,Medium,Requested as secondary raw material
REQ03113,WST00792,C002,C054,582.97,2026-07-26,2026-08-02,14.68,Pending,Road,Low,No additional remarks
REQ03114,WST00793,C050,C054,1081.91,2026-05-24,2026-05-28,419.38,Accepted,Road,High,No additional remarks
REQ03115,WST00793,C045,C054,648.24,2026-07-16,2026-08-05,514.36,Pending,Road,Medium,Bulk procurement
REQ03116,WST00793,C046,C054,1140.59,2026-08-20,2026-08-30,459.53,Cancelled,Road,Medium,No additional remarks
REQ03117,WST00793,C005,C054,1038.71,2026-08-14,2026-09-01,474.96,Rejected,Road,High,Urgent production requirement
REQ03118,WST00793,C047,C054,1421.11,2026-08-15,2026-08-23,548.61,Pending,Road,Low,Long-term procurement
REQ03119,WST00793,C007,C054,398.68,2026-06-17,2026-06-29,425.87,Rejected,Road,Medium,Urgent production requirement
REQ03120,WST00794,C056,C054,696.25,2026-05-16,2026-06-01,243.52,Accepted,Road,High,Requested as secondary raw material
REQ03121,WST00794,C057,C054,1312.67,2026-08-27,2026-08-30,270.52,Accepted,Rail,Low,Bulk procurement
REQ03122,WST00794,C004,C054,882.8,2026-06-13,2026-07-02,279.23,Cancelled,Road,Low,Long-term procurement
REQ03123,WST00794,C047,C054,2797.81,2026-05-29,2026-06-10,254.92,Pending,Road,High,Long-term procurement
REQ03124,WST00795,C041,C054,2732.75,2026-08-03,2026-08-18,384.69,Pending,Rail,High,Long-term procurement
REQ03125,WST00795,C045,C054,3870.77,2026-07-06,2026-07-18,471.26,Rejected,Road,High,Requested for pilot testing
REQ03126,WST00795,C036,C054,2533.32,2026-07-04,2026-07-24,386.99,Accepted,Sea,Medium,Trial order
REQ03127,WST00795,C049,C054,2576.11,2026-08-10,2026-08-15,426.19,Pending,Rail,High,For recycling process
REQ03128,WST00796,C003,C054,831.61,2026-09-12,2026-09-17,172.03,Pending,Road,Medium,Bulk procurement
REQ03129,WST00796,C044,C054,2393.05,2026-06-05,2026-06-16,165.82,Pending,Road,High,Long-term procurement
REQ03130,WST00796,C013,C054,857.09,2026-06-15,2026-06-24,155.08,Accepted,Rail,Medium,No additional remarks
REQ03131,WST00796,C019,C054,3677.7,2026-08-09,2026-08-11,159.89,Pending,Road,Medium,Requested for pilot testing
REQ03132,WST00796,C052,C054,1033.08,2026-06-23,2026-07-02,155.12,Accepted,Rail,Medium,Long-term procurement
REQ03133,WST00797,C058,C054,2227.36,2026-06-05,2026-06-13,435.38,Rejected,Road,Low,Trial order
REQ03134,WST00797,C004,C054,935.33,2026-07-28,2026-08-08,444.83,Pending,Road,High,Requested as secondary raw material
REQ03135,WST00797,C016,C054,3327.15,2026-06-11,2026-06-19,430.72,Pending,Road,Medium,Requested as secondary raw material
REQ03136,WST00797,C006,C054,1648.86,2026-06-18,2026-07-03,379.86,Rejected,Rail,Low,Trial order
REQ03137,WST00797,C006,C054,1292.01,2026-07-21,2026-08-03,453.53,Accepted,Rail,Low,Price negotiation required
REQ03138,WST00797,C019,C054,1895.37,2026-06-23,2026-07-07,432.78,Accepted,Sea,Medium,Urgent production requirement
REQ03139,WST00798,C012,C054,1725.28,2026-07-27,2026-08-09,319.54,Accepted,Road,High,Urgent production requirement
REQ03140,WST00798,C057,C054,1197.88,2026-08-01,2026-08-09,298.13,Cancelled,Road,Low,No additional remarks
REQ03141,WST00799,C056,C054,3357.95,2026-07-24,2026-08-10,388.49,Cancelled,Rail,Medium,Requested as secondary raw material
REQ03142,WST00799,C004,C054,2163.43,2026-07-31,2026-08-06,336.52,Cancelled,Rail,High,For recycling process
REQ03143,WST00799,C040,C054,2381.24,2026-06-05,2026-06-20,360.92,Pending,Road,Low,No additional remarks
REQ03144,WST00799,C015,C054,2676.24,2026-07-04,2026-07-11,349.53,Accepted,Road,Low,Trial order
REQ03145,WST00799,C035,C054,2633.72,2026-05-19,2026-06-03,389.65,Pending,Sea,Medium,Price negotiation required
REQ03146,WST00799,C056,C054,2975.22,2026-08-30,2026-09-16,353.26,Rejected,Road,Medium,Urgent production requirement
REQ03147,WST00800,C047,C054,2330.73,2026-06-09,2026-06-28,465.15,Accepted,Road,Low,For recycling process
REQ03148,WST00800,C013,C054,1057.43,2026-07-19,2026-08-01,540.22,Accepted,Rail,Medium,Requested for pilot testing
REQ03149,WST00800,C014,C054,556.54,2026-05-18,2026-05-25,495.32,Pending,Road,Medium,For recycling process
REQ03150,WST00800,C035,C054,1961.6,2026-06-12,2026-06-22,536.25,Pending,Road,High,For recycling process
REQ03151,WST00801,C051,C054,960.17,2026-06-17,2026-06-22,151.63,Pending,Road,High,Urgent production requirement
REQ03152,WST00801,C011,C054,3166.65,2026-05-22,2026-05-25,141.67,Accepted,Road,High,Requested as secondary raw material
REQ03153,WST00801,C026,C054,748.2,2026-06-08,2026-06-19,149.49,Accepted,Road,Medium,Bulk procurement
REQ03154,WST00801,C057,C054,1456.9,2026-07-06,2026-07-14,122.21,Rejected,Rail,Medium,Price negotiation required
REQ03155,WST00801,C010,C054,3648.44,2026-08-28,2026-09-05,147.65,Pending,Road,Medium,Long-term procurement
REQ03156,WST00802,C038,C054,48.16,2026-08-31,2026-09-04,393.62,Accepted,Road,High,Trial order
REQ03157,WST00802,C038,C054,112.96,2026-09-06,2026-09-22,460.51,Accepted,Road,Medium,For recycling process
REQ03158,WST00802,C024,C054,196.15,2026-05-30,2026-06-17,399.62,Rejected,Rail,High,Price negotiation required
REQ03159,WST00802,C008,C054,134.09,2026-05-16,2026-06-05,357.77,Pending,Road,High,Urgent production requirement
REQ03160,WST00802,C047,C054,187.02,2026-07-06,2026-07-26,381.49,Accepted,Road,Low,Requested as secondary raw material
REQ03161,WST00803,C037,C054,2327.46,2026-08-11,2026-08-26,105.17,Accepted,Road,Low,Requested for pilot testing
REQ03162,WST00803,C012,C054,1281.22,2026-06-24,2026-07-06,97.01,Accepted,Road,Medium,Requested for pilot testing
REQ03163,WST00803,C014,C054,2729.83,2026-07-28,2026-08-06,104.47,Accepted,Road,Medium,Trial order
REQ03164,WST00803,C021,C054,2216.93,2026-07-12,2026-07-18,94.44,Cancelled,Road,Low,Urgent production requirement
REQ03165,WST00803,C005,C054,1397.69,2026-09-01,2026-09-08,98.25,Accepted,Road,Low,Need immediate pickup
REQ03166,WST00804,C003,C054,560.74,2026-08-19,2026-08-30,298.64,Accepted,Road,Medium,Bulk procurement
REQ03167,WST00804,C009,C054,1048.93,2026-08-07,2026-08-13,245.31,Accepted,Rail,High,Trial order
REQ03168,WST00804,C033,C054,1077.09,2026-08-17,2026-09-04,241.67,Pending,Road,Medium,Trial order
REQ03169,WST00804,C049,C054,894.29,2026-08-16,2026-08-26,240.66,Accepted,Road,Medium,For recycling process
REQ03170,WST00804,C060,C054,1244.18,2026-06-11,2026-06-16,295.98,Cancelled,Road,Low,No additional remarks
REQ03171,WST00805,C047,C054,1292.41,2026-06-03,2026-06-09,379.03,Pending,Rail,High,Requested as secondary raw material
REQ03172,WST00805,C040,C054,2479.42,2026-09-04,2026-09-16,348.25,Accepted,Rail,Low,Long-term procurement
REQ03173,WST00805,C024,C054,1716.21,2026-06-24,2026-07-04,332.4,Pending,Road,Low,Requested as secondary raw material
REQ03174,WST00805,C005,C054,560.52,2026-06-06,2026-06-22,313.7,Accepted,Rail,High,No additional remarks
REQ03175,WST00806,C029,C054,1112.59,2026-05-26,2026-06-08,481.21,Pending,Road,High,Need immediate pickup
REQ03176,WST00806,C036,C054,2360.46,2026-08-12,2026-08-23,372.36,Accepted,Road,Medium,No additional remarks
REQ03177,WST00806,C026,C054,1134.73,2026-05-25,2026-06-10,413.19,Pending,Rail,Medium,Long-term procurement
REQ03178,WST00806,C015,C054,2777.92,2026-06-10,2026-06-24,479.45,Pending,Road,Low,Urgent production requirement
REQ03179,WST00806,C058,C054,1007.71,2026-07-17,2026-07-25,411.21,Accepted,Road,Medium,Requested for pilot testing
REQ03180,WST00807,C024,C054,4188.02,2026-07-14,2026-07-24,283.04,Pending,Rail,High,Urgent production requirement
REQ03181,WST00807,C019,C054,2767.8,2026-06-23,2026-07-07,317.96,Accepted,Sea,Low,Requested for pilot testing
REQ03182,WST00807,C027,C054,2666.18,2026-06-27,2026-07-01,308.88,Pending,Road,High,Need immediate pickup
REQ03183,WST00807,C020,C054,3917.29,2026-05-25,2026-06-10,317.78,Pending,Road,Low,Requested as secondary raw material
REQ03184,WST00808,C059,C055,480.02,2026-05-24,2026-06-01,103.02,Pending,Rail,Medium,For recycling process
REQ03185,WST00808,C039,C055,878.72,2026-06-06,2026-06-14,102.82,Accepted,Road,Low,Price negotiation required
REQ03186,WST00808,C004,C055,806.28,2026-07-28,2026-08-13,116.91,Pending,Road,Medium,Requested as secondary raw material
REQ03187,WST00808,C050,C055,344.49,2026-05-20,2026-05-30,112.6,Accepted,Sea,Low,Requested as secondary raw material
REQ03188,WST00808,C006,C055,819.03,2026-07-24,2026-08-09,102.38,Pending,Rail,High,For recycling process
REQ03189,WST00808,C022,C055,721.35,2026-07-27,2026-08-06,114.71,Accepted,Rail,Medium,Need immediate pickup
REQ03190,WST00809,C057,C055,1468.38,2026-05-31,2026-06-02,32.08,Accepted,Rail,Medium,Long-term procurement
REQ03191,WST00809,C026,C055,1660.2,2026-08-11,2026-08-21,31.41,Rejected,Road,Medium,Need immediate pickup
REQ03192,WST00809,C042,C055,1897.05,2026-09-02,2026-09-22,30.13,Pending,Road,High,Requested for pilot testing
REQ03193,WST00809,C008,C055,608.65,2026-05-19,2026-05-26,33.65,Rejected,Road,Medium,Long-term procurement
REQ03194,WST00810,C054,C055,1830.52,2026-06-03,2026-06-20,141.78,Pending,Road,High,Requested as secondary raw material
REQ03195,WST00810,C048,C055,896.83,2026-06-29,2026-07-19,116.39,Cancelled,Road,Low,Urgent production requirement
REQ03196,WST00810,C029,C055,740.74,2026-06-10,2026-06-14,115.13,Pending,Rail,Medium,Requested as secondary raw material
REQ03197,WST00810,C040,C055,2074.34,2026-05-18,2026-06-06,114.77,Accepted,Road,High,Requested as secondary raw material
REQ03198,WST00811,C048,C055,756.84,2026-07-24,2026-07-29,45.47,Pending,Road,Medium,Trial order
REQ03199,WST00811,C024,C055,492.84,2026-06-09,2026-06-22,49.47,Pending,Rail,Medium,Requested for pilot testing
REQ03200,WST00811,C059,C055,796.7,2026-06-21,2026-06-30,53.08,Accepted,Rail,Low,Need immediate pickup
REQ03201,WST00811,C020,C055,912.21,2026-06-05,2026-06-12,50.74,Cancelled,Road,Medium,Requested for pilot testing
REQ03202,WST00812,C050,C055,1058.31,2026-07-28,2026-08-08,143.85,Pending,Road,Medium,Long-term procurement
REQ03203,WST00812,C018,C055,376.58,2026-08-11,2026-08-18,147.69,Accepted,Road,Medium,Urgent production requirement
REQ03204,WST00812,C048,C055,957.16,2026-08-18,2026-09-03,131.01,Cancelled,Sea,High,Long-term procurement
REQ03205,WST00812,C004,C055,1090.74,2026-07-06,2026-07-20,155.59,Pending,Road,Medium,Trial order
REQ03206,WST00812,C034,C055,863.98,2026-07-23,2026-08-03,170.24,Pending,Sea,Medium,Requested as secondary raw material
REQ03207,WST00813,C012,C055,2112.08,2026-06-24,2026-07-14,153.53,Pending,Road,Low,No additional remarks
REQ03208,WST00813,C053,C055,1286.66,2026-08-22,2026-09-05,149.15,Pending,Road,High,Need immediate pickup
REQ03209,WST00813,C018,C055,1545.07,2026-06-14,2026-06-28,136.29,Pending,Rail,Low,Requested as secondary raw material
REQ03210,WST00813,C039,C055,1325.72,2026-07-13,2026-07-26,164.92,Pending,Road,Low,Urgent production requirement
REQ03211,WST00813,C010,C055,1716.0,2026-08-02,2026-08-09,156.92,Pending,Rail,Medium,Requested for pilot testing
REQ03212,WST00814,C060,C055,2663.28,2026-07-15,2026-08-01,222.25,Pending,Rail,High,Price negotiation required
REQ03213,WST00814,C043,C055,1637.43,2026-09-01,2026-09-13,204.32,Pending,Road,Medium,Requested as secondary raw material
REQ03214,WST00814,C056,C055,3010.42,2026-08-25,2026-09-08,221.9,Pending,Road,High,For recycling process
REQ03215,WST00814,C010,C055,1579.65,2026-05-22,2026-05-25,187.83,Pending,Sea,Low,Trial order
REQ03216,WST00815,C059,C055,1403.92,2026-08-19,2026-09-04,370.08,Pending,Rail,Low,Price negotiation required
REQ03217,WST00815,C025,C055,1158.14,2026-08-17,2026-08-25,334.75,Pending,Road,Low,Requested for pilot testing
REQ03218,WST00815,C037,C055,1023.07,2026-08-25,2026-09-02,367.14,Cancelled,Rail,Low,Long-term procurement
REQ03219,WST00815,C029,C055,2592.26,2026-07-09,2026-07-26,383.05,Cancelled,Rail,Medium,Price negotiation required
REQ03220,WST00816,C018,C055,2880.85,2026-07-01,2026-07-04,183.97,Accepted,Road,Medium,No additional remarks
REQ03221,WST00816,C047,C055,1151.14,2026-06-23,2026-07-11,209.02,Cancelled,Sea,High,Requested for pilot testing
REQ03222,WST00816,C050,C055,1889.33,2026-07-12,2026-07-30,179.59,Accepted,Road,Medium,Need immediate pickup
REQ03223,WST00816,C014,C055,1763.76,2026-08-30,2026-09-10,205.82,Pending,Road,Medium,Requested for pilot testing
REQ03224,WST00816,C010,C055,2143.22,2026-05-23,2026-06-11,207.89,Accepted,Road,Medium,No additional remarks
REQ03225,WST00816,C003,C055,690.9,2026-08-10,2026-08-28,206.52,Accepted,Sea,Medium,Requested as secondary raw material
REQ03226,WST00817,C014,C055,684.68,2026-08-12,2026-08-31,51.39,Rejected,Road,Medium,Requested as secondary raw material
REQ03227,WST00817,C005,C055,392.11,2026-08-18,2026-09-01,55.8,Cancelled,Rail,High,For recycling process
REQ03228,WST00817,C012,C055,1824.46,2026-08-07,2026-08-14,56.01,Pending,Road,High,No additional remarks
REQ03229,WST00818,C032,C055,4206.15,2026-06-24,2026-07-12,98.66,Accepted,Rail,High,Price negotiation required
REQ03230,WST00818,C006,C055,3116.72,2026-05-18,2026-06-03,126.62,Accepted,Rail,Medium,Price negotiation required
REQ03231,WST00818,C038,C055,2170.59,2026-09-04,2026-09-23,118.68,Accepted,Road,Low,Price negotiation required
REQ03232,WST00819,C040,C055,2395.95,2026-05-30,2026-06-17,309.9,Pending,Rail,High,No additional remarks
REQ03233,WST00819,C013,C055,831.39,2026-09-11,2026-09-26,330.53,Accepted,Road,Low,Urgent production requirement
REQ03234,WST00819,C054,C055,1108.14,2026-07-26,2026-08-06,391.08,Pending,Road,Medium,Trial order
REQ03235,WST00819,C003,C055,854.9,2026-05-17,2026-06-06,308.16,Pending,Road,Low,Urgent production requirement
REQ03236,WST00819,C019,C055,1482.37,2026-07-18,2026-08-07,378.86,Accepted,Road,High,Price negotiation required
REQ03237,WST00819,C022,C055,1725.81,2026-05-21,2026-06-09,345.68,Rejected,Road,Medium,Trial order
REQ03238,WST00820,C036,C055,1529.57,2026-08-09,2026-08-21,337.77,Rejected,Road,Medium,Requested as secondary raw material
REQ03239,WST00820,C052,C055,2493.91,2026-07-04,2026-07-24,317.19,Cancelled,Road,High,Price negotiation required
REQ03240,WST00820,C012,C055,3452.75,2026-05-28,2026-06-06,401.33,Rejected,Road,Low,Requested as secondary raw material
REQ03241,WST00821,C016,C055,131.69,2026-07-10,2026-07-27,58.1,Accepted,Road,High,Trial order
REQ03242,WST00821,C002,C055,142.76,2026-07-18,2026-07-20,56.66,Pending,Road,Low,Need immediate pickup
REQ03243,WST00821,C057,C055,187.77,2026-05-25,2026-06-08,51.25,Pending,Road,Low,Trial order
REQ03244,WST00821,C036,C055,87.93,2026-08-24,2026-09-05,47.02,Accepted,Rail,Low,Bulk procurement
REQ03245,WST00821,C010,C055,187.45,2026-06-14,2026-06-17,48.03,Pending,Sea,Low,Requested for pilot testing
REQ03246,WST00821,C013,C055,218.59,2026-07-13,2026-07-24,58.97,Cancelled,Rail,High,No additional remarks
REQ03247,WST00822,C010,C055,324.67,2026-06-01,2026-06-20,219.54,Pending,Road,High,Trial order
REQ03248,WST00822,C025,C055,792.81,2026-05-30,2026-06-18,210.33,Pending,Rail,Low,Urgent production requirement
REQ03249,WST00822,C027,C055,285.62,2026-05-22,2026-05-30,185.16,Pending,Road,High,Urgent production requirement
REQ03250,WST00822,C045,C055,1076.17,2026-05-17,2026-05-27,166.29,Rejected,Road,Medium,Urgent production requirement
REQ03251,WST00823,C057,C055,1899.7,2026-08-18,2026-08-29,328.41,Pending,Road,Medium,For recycling process
REQ03252,WST00823,C056,C055,2258.52,2026-08-25,2026-09-05,316.81,Pending,Road,Medium,Long-term procurement
REQ03253,WST00823,C040,C055,4248.04,2026-09-09,2026-09-28,347.9,Pending,Road,High,Price negotiation required
REQ03254,WST00823,C023,C055,3432.15,2026-07-04,2026-07-17,349.4,Accepted,Road,Medium,For recycling process
REQ03255,WST00823,C041,C055,2574.66,2026-05-25,2026-06-13,366.68,Pending,Road,High,Trial order
REQ03256,WST00824,C006,C055,2359.22,2026-07-08,2026-07-28,13.17,Pending,Road,Medium,Urgent production requirement
REQ03257,WST00824,C016,C055,1399.37,2026-05-21,2026-06-07,12.45,Pending,Road,High,Trial order
REQ03258,WST00824,C010,C055,3128.86,2026-05-26,2026-05-28,14.58,Pending,Road,Low,Bulk procurement
REQ03259,WST00824,C049,C055,2750.13,2026-08-21,2026-08-27,14.56,Pending,Road,Low,Bulk procurement
REQ03260,WST00825,C014,C055,290.17,2026-08-02,2026-08-10,487.3,Pending,Road,Medium,Trial order
REQ03261,WST00825,C006,C055,87.95,2026-05-30,2026-06-15,528.18,Accepted,Sea,Medium,Urgent production requirement
REQ03262,WST00825,C007,C055,319.56,2026-07-10,2026-07-18,445.98,Accepted,Road,Medium,Long-term procurement
REQ03263,WST00825,C035,C055,192.99,2026-07-30,2026-08-13,418.16,Rejected,Road,High,Bulk procurement
REQ03264,WST00826,C011,C055,514.28,2026-08-15,2026-08-24,260.65,Accepted,Sea,High,Long-term procurement
REQ03265,WST00826,C046,C055,2053.45,2026-07-06,2026-07-13,295.92,Accepted,Rail,Medium,For recycling process
REQ03266,WST00826,C017,C055,1773.04,2026-05-18,2026-06-03,264.26,Pending,Road,Low,For recycling process
REQ03267,WST00827,C051,C055,1787.36,2026-06-14,2026-06-23,285.71,Accepted,Road,Medium,Price negotiation required
REQ03268,WST00827,C042,C055,864.94,2026-06-24,2026-06-27,282.87,Accepted,Road,Low,Long-term procurement
REQ03269,WST00828,C024,C056,2209.54,2026-06-05,2026-06-22,155.96,Accepted,Road,High,For recycling process
REQ03270,WST00828,C001,C056,1162.61,2026-08-15,2026-08-28,144.59,Accepted,Rail,Low,Long-term procurement
REQ03271,WST00828,C026,C056,1104.61,2026-08-31,2026-09-18,164.2,Rejected,Road,High,Long-term procurement
REQ03272,WST00828,C028,C056,2194.76,2026-09-05,2026-09-14,150.87,Pending,Road,Medium,Need immediate pickup
REQ03273,WST00829,C042,C056,591.67,2026-06-17,2026-06-30,463.33,Accepted,Rail,Medium,Trial order
REQ03274,WST00829,C058,C056,1865.9,2026-06-02,2026-06-08,437.95,Rejected,Road,Medium,Bulk procurement
REQ03275,WST00829,C039,C056,1040.83,2026-06-08,2026-06-11,436.6,Accepted,Road,High,Long-term procurement
REQ03276,WST00829,C044,C056,1625.97,2026-06-01,2026-06-20,519.25,Accepted,Road,Low,For recycling process
REQ03277,WST00830,C037,C056,1276.76,2026-08-29,2026-09-10,244.5,Pending,Road,Medium,No additional remarks
REQ03278,WST00830,C049,C056,2161.65,2026-05-16,2026-05-23,210.36,Accepted,Rail,Low,Long-term procurement
REQ03279,WST00830,C029,C056,2009.87,2026-07-18,2026-07-25,233.34,Accepted,Road,High,No additional remarks
REQ03280,WST00831,C036,C056,1086.82,2026-08-27,2026-09-07,196.84,Pending,Road,Low,Requested as secondary raw material
REQ03281,WST00831,C023,C056,2204.66,2026-08-30,2026-09-10,189.06,Accepted,Rail,High,Need immediate pickup
REQ03282,WST00832,C002,C056,267.1,2026-07-03,2026-07-08,486.65,Accepted,Rail,High,For recycling process
REQ03283,WST00832,C003,C056,253.33,2026-06-02,2026-06-08,423.81,Accepted,Road,Medium,For recycling process
REQ03284,WST00832,C034,C056,711.35,2026-07-13,2026-08-01,531.81,Accepted,Road,Medium,Price negotiation required
REQ03285,WST00832,C023,C056,800.38,2026-07-13,2026-07-25,559.3,Pending,Road,Low,Need immediate pickup
REQ03286,WST00832,C032,C056,659.89,2026-07-12,2026-07-17,500.16,Pending,Rail,Low,Long-term procurement
REQ03287,WST00832,C059,C056,504.21,2026-08-12,2026-08-23,561.29,Pending,Road,Low,Urgent production requirement
REQ03288,WST00833,C017,C056,3359.22,2026-09-06,2026-09-16,381.29,Accepted,Road,High,No additional remarks
REQ03289,WST00833,C055,C056,1469.26,2026-08-19,2026-08-28,369.49,Accepted,Road,Medium,Requested as secondary raw material
REQ03290,WST00833,C040,C056,1041.35,2026-07-14,2026-07-26,356.86,Accepted,Road,Low,Bulk procurement
REQ03291,WST00833,C050,C056,2543.05,2026-06-29,2026-07-11,413.93,Cancelled,Road,Medium,Urgent production requirement
REQ03292,WST00833,C008,C056,3295.73,2026-05-17,2026-05-20,426.55,Cancelled,Road,Low,Trial order
REQ03293,WST00833,C044,C056,2152.88,2026-07-08,2026-07-24,381.72,Accepted,Road,Medium,Urgent production requirement
REQ03294,WST00834,C052,C056,1330.07,2026-09-09,2026-09-26,421.09,Accepted,Road,Low,Urgent production requirement
REQ03295,WST00834,C020,C056,834.11,2026-05-26,2026-05-30,340.96,Pending,Road,Medium,For recycling process
REQ03296,WST00834,C001,C056,907.82,2026-08-12,2026-08-21,347.38,Pending,Sea,Medium,For recycling process
REQ03297,WST00834,C034,C056,1420.58,2026-07-06,2026-07-09,414.63,Pending,Road,High,Trial order
REQ03298,WST00834,C025,C056,1357.06,2026-08-28,2026-09-02,374.83,Pending,Rail,High,Long-term procurement
REQ03299,WST00835,C003,C056,625.11,2026-05-26,2026-06-07,121.54,Pending,Road,Low,Trial order
REQ03300,WST00835,C032,C056,923.55,2026-07-10,2026-07-14,144.27,Rejected,Road,Medium,Need immediate pickup
REQ03301,WST00836,C004,C057,860.38,2026-07-14,2026-07-28,190.02,Cancelled,Sea,High,For recycling process
REQ03302,WST00836,C021,C057,1342.82,2026-09-06,2026-09-09,157.3,Rejected,Road,Medium,For recycling process
REQ03303,WST00836,C039,C057,1205.87,2026-07-29,2026-08-13,188.28,Accepted,Road,Medium,Bulk procurement
REQ03304,WST00837,C028,C057,335.34,2026-08-22,2026-08-30,168.42,Pending,Sea,High,No additional remarks
REQ03305,WST00837,C008,C057,1288.81,2026-07-04,2026-07-22,182.62,Pending,Rail,Low,Requested for pilot testing
REQ03306,WST00837,C044,C057,1272.97,2026-07-21,2026-07-24,152.49,Rejected,Road,Medium,Urgent production requirement
REQ03307,WST00837,C002,C057,378.34,2026-05-29,2026-06-13,168.84,Rejected,Rail,High,Price negotiation required
REQ03308,WST00837,C060,C057,901.65,2026-06-01,2026-06-03,164.05,Accepted,Road,Low,Bulk procurement
REQ03309,WST00837,C008,C057,1037.13,2026-08-22,2026-08-30,181.2,Accepted,Rail,Low,Price negotiation required
REQ03310,WST00838,C052,C057,103.92,2026-07-24,2026-07-26,50.14,Accepted,Road,Medium,Requested for pilot testing
REQ03311,WST00838,C002,C057,96.12,2026-08-23,2026-08-27,50.36,Rejected,Rail,Low,Price negotiation required
REQ03312,WST00838,C021,C057,429.93,2026-08-31,2026-09-07,50.97,Accepted,Rail,High,Urgent production requirement
REQ03313,WST00838,C025,C057,287.77,2026-07-28,2026-08-02,38.66,Accepted,Road,High,Requested as secondary raw material
REQ03314,WST00839,C050,C057,976.61,2026-06-04,2026-06-09,305.77,Accepted,Road,High,Bulk procurement
REQ03315,WST00839,C004,C057,956.21,2026-06-15,2026-06-19,362.39,Rejected,Road,High,Requested as secondary raw material
REQ03316,WST00839,C055,C057,975.9,2026-08-14,2026-09-02,406.24,Pending,Sea,High,Requested as secondary raw material
REQ03317,WST00839,C042,C057,289.18,2026-05-24,2026-06-06,345.35,Pending,Rail,High,Requested as secondary raw material
REQ03318,WST00839,C032,C057,286.27,2026-06-08,2026-06-10,389.09,Pending,Road,Medium,Requested as secondary raw material
REQ03319,WST00840,C046,C057,1437.74,2026-07-05,2026-07-07,111.31,Pending,Sea,High,Urgent production requirement
REQ03320,WST00840,C043,C057,853.52,2026-08-10,2026-08-22,115.51,Accepted,Rail,Low,Trial order
REQ03321,WST00840,C004,C057,1638.14,2026-06-04,2026-06-12,111.44,Pending,Road,High,Bulk procurement
REQ03322,WST00840,C020,C057,2399.9,2026-07-30,2026-08-09,116.11,Pending,Road,High,Requested as secondary raw material
REQ03323,WST00840,C049,C057,2480.53,2026-05-21,2026-06-10,96.34,Rejected,Road,Medium,Bulk procurement
REQ03324,WST00841,C015,C057,623.03,2026-07-16,2026-07-30,282.06,Accepted,Rail,Medium,Urgent production requirement
REQ03325,WST00841,C019,C057,488.66,2026-07-28,2026-08-14,278.05,Rejected,Road,High,Bulk procurement
REQ03326,WST00841,C037,C057,982.1,2026-06-08,2026-06-27,238.33,Pending,Road,Low,For recycling process
REQ03327,WST00841,C042,C057,258.42,2026-09-02,2026-09-18,245.67,Pending,Sea,Medium,Requested as secondary raw material
REQ03328,WST00841,C054,C057,1122.46,2026-08-30,2026-09-09,269.98,Accepted,Road,Medium,Requested as secondary raw material
REQ03329,WST00842,C035,C057,2416.47,2026-08-26,2026-09-05,360.95,Accepted,Road,Medium,Requested as secondary raw material
REQ03330,WST00842,C051,C057,2711.12,2026-09-05,2026-09-23,393.39,Pending,Road,Medium,Need immediate pickup
REQ03331,WST00842,C014,C057,2419.86,2026-08-28,2026-09-03,389.16,Accepted,Road,Low,Requested for pilot testing
REQ03332,WST00843,C004,C057,3696.87,2026-08-13,2026-08-21,411.48,Cancelled,Rail,Medium,Long-term procurement
REQ03333,WST00843,C046,C057,1124.75,2026-09-08,2026-09-10,466.88,Rejected,Rail,Medium,Requested for pilot testing
REQ03334,WST00843,C051,C057,1991.52,2026-08-12,2026-09-01,503.52,Pending,Road,Low,Price negotiation required
REQ03335,WST00843,C043,C057,3705.49,2026-06-25,2026-06-28,418.25,Rejected,Road,Low,Trial order
REQ03336,WST00843,C012,C057,769.55,2026-09-10,2026-09-26,385.79,Accepted,Rail,High,No additional remarks
REQ03337,WST00844,C037,C057,670.55,2026-05-30,2026-06-07,71.84,Cancelled,Road,Low,Requested as secondary raw material
REQ03338,WST00844,C015,C057,449.66,2026-06-13,2026-07-02,63.05,Accepted,Rail,Low,Requested as secondary raw material
REQ03339,WST00845,C038,C057,264.23,2026-05-18,2026-05-23,148.51,Accepted,Road,Medium,Trial order
REQ03340,WST00845,C018,C057,663.75,2026-07-21,2026-08-10,138.66,Pending,Road,Low,Need immediate pickup
REQ03341,WST00845,C005,C057,506.62,2026-07-09,2026-07-21,137.21,Pending,Road,Low,For recycling process
REQ03342,WST00845,C054,C057,425.14,2026-08-11,2026-08-13,143.9,Cancelled,Road,Low,Bulk procurement
REQ03343,WST00846,C007,C057,899.95,2026-07-25,2026-08-01,5.82,Accepted,Road,Low,Bulk procurement
REQ03344,WST00846,C023,C057,1550.54,2026-07-24,2026-07-28,5.84,Pending,Sea,Medium,Bulk procurement
REQ03345,WST00847,C007,C057,425.06,2026-07-24,2026-07-27,159.47,Rejected,Road,High,No additional remarks
REQ03346,WST00847,C021,C057,953.98,2026-08-07,2026-08-24,170.55,Accepted,Road,Medium,Requested for pilot testing
REQ03347,WST00847,C010,C057,1308.15,2026-06-15,2026-06-21,169.87,Accepted,Road,Medium,Urgent production requirement
REQ03348,WST00848,C045,C057,2864.02,2026-05-29,2026-06-02,335.68,Cancelled,Road,Low,Requested for pilot testing
REQ03349,WST00848,C060,C057,949.75,2026-06-14,2026-07-03,282.45,Accepted,Road,Medium,No additional remarks
REQ03350,WST00849,C038,C057,2960.23,2026-05-30,2026-06-17,110.51,Rejected,Road,High,For recycling process
REQ03351,WST00849,C008,C057,1914.82,2026-07-18,2026-07-22,138.32,Pending,Sea,Low,Trial order
REQ03352,WST00849,C059,C057,3430.58,2026-06-17,2026-06-29,133.73,Accepted,Road,High,Requested as secondary raw material
REQ03353,WST00849,C002,C057,1837.75,2026-07-14,2026-07-20,109.43,Pending,Road,Low,Requested as secondary raw material
REQ03354,WST00849,C059,C057,2516.15,2026-08-24,2026-09-03,134.65,Accepted,Road,High,Need immediate pickup
REQ03355,WST00849,C030,C057,2112.2,2026-06-10,2026-06-16,128.25,Pending,Rail,High,Need immediate pickup
REQ03356,WST00850,C043,C057,965.55,2026-07-11,2026-07-31,88.45,Cancelled,Road,Low,Trial order
REQ03357,WST00850,C019,C057,1180.85,2026-08-28,2026-09-03,97.54,Pending,Road,Low,For recycling process
REQ03358,WST00850,C060,C057,780.9,2026-09-12,2026-09-16,98.27,Rejected,Road,Low,Long-term procurement
REQ03359,WST00850,C001,C057,288.86,2026-08-23,2026-08-25,85.97,Pending,Road,Medium,Requested as secondary raw material
REQ03360,WST00850,C022,C057,454.09,2026-08-10,2026-08-26,96.06,Accepted,Road,Medium,Long-term procurement
REQ03361,WST00850,C039,C057,502.54,2026-08-02,2026-08-05,99.96,Rejected,Road,Medium,For recycling process
REQ03362,WST00851,C043,C057,2093.85,2026-08-17,2026-08-26,367.41,Pending,Road,Low,Urgent production requirement
REQ03363,WST00851,C042,C057,1183.73,2026-05-17,2026-05-23,392.29,Cancelled,Rail,High,Price negotiation required
REQ03364,WST00851,C059,C057,1797.17,2026-06-20,2026-07-08,374.88,Pending,Road,Low,Urgent production requirement
REQ03365,WST00852,C013,C057,1341.71,2026-05-21,2026-05-24,273.47,Accepted,Sea,Low,No additional remarks
REQ03366,WST00852,C028,C057,1443.66,2026-08-07,2026-08-14,227.24,Pending,Rail,High,Requested as secondary raw material
REQ03367,WST00852,C016,C057,876.12,2026-07-07,2026-07-20,268.97,Accepted,Rail,Medium,Trial order
REQ03368,WST00852,C034,C057,2023.88,2026-06-02,2026-06-08,274.72,Pending,Road,Medium,Trial order
REQ03369,WST00853,C035,C057,1154.46,2026-07-23,2026-08-02,242.82,Accepted,Rail,High,Requested as secondary raw material
REQ03370,WST00853,C036,C057,1602.14,2026-06-23,2026-07-01,220.35,Accepted,Road,High,Long-term procurement
REQ03371,WST00853,C033,C057,435.33,2026-08-15,2026-08-28,288.92,Pending,Road,Low,Need immediate pickup
REQ03372,WST00853,C008,C057,1782.28,2026-09-01,2026-09-11,278.87,Accepted,Rail,Low,Requested for pilot testing
REQ03373,WST00854,C040,C057,4362.32,2026-09-09,2026-09-16,274.19,Accepted,Road,Medium,Trial order
REQ03374,WST00854,C044,C057,2200.75,2026-06-24,2026-07-12,250.92,Rejected,Rail,Low,Need immediate pickup
REQ03375,WST00854,C034,C057,3806.54,2026-05-21,2026-05-29,264.53,Pending,Road,Low,For recycling process
REQ03376,WST00854,C048,C057,4450.97,2026-06-14,2026-06-20,318.64,Cancelled,Road,High,Need immediate pickup
REQ03377,WST00854,C028,C057,1613.74,2026-07-16,2026-07-26,305.63,Accepted,Road,Low,No additional remarks
REQ03378,WST00854,C053,C057,3992.34,2026-07-02,2026-07-05,279.62,Pending,Road,Medium,Long-term procurement
REQ03379,WST00855,C026,C058,1155.87,2026-06-21,2026-07-09,175.84,Pending,Road,Medium,No additional remarks
REQ03380,WST00855,C009,C058,620.01,2026-09-09,2026-09-17,232.97,Accepted,Road,Low,Long-term procurement
REQ03381,WST00856,C024,C058,1074.5,2026-07-28,2026-08-04,76.95,Accepted,Road,High,Price negotiation required
REQ03382,WST00856,C001,C058,674.56,2026-05-19,2026-06-01,94.34,Rejected,Road,Medium,Trial order
REQ03383,WST00857,C039,C058,2153.52,2026-06-18,2026-07-04,173.38,Cancelled,Rail,Medium,Requested for pilot testing
REQ03384,WST00857,C059,C058,761.57,2026-06-15,2026-06-18,185.5,Accepted,Road,Low,Requested for pilot testing
REQ03385,WST00857,C013,C058,1711.52,2026-07-26,2026-08-08,197.1,Pending,Road,Medium,Price negotiation required
REQ03386,WST00857,C042,C058,2143.02,2026-08-14,2026-09-02,179.61,Pending,Rail,Medium,Urgent production requirement
REQ03387,WST00857,C027,C058,2412.23,2026-08-16,2026-08-21,163.91,Cancelled,Road,Low,No additional remarks
REQ03388,WST00858,C053,C058,1195.42,2026-08-29,2026-09-14,25.73,Pending,Road,High,Need immediate pickup
REQ03389,WST00858,C009,C058,1074.56,2026-06-12,2026-06-20,28.63,Rejected,Road,High,Long-term procurement
REQ03390,WST00858,C048,C058,452.31,2026-08-08,2026-08-23,26.12,Accepted,Rail,Low,Long-term procurement
REQ03391,WST00859,C051,C058,503.47,2026-06-23,2026-06-25,198.01,Pending,Rail,High,Trial order
REQ03392,WST00859,C036,C058,828.09,2026-09-07,2026-09-19,245.64,Cancelled,Rail,High,No additional remarks
REQ03393,WST00859,C046,C058,587.95,2026-07-17,2026-08-06,196.88,Accepted,Rail,Medium,Bulk procurement
REQ03394,WST00859,C029,C058,594.1,2026-08-20,2026-09-02,223.21,Pending,Road,High,For recycling process
REQ03395,WST00859,C031,C058,734.36,2026-05-29,2026-06-03,196.24,Cancelled,Rail,High,For recycling process
REQ03396,WST00860,C020,C058,884.11,2026-05-25,2026-06-03,291.22,Cancelled,Road,Medium,Long-term procurement
REQ03397,WST00860,C054,C058,1366.15,2026-06-18,2026-06-29,276.54,Rejected,Road,Low,Need immediate pickup
REQ03398,WST00861,C018,C058,1870.28,2026-06-19,2026-06-27,344.59,Pending,Rail,Low,Bulk procurement
REQ03399,WST00861,C034,C058,1834.98,2026-07-29,2026-08-13,337.96,Accepted,Road,Medium,Trial order
REQ03400,WST00861,C025,C058,1595.91,2026-06-26,2026-06-29,335.74,Accepted,Road,High,Requested for pilot testing
REQ03401,WST00861,C028,C058,1391.47,2026-08-18,2026-09-02,305.93,Accepted,Road,High,No additional remarks
REQ03402,WST00861,C010,C058,1088.07,2026-08-26,2026-09-14,273.56,Pending,Sea,High,Need immediate pickup
REQ03403,WST00862,C025,C058,480.49,2026-09-02,2026-09-18,438.07,Rejected,Rail,Low,Requested as secondary raw material
REQ03404,WST00862,C006,C058,982.05,2026-06-25,2026-07-03,389.47,Pending,Road,Medium,Need immediate pickup
REQ03405,WST00862,C004,C058,567.72,2026-08-26,2026-09-06,365.83,Pending,Road,Low,Requested as secondary raw material
REQ03406,WST00862,C042,C058,1150.89,2026-06-13,2026-06-29,440.03,Pending,Road,Medium,Urgent production requirement
REQ03407,WST00863,C017,C058,3386.12,2026-07-23,2026-08-09,120.88,Cancelled,Rail,Medium,For recycling process
REQ03408,WST00863,C047,C058,2470.44,2026-06-22,2026-06-26,109.35,Rejected,Rail,Low,No additional remarks
REQ03409,WST00864,C024,C058,62.17,2026-06-12,2026-06-29,47.66,Rejected,Road,Medium,Bulk procurement
REQ03410,WST00864,C028,C058,63.39,2026-06-27,2026-07-02,41.61,Rejected,Rail,Medium,Requested as secondary raw material
REQ03411,WST00864,C003,C058,49.14,2026-06-10,2026-06-14,51.96,Rejected,Rail,Low,Long-term procurement
REQ03412,WST00864,C046,C058,98.21,2026-05-26,2026-06-11,46.64,Rejected,Road,Medium,Price negotiation required
REQ03413,WST00864,C047,C058,65.02,2026-07-30,2026-08-12,48.68,Rejected,Road,High,Long-term procurement
REQ03414,WST00865,C002,C058,751.46,2026-06-24,2026-07-07,66.66,Rejected,Road,Low,Trial order
REQ03415,WST00865,C016,C058,425.83,2026-09-09,2026-09-22,71.08,Accepted,Road,Low,Long-term procurement
REQ03416,WST00865,C042,C058,842.71,2026-08-17,2026-08-28,72.27,Pending,Road,High,Trial order
REQ03417,WST00866,C014,C058,412.15,2026-08-15,2026-09-03,238.75,Accepted,Road,High,Need immediate pickup
REQ03418,WST00866,C053,C058,1503.11,2026-06-25,2026-07-15,317.6,Rejected,Road,High,Trial order
REQ03419,WST00866,C055,C058,1194.28,2026-06-28,2026-06-30,315.91,Accepted,Road,Low,Trial order
REQ03420,WST00866,C038,C058,638.94,2026-06-21,2026-06-27,299.21,Accepted,Road,High,Long-term procurement
REQ03421,WST00866,C021,C058,644.49,2026-06-17,2026-06-21,291.51,Accepted,Rail,Medium,Requested for pilot testing
REQ03422,WST00866,C007,C058,1644.91,2026-07-06,2026-07-11,259.9,Rejected,Road,High,Requested as secondary raw material
REQ03423,WST00867,C046,C059,654.77,2026-06-16,2026-06-21,350.65,Accepted,Road,Low,Price negotiation required
REQ03424,WST00867,C023,C059,1646.8,2026-08-17,2026-08-27,393.92,Cancelled,Rail,Medium,Price negotiation required
REQ03425,WST00867,C050,C059,1192.48,2026-06-29,2026-07-10,401.8,Pending,Sea,Low,For recycling process
REQ03426,WST00868,C042,C059,107.29,2026-07-01,2026-07-20,327.26,Pending,Road,High,Urgent production requirement
REQ03427,WST00868,C042,C059,242.75,2026-06-05,2026-06-10,383.16,Accepted,Rail,Medium,Bulk procurement
REQ03428,WST00868,C035,C059,106.62,2026-07-13,2026-07-27,308.7,Accepted,Road,Medium,Bulk procurement
REQ03429,WST00868,C005,C059,120.77,2026-08-21,2026-09-05,374.58,Accepted,Road,Low,Price negotiation required
REQ03430,WST00869,C028,C059,1124.15,2026-07-19,2026-08-04,165.3,Pending,Road,Medium,Urgent production requirement
REQ03431,WST00869,C049,C059,765.47,2026-08-30,2026-09-09,172.48,Accepted,Road,Low,For recycling process
REQ03432,WST00869,C002,C059,903.16,2026-08-12,2026-08-21,162.88,Pending,Rail,Low,Need immediate pickup
REQ03433,WST00869,C014,C059,817.23,2026-07-23,2026-07-30,189.37,Accepted,Road,High,Long-term procurement
REQ03434,WST00869,C060,C059,1229.13,2026-06-25,2026-06-28,196.05,Pending,Rail,Medium,Long-term procurement
REQ03435,WST00870,C030,C059,240.67,2026-07-05,2026-07-11,298.98,Accepted,Rail,Medium,Trial order
REQ03436,WST00870,C018,C059,352.69,2026-06-09,2026-06-14,292.91,Rejected,Road,Low,Requested for pilot testing
REQ03437,WST00870,C025,C059,510.12,2026-09-01,2026-09-15,284.91,Pending,Road,Low,Long-term procurement
REQ03438,WST00870,C028,C059,547.44,2026-08-24,2026-09-08,323.61,Accepted,Rail,Low,Long-term procurement
REQ03439,WST00870,C041,C059,615.77,2026-07-11,2026-07-21,301.18,Rejected,Road,Medium,Trial order
REQ03440,WST00870,C031,C059,245.63,2026-08-14,2026-09-02,276.61,Pending,Road,Low,Urgent production requirement
REQ03441,WST00871,C033,C059,1475.98,2026-06-08,2026-06-16,31.29,Accepted,Road,High,Price negotiation required
REQ03442,WST00871,C029,C059,1736.71,2026-05-18,2026-05-23,28.32,Accepted,Road,High,Long-term procurement
REQ03443,WST00871,C055,C059,3426.59,2026-07-06,2026-07-12,26.56,Pending,Road,Medium,Long-term procurement
REQ03444,WST00872,C051,C059,1170.61,2026-06-16,2026-06-23,462.3,Pending,Road,Medium,Urgent production requirement
REQ03445,WST00872,C027,C059,1371.08,2026-07-03,2026-07-15,482.72,Pending,Road,High,Need immediate pickup
REQ03446,WST00872,C011,C059,2912.46,2026-08-09,2026-08-27,443.13,Rejected,Rail,Medium,Requested as secondary raw material
REQ03447,WST00873,C054,C059,385.43,2026-06-18,2026-06-23,336.89,Rejected,Road,Low,For recycling process
REQ03448,WST00873,C056,C059,268.58,2026-08-30,2026-09-02,311.29,Rejected,Road,Low,Bulk procurement
REQ03449,WST00873,C044,C059,761.67,2026-08-17,2026-08-20,273.05,Pending,Rail,Low,Requested for pilot testing
REQ03450,WST00873,C020,C059,285.55,2026-05-29,2026-06-09,271.54,Pending,Rail,Medium,Bulk procurement
REQ03451,WST00874,C029,C059,419.24,2026-08-31,2026-09-11,196.95,Pending,Rail,Medium,Bulk procurement
REQ03452,WST00874,C046,C059,579.43,2026-05-27,2026-06-03,211.22,Accepted,Road,High,For recycling process
REQ03453,WST00874,C026,C059,680.33,2026-06-26,2026-06-30,163.97,Rejected,Rail,Medium,Requested for pilot testing
REQ03454,WST00875,C034,C059,122.34,2026-08-12,2026-09-01,354.4,Cancelled,Rail,Low,No additional remarks
REQ03455,WST00875,C041,C059,167.24,2026-09-12,2026-09-23,368.84,Rejected,Road,Medium,For recycling process
REQ03456,WST00875,C022,C059,155.62,2026-05-26,2026-05-31,320.14,Pending,Road,Low,Urgent production requirement
REQ03457,WST00876,C007,C059,658.76,2026-09-12,2026-09-25,474.77,Pending,Sea,High,Requested as secondary raw material
REQ03458,WST00876,C003,C059,890.85,2026-08-12,2026-08-17,503.19,Pending,Road,Low,Urgent production requirement
REQ03459,WST00876,C020,C059,508.91,2026-07-14,2026-07-30,527.8,Accepted,Rail,Low,No additional remarks
REQ03460,WST00876,C048,C059,441.98,2026-06-10,2026-06-12,514.79,Cancelled,Road,Low,For recycling process
REQ03461,WST00877,C018,C059,1383.24,2026-05-19,2026-06-08,153.12,Rejected,Road,High,Requested as secondary raw material
REQ03462,WST00877,C043,C059,2826.65,2026-07-31,2026-08-10,139.47,Pending,Road,Low,Trial order
REQ03463,WST00877,C042,C059,2057.97,2026-06-18,2026-06-28,143.84,Pending,Rail,Medium,For recycling process
REQ03464,WST00877,C030,C059,1152.37,2026-05-20,2026-06-09,171.36,Accepted,Road,Low,Price negotiation required
REQ03465,WST00878,C020,C059,3641.13,2026-07-15,2026-07-25,419.96,Accepted,Road,High,For recycling process
REQ03466,WST00878,C052,C059,2365.69,2026-05-17,2026-05-23,503.16,Accepted,Road,Low,Need immediate pickup
REQ03467,WST00878,C039,C059,1819.92,2026-07-08,2026-07-23,513.04,Accepted,Rail,High,For recycling process
REQ03468,WST00878,C003,C059,2255.15,2026-06-02,2026-06-20,492.68,Accepted,Rail,High,Need immediate pickup
REQ03469,WST00879,C031,C059,1247.91,2026-07-12,2026-07-23,514.12,Pending,Road,Medium,Bulk procurement
REQ03470,WST00879,C033,C059,1173.98,2026-08-14,2026-08-29,411.24,Pending,Road,Medium,For recycling process
REQ03471,WST00879,C026,C059,1108.42,2026-05-22,2026-06-03,506.81,Pending,Road,Medium,For recycling process
REQ03472,WST00879,C014,C059,528.01,2026-05-16,2026-05-19,410.94,Pending,Rail,Low,Bulk procurement
REQ03473,WST00879,C014,C059,1069.55,2026-06-12,2026-06-18,473.24,Rejected,Road,High,Long-term procurement
REQ03474,WST00879,C044,C059,306.48,2026-09-12,2026-10-01,412.67,Accepted,Road,Medium,Bulk procurement
REQ03475,WST00880,C005,C059,1929.43,2026-08-28,2026-09-14,512.11,Cancelled,Road,High,Trial order
REQ03476,WST00880,C006,C059,2171.36,2026-06-12,2026-06-15,411.52,Pending,Road,High,Need immediate pickup
REQ03477,WST00880,C031,C059,1249.85,2026-06-12,2026-06-16,410.82,Pending,Road,Medium,Requested as secondary raw material
REQ03478,WST00881,C039,C059,1243.61,2026-08-02,2026-08-12,443.32,Accepted,Road,Medium,Need immediate pickup
REQ03479,WST00881,C055,C059,505.39,2026-08-28,2026-09-02,374.21,Accepted,Road,High,Urgent production requirement
REQ03480,WST00881,C060,C059,794.56,2026-08-15,2026-08-27,404.22,Pending,Rail,Medium,Urgent production requirement
REQ03481,WST00881,C004,C059,744.18,2026-06-26,2026-07-16,386.52,Accepted,Road,Medium,Need immediate pickup
REQ03482,WST00881,C060,C059,289.27,2026-08-09,2026-08-28,351.43,Rejected,Rail,Medium,Price negotiation required
REQ03483,WST00882,C025,C059,932.31,2026-08-03,2026-08-20,367.14,Accepted,Rail,Low,Long-term procurement
REQ03484,WST00882,C043,C059,1380.25,2026-07-27,2026-07-31,341.19,Accepted,Road,Medium,Urgent production requirement
REQ03485,WST00882,C013,C059,883.81,2026-08-13,2026-08-16,325.5,Accepted,Road,Medium,Bulk procurement
REQ03486,WST00882,C023,C059,1526.48,2026-06-21,2026-07-05,296.62,Accepted,Road,Medium,Need immediate pickup
REQ03487,WST00883,C025,C060,2130.75,2026-05-16,2026-05-23,88.39,Pending,Road,Low,Bulk procurement
REQ03488,WST00883,C019,C060,1619.6,2026-07-23,2026-08-02,93.71,Pending,Road,Medium,No additional remarks
REQ03489,WST00884,C016,C060,3734.0,2026-07-08,2026-07-28,162.03,Pending,Road,Medium,Urgent production requirement
REQ03490,WST00884,C051,C060,916.45,2026-07-13,2026-07-22,135.9,Accepted,Road,Medium,Trial order
REQ03491,WST00885,C001,C060,2825.66,2026-06-05,2026-06-14,455.38,Rejected,Road,High,Need immediate pickup
REQ03492,WST00885,C030,C060,2895.17,2026-05-24,2026-06-07,413.33,Pending,Sea,Medium,For recycling process
REQ03493,WST00885,C036,C060,3348.41,2026-07-09,2026-07-19,522.65,Pending,Road,Low,Requested as secondary raw material
REQ03494,WST00885,C020,C060,1560.44,2026-09-02,2026-09-08,475.54,Cancelled,Rail,High,Trial order
REQ03495,WST00886,C029,C060,937.19,2026-08-21,2026-08-27,288.03,Rejected,Road,Low,Trial order
REQ03496,WST00886,C014,C060,516.51,2026-09-12,2026-09-23,312.09,Rejected,Sea,Medium,Urgent production requirement
REQ03497,WST00886,C008,C060,315.72,2026-06-24,2026-07-08,360.52,Pending,Road,Low,Urgent production requirement
REQ03498,WST00886,C016,C060,1252.79,2026-05-20,2026-06-04,294.66,Pending,Rail,Medium,Bulk procurement
REQ03499,WST00886,C052,C060,331.71,2026-07-01,2026-07-05,328.33,Accepted,Road,High,No additional remarks
REQ03500,WST00887,C034,C060,1016.41,2026-05-23,2026-05-26,299.7,Pending,Rail,High,Bulk procurement
REQ03501,WST00887,C042,C060,1939.93,2026-08-27,2026-09-07,378.68,Pending,Road,High,Bulk procurement
REQ03502,WST00887,C013,C060,1522.54,2026-08-24,2026-08-26,326.14,Pending,Rail,Medium,Urgent production requirement
REQ03503,WST00888,C022,C060,719.22,2026-05-24,2026-05-29,287.09,Pending,Road,Medium,Need immediate pickup
REQ03504,WST00888,C022,C060,626.8,2026-06-19,2026-06-24,242.71,Pending,Sea,High,Price negotiation required
REQ03505,WST00888,C004,C060,418.17,2026-08-06,2026-08-26,225.15,Accepted,Sea,Medium,For recycling process
REQ03506,WST00888,C025,C060,634.98,2026-08-07,2026-08-09,270.35,Pending,Road,High,No additional remarks
REQ03507,WST00889,C013,C060,3035.15,2026-05-27,2026-06-13,414.97,Pending,Road,Medium,For recycling process
REQ03508,WST00889,C046,C060,3878.0,2026-09-05,2026-09-13,456.4,Pending,Road,Medium,Price negotiation required
REQ03509,WST00889,C055,C060,1651.44,2026-07-05,2026-07-22,532.08,Accepted,Rail,High,Requested as secondary raw material
REQ03510,WST00889,C044,C060,2560.77,2026-05-23,2026-05-25,462.08,Rejected,Road,High,For recycling process
REQ03511,WST00890,C035,C060,58.63,2026-07-07,2026-07-17,85.13,Pending,Road,Medium,Trial order
REQ03512,WST00890,C008,C060,59.92,2026-07-06,2026-07-11,73.67,Rejected,Road,High,No additional remarks
REQ03513,WST00890,C019,C060,41.26,2026-08-22,2026-09-04,81.17,Cancelled,Rail,Low,Need immediate pickup
REQ03514,WST00890,C044,C060,45.51,2026-08-07,2026-08-20,69.47,Rejected,Road,High,For recycling process
REQ03515,WST00891,C046,C060,793.4,2026-07-19,2026-07-24,279.51,Accepted,Road,Medium,No additional remarks
REQ03516,WST00891,C023,C060,534.93,2026-08-22,2026-08-31,339.84,Cancelled,Road,Low,Price negotiation required
REQ03517,WST00892,C003,C060,2328.94,2026-05-17,2026-06-04,475.13,Accepted,Road,Medium,Bulk procurement
REQ03518,WST00892,C055,C060,1833.36,2026-06-20,2026-06-26,422.54,Pending,Road,Low,Long-term procurement
REQ03519,WST00892,C030,C060,799.46,2026-05-29,2026-06-09,447.53,Accepted,Road,High,Bulk procurement
REQ03520,WST00892,C053,C060,883.55,2026-08-29,2026-09-08,472.56,Cancelled,Road,Low,Requested for pilot testing
REQ03521,WST00892,C001,C060,794.35,2026-09-08,2026-09-13,424.64,Pending,Rail,Medium,Bulk procurement
REQ03522,WST00893,C011,C060,240.43,2026-06-16,2026-06-22,195.29,Accepted,Road,Low,Requested for pilot testing
REQ03523,WST00893,C045,C060,277.94,2026-06-17,2026-06-24,171.05,Accepted,Road,Medium,Long-term procurement
REQ03524,WST00893,C025,C060,689.01,2026-07-15,2026-07-28,166.5,Accepted,Road,Medium,For recycling process
REQ03525,WST00893,C057,C060,706.92,2026-09-02,2026-09-10,170.5,Pending,Rail,Low,For recycling process
REQ03526,WST00893,C045,C060,373.39,2026-08-25,2026-09-06,163.32,Accepted,Rail,Medium,Price negotiation required
REQ03527,WST00894,C001,C060,860.02,2026-08-30,2026-09-03,474.52,Cancelled,Road,Low,Requested as secondary raw material
REQ03528,WST00894,C025,C060,850.08,2026-05-19,2026-05-27,425.99,Cancelled,Road,Low,Requested for pilot testing
REQ03529,WST00894,C017,C060,2335.12,2026-07-09,2026-07-25,546.55,Accepted,Road,Low,Long-term procurement
REQ03530,WST00894,C007,C060,2170.56,2026-06-16,2026-06-22,516.14,Accepted,Road,High,Price negotiation required
REQ03531,WST00894,C046,C060,2046.43,2026-08-26,2026-08-31,516.2,Pending,Road,Low,Price negotiation required
REQ03532,WST00894,C023,C060,1510.86,2026-06-28,2026-07-18,502.14,Pending,Road,Medium,No additional remarks
REQ03533,WST00895,C028,C060,3702.48,2026-06-28,2026-07-09,219.09,Pending,Rail,Low,Requested as secondary raw material
REQ03534,WST00895,C048,C060,3007.14,2026-06-11,2026-06-28,196.01,Accepted,Sea,High,Price negotiation required
REQ03535,WST00895,C016,C060,3471.28,2026-07-10,2026-07-30,219.36,Accepted,Road,Low,Trial order
REQ03536,WST00896,C028,C060,1778.15,2026-08-25,2026-09-07,283.02,Accepted,Rail,Low,Trial order
REQ03537,WST00896,C035,C060,3953.21,2026-07-05,2026-07-20,298.76,Pending,Road,Low,Requested for pilot testing
REQ03538,WST00896,C024,C060,1851.08,2026-07-29,2026-08-06,280.65,Pending,Sea,Medium,For recycling process
REQ03539,WST00897,C002,C060,4067.43,2026-07-08,2026-07-24,495.24,Pending,Road,Medium,Requested as secondary raw material
REQ03540,WST00897,C032,C060,2773.89,2026-09-03,2026-09-09,496.94,Accepted,Road,Medium,Urgent production requirement
REQ03541,WST00897,C032,C060,2466.54,2026-05-24,2026-06-11,440.56,Accepted,Road,Medium,Price negotiation required
REQ03542,WST00897,C002,C060,3512.05,2026-06-03,2026-06-13,424.83,Accepted,Road,Medium,Long-term procurement
REQ03543,WST00897,C019,C060,2721.57,2026-06-08,2026-06-14,410.55,Cancelled,Road,Low,For recycling process
REQ03544,WST00897,C029,C060,2458.94,2026-07-12,2026-07-24,467.91,Accepted,Road,Medium,No additional remarks
REQ03545,WST00898,C053,C060,1939.91,2026-08-06,2026-08-21,194.12,Pending,Road,High,Price negotiation required
REQ03546,WST00898,C024,C060,1342.05,2026-07-01,2026-07-13,193.66,Accepted,Rail,High,Requested as secondary raw material
REQ03547,WST00898,C019,C060,1691.19,2026-07-02,2026-07-19,157.59,Pending,Road,Low,Requested as secondary raw material
REQ03548,WST00898,C042,C060,1934.55,2026-09-09,2026-09-15,177.31,Cancelled,Road,Low,Urgent production requirement
REQ03549,WST00898,C037,C060,3435.32,2026-05-31,2026-06-14,163.99,Rejected,Road,High,Bulk procurement
REQ03550,WST00899,C017,C060,357.15,2026-06-30,2026-07-05,486.06,Accepted,Sea,Medium,Trial order
REQ03551,WST00899,C059,C060,172.13,2026-09-09,2026-09-14,425.64,Accepted,Road,Medium,Price negotiation required
REQ03552,WST00900,C001,C060,896.56,2026-06-09,2026-06-23,149.07,Accepted,Road,Medium,Long-term procurement
REQ03553,WST00900,C052,C060,418.48,2026-08-20,2026-08-31,117.51,Rejected,Road,High,No additional remarks
REQ03554,WST00900,C035,C060,1280.36,2026-06-23,2026-07-03,127.23,Accepted,Road,High,Trial order
REQ03555,WST00900,C050,C060,1070.35,2026-07-22,2026-07-30,149.12,Pending,Road,Low,For recycling process
REQ03556,WST00900,C032,C060,510.49,2026-06-16,2026-06-29,118.97,Accepted,Road,Low,Need immediate pickup
REQ03557,WST00900,C034,C060,707.78,2026-06-29,2026-07-18,148.7,Rejected,Road,Low,Requested for pilot testing
REQ03558,WST00901,C025,C060,3225.23,2026-08-04,2026-08-21,276.18,Pending,Road,Low,Long-term procurement
REQ03559,WST00901,C007,C060,3561.98,2026-08-23,2026-09-09,221.57,Pending,Road,Low,Need immediate pickup
REQ03560,WST00902,C059,C060,202.95,2026-08-23,2026-08-29,210.55,Rejected,Sea,High,Trial order
REQ03561,WST00902,C032,C060,860.69,2026-08-21,2026-09-10,194.17,Accepted,Road,Medium,Requested as secondary raw material
REQ03562,WST00902,C030,C060,562.47,2026-06-15,2026-06-18,182.63,Pending,Road,High,For recycling process
REQ03563,WST00902,C013,C060,190.63,2026-07-07,2026-07-17,209.29,Accepted,Road,Low,Urgent production requirement
REQ03564,WST00902,C014,C060,644.34,2026-08-11,2026-08-31,209.72,Accepted,Road,Medium,For recycling process
REQ03565,WST00902,C011,C060,208.71,2026-08-24,2026-09-03,175.47,Accepted,Road,High,For recycling process
REQ03566,WST00903,C042,C060,1302.68,2026-08-30,2026-09-09,34.72,Rejected,Road,Medium,No additional remarks
REQ03567,WST00903,C014,C060,1259.71,2026-07-10,2026-07-19,36.6,Accepted,Road,High,Trial order
REQ03568,WST00903,C055,C060,1628.05,2026-06-02,2026-06-18,38.13,Accepted,Road,Medium,For recycling process
REQ03569,WST00903,C009,C060,1266.02,2026-06-21,2026-06-30,44.14,Pending,Rail,Medium,Long-term procurement
REQ03570,WST00903,C013,C060,598.0,2026-09-09,2026-09-14,42.32,Pending,Rail,High,Price negotiation required
REQ03571,WST00904,C051,C060,1417.02,2026-05-29,2026-06-01,13.39,Pending,Sea,High,Requested as secondary raw material
REQ03572,WST00904,C055,C060,1641.18,2026-06-10,2026-06-21,16.47,Rejected,Road,Medium,Requested as secondary raw material
REQ03573,WST00904,C043,C060,1662.51,2026-08-25,2026-09-13,12.3,Pending,Road,Low,Requested as secondary raw material
REQ03574,WST00904,C056,C060,1005.18,2026-07-24,2026-07-31,12.3,Cancelled,Rail,Medium,Requested for pilot testing
REQ03575,WST00904,C006,C060,1063.98,2026-09-08,2026-09-19,14.83,Accepted,Rail,Medium,Requested as secondary raw material
REQ03576,WST00905,C005,C060,1492.28,2026-06-19,2026-07-05,519.76,Accepted,Road,Medium,Requested for pilot testing
REQ03577,WST00905,C033,C060,603.29,2026-06-10,2026-06-23,473.96,Cancelled,Rail,High,Requested as secondary raw material
REQ03578,WST00905,C033,C060,976.34,2026-07-10,2026-07-30,429.56,Rejected,Sea,High,No additional remarks
REQ03579,WST00905,C012,C060,609.48,2026-06-06,2026-06-11,442.9,Rejected,Road,Medium,Price negotiation required
REQ03580,WST00905,C022,C060,555.97,2026-09-01,2026-09-16,416.2,Accepted,Road,High,Long-term procurement
REQ03581,WST00905,C012,C060,381.16,2026-07-12,2026-07-26,390.59,Accepted,Road,High,For recycling process
REQ03582,WST00906,C046,C060,152.19,2026-07-06,2026-07-10,274.87,Accepted,Road,Medium,Requested for pilot testing
REQ03583,WST00906,C047,C060,86.97,2026-07-08,2026-07-22,280.7,Accepted,Road,Medium,No additional remarks
REQ03584,WST00906,C044,C060,185.64,2026-07-01,2026-07-08,283.83,Rejected,Road,Low,For recycling process
REQ03585,WST00906,C039,C060,240.57,2026-07-26,2026-07-31,296.3,Accepted,Road,Medium,No additional remarks
REQ03586,WST00906,C014,C060,278.75,2026-08-21,2026-09-07,254.8,Pending,Sea,Medium,For recycling process
REQ03587,WST00906,C012,C060,138.0,2026-08-30,2026-09-08,279.16,Pending,Road,High,Urgent production requirement
REQ03588,WST00907,C009,C060,1152.88,2026-06-01,2026-06-21,460.66,Accepted,Road,High,Urgent production requirement
REQ03589,WST00907,C001,C060,2584.71,2026-09-05,2026-09-16,391.51,Accepted,Sea,Low,Price negotiation required
REQ03590,WST00907,C022,C060,961.91,2026-06-12,2026-06-23,364.51,Accepted,Sea,High,Long-term procurement
REQ03591,WST00907,C038,C060,1962.14,2026-06-26,2026-07-02,413.0,Rejected,Sea,Low,Bulk procurement
REQ03592,WST00907,C007,C060,1654.63,2026-08-22,2026-08-24,361.45,Accepted,Road,Medium,Bulk procurement
REQ03593,WST00907,C005,C060,1284.94,2026-06-21,2026-06-30,369.74,Accepted,Road,Low,Bulk procurement
REQ03594,WST00908,C011,C060,3834.92,2026-08-20,2026-08-26,487.83,Pending,Road,Medium,Requested as secondary raw material
REQ03595,WST00908,C040,C060,3742.67,2026-09-01,2026-09-19,459.15,Accepted,Road,High,No additional remarks
REQ03596,WST00908,C034,C060,3932.38,2026-07-16,2026-07-23,467.59,Rejected,Road,Low,For recycling process
REQ03597,WST00908,C038,C060,3123.82,2026-05-29,2026-06-14,505.3,Pending,Road,Medium,Need immediate pickup
REQ03598,WST00908,C057,C060,3071.61,2026-06-28,2026-07-02,415.93,Accepted,Road,Low,Requested as secondary raw material
REQ03599,WST00908,C057,C060,2861.42,2026-07-20,2026-07-27,502.47,Rejected,Road,Low,Bulk procurement
REQ03600,WST00909,C040,C060,1731.06,2026-08-01,2026-08-10,339.44,Pending,Road,High,Urgent production requirement
REQ03601,WST00909,C033,C060,1098.4,2026-07-31,2026-08-08,281.39,Accepted,Road,High,Trial order
REQ03602,WST00909,C011,C060,3590.23,2026-06-03,2026-06-19,310.6,Pending,Rail,High,Trial order
REQ03603,WST00910,C021,C060,212.29,2026-09-07,2026-09-15,469.38,Rejected,Rail,High,Need immediate pickup
REQ03604,WST00910,C004,C060,187.43,2026-06-16,2026-06-21,401.96,Cancelled,Road,High,Trial order
REQ03605,WST00911,C035,C060,2552.68,2026-06-04,2026-06-21,400.39,Pending,Road,High,No additional remarks
REQ03606,WST00911,C050,C060,3189.55,2026-06-29,2026-07-08,415.96,Pending,Rail,Medium,Long-term procurement
REQ03607,WST00911,C044,C060,3314.02,2026-08-09,2026-08-16,395.38,Pending,Road,Medium,Urgent production requirement
REQ03608,WST00911,C050,C060,3686.5,2026-09-07,2026-09-19,463.53,Accepted,Road,Low,Bulk procurement
REQ03609,WST00911,C021,C060,3932.49,2026-05-23,2026-06-07,454.7,Pending,Road,High,For recycling process
REQ03610,WST00911,C003,C060,2857.37,2026-06-22,2026-07-03,434.35,Accepted,Road,Low,Urgent production requirement
REQ03611,WST00912,C010,C060,1295.83,2026-07-30,2026-08-14,420.58,Accepted,Road,Low,For recycling process
REQ03612,WST00912,C058,C060,1558.0,2026-08-25,2026-09-13,526.82,Pending,Road,Low,Need immediate pickup
REQ03613,WST00912,C015,C060,895.62,2026-09-02,2026-09-19,427.52,Pending,Road,Low,Bulk procurement
REQ03614,WST00912,C047,C060,1711.66,2026-05-25,2026-06-06,404.21,Accepted,Road,Low,Urgent production requirement
REQ03615,WST00912,C038,C060,1218.75,2026-05-21,2026-06-08,459.02,Pending,Road,High,No additional remarks
