transaction_id,request_id,waste_id,buyer_company_id,seller_company_id,transaction_date,final_quantity,final_price_per_unit,transport_cost,carbon_saving_kg,delivery_status,payment_status
TRX00001,REQ00001,WST00001,C046,C001,2026-09-05,2635.02,46.05,45650.26,4689.78,Delivered,Paid
TRX00002,REQ00003,WST00001,C037,C001,2026-06-16,1653.79,47.15,20208.16,1429.96,Delivered,Pending
TRX00003,REQ00006,WST00002,C023,C001,2026-07-25,3746.81,209.3,56912.36,2797.12,Delivered,Paid
TRX00004,REQ00007,WST00002,C057,C001,2026-09-03,2238.89,192.08,25184.08,1938.17,Delivered,Pending
TRX00005,REQ00010,WST00003,C050,C001,2026-08-25,177.09,329.61,4360.41,315.1,Delivered,Paid
TRX00006,REQ00021,WST00005,C014,C001,2026-06-08,3733.72,316.51,68918.36,5255.51,Delivered,Pending
TRX00007,REQ00022,WST00005,C037,C001,2026-06-21,1520.88,296.94,18282.82,3034.01,Delivered,Pending
TRX00008,REQ00028,WST00007,C033,C002,2026-07-07,3185.49,394.68,76724.13,7337.61,Delivered,Paid
TRX00009,REQ00029,WST00007,C026,C002,2026-08-10,3789.87,373.04,54314.88,5887.44,Delivered,Paid
TRX00010,REQ00030,WST00007,C022,C002,2026-09-20,1753.28,327.07,19864.46,4310.48,Delivered,Paid
TRX00011,REQ00033,WST00008,C019,C002,2026-07-20,4680.15,16.84,54851.42,10771.58,Delivered,Paid
TRX00012,REQ00038,WST00009,C058,C002,2026-09-15,387.25,165.67,7590.09,218.56,Delivered,Paid
TRX00013,REQ00039,WST00009,C027,C002,2026-06-08,529.74,168.84,10559.69,1099.01,Delivered,Partially Paid
TRX00014,REQ00040,WST00009,C050,C002,2026-08-15,373.59,189.97,7118.8,441.63,In Transit,Paid
TRX00015,REQ00044,WST00010,C034,C002,2026-06-06,2769.37,347.59,40555.38,5182.21,Scheduled,Paid
TRX00016,REQ00045,WST00010,C010,C002,2026-09-01,898.53,360.09,13471.26,2102.38,Delivered,Paid
TRX00017,REQ00047,WST00011,C054,C002,2026-06-13,1082.01,427.49,19094.36,2640.51,Delivered,Paid
TRX00018,REQ00048,WST00011,C037,C002,2026-09-16,851.26,382.43,17426.77,525.42,In Transit,Paid
TRX00019,REQ00049,WST00011,C016,C002,2026-07-20,782.76,364.28,13125.4,1384.51,Delivered,Paid
TRX00020,REQ00061,WST00015,C022,C003,2026-07-22,2070.91,360.64,36009.42,3982.98,In Transit,Pending
TRX00021,REQ00063,WST00015,C028,C003,2026-07-27,1582.57,330.83,27266.28,1600.17,In Transit,Pending
TRX00022,REQ00066,WST00016,C002,C003,2026-09-09,2930.66,362.61,57204.17,2680.41,Delivered,Paid
TRX00023,REQ00070,WST00017,C010,C003,2026-06-11,1733.26,331.09,27647.85,1562.17,Delivered,Partially Paid
TRX00024,REQ00071,WST00017,C015,C003,2026-09-24,755.15,297.31,6396.24,1694.13,Delivered,Paid
TRX00025,REQ00074,WST00017,C044,C003,2026-07-26,3575.31,295.37,84902.17,7336.06,Delivered,Paid
TRX00026,REQ00076,WST00018,C046,C003,2026-06-13,174.08,114.13,2728.51,73.68,Scheduled,Paid
TRX00027,REQ00078,WST00018,C029,C003,2026-07-04,170.63,117.94,4146.05,306.72,Delivered,Pending
TRX00028,REQ00084,WST00019,C015,C003,2026-06-02,41.71,215.59,788.94,77.57,Delivered,Paid
TRX00029,REQ00085,WST00019,C019,C003,2026-06-12,162.5,222.75,1706.16,199.8,Delivered,Paid
TRX00030,REQ00086,WST00020,C042,C003,2026-08-25,1569.77,305.22,29317.02,987.06,In Transit,Paid
TRX00031,REQ00087,WST00020,C035,C003,2026-08-27,2646.58,311.97,41729.19,4073.37,Delivered,Pending
TRX00032,REQ00089,WST00020,C055,C003,2026-06-23,3076.65,315.22,74005.2,5185.25,Delivered,Paid
TRX00033,REQ00096,WST00022,C056,C003,2026-07-28,3648.12,511.14,81464.01,1668.12,Delivered,Paid
TRX00034,REQ00097,WST00023,C006,C003,2026-09-01,877.93,81.76,7364.65,2149.02,Delivered,Paid
TRX00035,REQ00100,WST00024,C045,C003,2026-09-13,723.99,429.78,13406.38,1766.0,Delivered,Pending
TRX00036,REQ00101,WST00024,C047,C003,2026-08-11,506.09,439.03,8594.35,825.92,In Transit,Partially Paid
TRX00037,REQ00104,WST00024,C056,C003,2026-06-08,518.93,473.93,6027.96,527.68,Delivered,Pending
TRX00038,REQ00105,WST00025,C007,C004,2026-06-26,462.66,164.45,10164.97,1101.53,Delivered,Partially Paid
TRX00039,REQ00109,WST00025,C035,C004,2026-08-12,1307.72,192.16,28419.37,2619.61,Delivered,Pending
TRX00040,REQ00110,WST00026,C025,C004,2026-08-27,242.56,526.6,2879.79,137.04,Scheduled,Pending
TRX00041,REQ00111,WST00026,C021,C004,2026-06-10,239.12,509.9,4182.07,409.11,Scheduled,Paid
TRX00042,REQ00116,WST00027,C023,C004,2026-06-18,1407.37,357.55,13453.02,1031.77,In Transit,Paid
TRX00043,REQ00117,WST00028,C011,C004,2026-08-04,3342.31,428.88,78224.33,4244.64,Delivered,Paid
TRX00044,REQ00118,WST00028,C006,C004,2026-07-24,1138.34,436.55,14327.44,2229.15,Delivered,Pending
TRX00045,REQ00120,WST00029,C038,C004,2026-08-16,213.69,157.94,2928.2,317.97,Delivered,Paid
TRX00046,REQ00121,WST00030,C057,C004,2026-09-19,2544.01,310.93,20712.51,3131.37,Delivered,Paid
TRX00047,REQ00125,WST00031,C041,C004,2026-07-28,787.85,389.32,13808.97,982.35,In Transit,Paid
TRX00048,REQ00127,WST00031,C005,C004,2026-09-12,312.86,364.91,7472.68,405.64,Delivered,Paid
TRX00049,REQ00128,WST00031,C008,C004,2026-07-06,824.76,349.86,18003.9,993.36,Delivered,Paid
TRX00050,REQ00131,WST00032,C026,C005,2026-09-06,252.86,370.86,4177.72,524.13,In Transit,Paid
TRX00051,REQ00133,WST00033,C039,C005,2026-07-01,414.85,237.73,4919.28,998.08,Delivered,Paid
TRX00052,REQ00134,WST00033,C022,C005,2026-08-08,1412.96,195.79,14353.9,1801.56,Delivered,Paid
TRX00053,REQ00138,WST00034,C040,C005,2026-06-14,1832.33,102.63,22641.05,4069.41,Delivered,Paid
TRX00054,REQ00140,WST00034,C060,C005,2026-06-09,1505.69,125.27,23059.66,1527.12,Delivered,Paid
TRX00055,REQ00143,WST00035,C029,C005,2026-06-20,2824.13,414.65,33651.4,2942.38,Delivered,Pending
TRX00056,REQ00148,WST00036,C050,C005,2026-07-03,881.21,158.6,13348.52,610.25,Delivered,Paid
TRX00057,REQ00159,WST00039,C007,C005,2026-08-31,811.62,22.4,10486.25,921.79,In Transit,Paid
TRX00058,REQ00161,WST00040,C031,C005,2026-08-28,790.47,412.33,13317.54,1535.53,Delivered,Paid
TRX00059,REQ00164,WST00040,C024,C005,2026-06-26,468.81,345.47,6332.39,918.52,Delivered,Paid
TRX00060,REQ00167,WST00041,C041,C005,2026-08-07,1866.82,99.66,26408.77,3104.41,Delivered,Paid
TRX00061,REQ00168,WST00041,C011,C005,2026-09-17,3626.39,113.5,71737.53,2008.18,Delivered,Paid
TRX00062,REQ00171,WST00041,C031,C005,2026-08-04,4427.27,94.91,48597.16,2121.57,Delivered,Paid
TRX00063,REQ00173,WST00042,C029,C005,2026-06-02,1073.34,74.78,24515.54,2590.37,Delivered,Paid
TRX00064,REQ00177,WST00043,C030,C005,2026-08-10,2307.94,317.93,29415.22,3293.49,Scheduled,Partially Paid
TRX00065,REQ00181,WST00043,C054,C005,2026-06-17,1347.25,347.87,16238.68,3358.94,In Transit,Paid
TRX00066,REQ00183,WST00044,C013,C006,2026-08-28,1188.07,376.11,13421.13,2695.1,Delivered,Paid
TRX00067,REQ00184,WST00044,C018,C006,2026-06-03,1443.64,366.82,35584.12,3019.09,Scheduled,Paid
TRX00068,REQ00185,WST00045,C021,C006,2026-08-14,830.72,424.18,10744.13,831.36,Delivered,Paid
TRX00069,REQ00189,WST00046,C018,C006,2026-06-16,1744.87,389.07,27854.79,4130.39,Delivered,Paid
TRX00070,REQ00190,WST00047,C046,C006,2026-09-23,2404.98,50.66,45586.01,5743.74,Delivered,Paid
TRX00071,REQ00193,WST00047,C040,C006,2026-09-10,1634.84,49.13,29456.62,1072.2,Delivered,Paid
TRX00072,REQ00197,WST00048,C051,C006,2026-08-28,3888.58,213.89,37064.3,8066.66,Scheduled,Paid
TRX00073,REQ00199,WST00049,C025,C006,2026-07-23,3193.02,414.11,65669.36,1383.6,In Transit,Paid
TRX00074,REQ00203,WST00050,C020,C006,2026-09-11,346.92,314.56,5658.06,415.43,Delivered,Paid
TRX00075,REQ00213,WST00054,C031,C006,2026-06-05,219.17,399.99,2716.4,369.99,Delivered,Pending
TRX00076,REQ00219,WST00055,C031,C006,2026-08-26,197.46,188.46,4810.22,421.87,In Transit,Paid
TRX00077,REQ00222,WST00057,C044,C007,2026-08-02,1118.72,428.33,14362.89,2356.62,In Transit,Paid
TRX00078,REQ00229,WST00058,C059,C007,2026-06-18,223.22,218.73,4193.08,359.21,Delivered,Pending
TRX00079,REQ00231,WST00058,C004,C007,2026-07-23,265.87,174.65,6114.97,576.13,Delivered,Paid
TRX00080,REQ00235,WST00059,C030,C007,2026-07-04,3048.29,61.11,42865.83,4838.05,Delivered,Paid
TRX00081,REQ00236,WST00060,C011,C007,2026-09-07,2982.55,84.93,69853.79,3684.13,In Transit,Paid
TRX00082,REQ00243,WST00062,C047,C007,2026-05-29,2482.65,87.47,27639.86,5033.74,Scheduled,Paid
TRX00083,REQ00244,WST00063,C005,C007,2026-08-11,1006.92,361.61,11016.68,1254.48,Delivered,Pending
TRX00084,REQ00254,WST00065,C045,C008,2026-07-09,870.82,126.46,7484.12,1518.88,Delivered,Pending
TRX00085,REQ00257,WST00066,C001,C008,2026-09-26,374.69,68.72,3338.51,602.65,Delivered,Paid
TRX00086,REQ00258,WST00067,C052,C008,2026-06-24,2208.72,416.57,51434.28,5083.25,Delivered,Paid
TRX00087,REQ00260,WST00067,C041,C008,2026-07-28,1950.89,462.54,35900.83,949.96,Delivered,Partially Paid
TRX00088,REQ00265,WST00069,C015,C008,2026-09-17,218.28,369.44,4644.11,145.83,Delivered,Paid
TRX00089,REQ00267,WST00069,C021,C008,2026-09-03,413.74,379.43,5647.58,204.04,Scheduled,Paid
TRX00090,REQ00268,WST00069,C006,C008,2026-08-16,463.24,351.05,11039.34,888.54,Delivered,Paid
TRX00091,REQ00269,WST00069,C003,C008,2026-08-25,472.63,372.93,10185.07,833.69,Delivered,Paid
TRX00092,REQ00273,WST00071,C034,C008,2026-06-27,92.17,146.88,1100.94,193.11,Delivered,Partially Paid
TRX00093,REQ00277,WST00072,C039,C008,2026-06-09,97.61,254.68,2041.91,51.06,In Transit,Paid
TRX00094,REQ00278,WST00073,C047,C008,2026-06-12,4166.69,372.84,77567.88,5820.73,Scheduled,Paid
TRX00095,REQ00279,WST00073,C003,C008,2026-08-23,1932.25,415.05,42485.31,1130.63,Delivered,Paid
TRX00096,REQ00280,WST00074,C043,C008,2026-08-15,355.95,69.76,4292.84,626.9,Delivered,Partially Paid
TRX00097,REQ00284,WST00074,C011,C008,2026-08-23,231.6,77.72,2613.71,491.2,Delivered,Paid
TRX00098,REQ00286,WST00075,C011,C008,2026-05-25,2354.78,32.31,19666.39,1977.79,Delivered,Paid
TRX00099,REQ00290,WST00076,C027,C008,2026-08-29,3065.44,337.23,25752.58,6098.56,Scheduled,Paid
TRX00100,REQ00292,WST00076,C053,C008,2026-06-14,4131.98,359.98,60351.83,4058.98,Delivered,Paid
TRX00101,REQ00294,WST00077,C033,C008,2026-06-25,2556.52,337.97,46760.52,2621.26,Delivered,Paid
TRX00102,REQ00296,WST00078,C056,C009,2026-06-24,2397.99,492.92,50714.83,4488.61,In Transit,Paid
TRX00103,REQ00297,WST00078,C057,C009,2026-07-30,1352.2,426.59,16958.76,2684.36,Delivered,Paid
TRX00104,REQ00300,WST00078,C060,C009,2026-07-10,1402.91,474.35,19569.64,2128.86,In Transit,Paid
TRX00105,REQ00301,WST00079,C015,C009,2026-08-26,3035.79,109.75,35763.21,7034.61,Delivered,Paid
TRX00106,REQ00302,WST00079,C033,C009,2026-06-21,1955.36,115.77,42700.48,4851.56,Delivered,Paid
TRX00107,REQ00304,WST00079,C001,C009,2026-06-30,1152.42,127.24,15138.34,1905.58,Delivered,Paid
TRX00108,REQ00305,WST00079,C018,C009,2026-09-29,1690.4,95.44,38745.58,2682.03,Delivered,Paid
TRX00109,REQ00306,WST00080,C043,C009,2026-06-17,552.48,362.05,11510.37,237.05,Delivered,Pending
TRX00110,REQ00307,WST00080,C007,C009,2026-08-09,659.69,329.88,7013.06,1074.09,Delivered,Paid
TRX00111,REQ00320,WST00083,C014,C009,2026-07-03,33.72,209.0,781.7,19.29,Delivered,Paid
TRX00112,REQ00321,WST00083,C027,C009,2026-08-27,94.37,214.18,1541.72,184.5,Delivered,Paid
TRX00113,REQ00327,WST00084,C008,C009,2026-06-03,260.02,412.07,3704.6,491.04,Delivered,Paid
TRX00114,REQ00328,WST00084,C005,C009,2026-08-21,549.65,472.09,6749.27,631.48,Delivered,Pending
TRX00115,REQ00330,WST00085,C047,C009,2026-06-19,679.25,17.33,13630.91,1370.2,Delivered,Pending
TRX00116,REQ00332,WST00086,C043,C009,2026-09-07,3360.97,190.46,53921.73,4561.18,Delivered,Partially Paid
TRX00117,REQ00335,WST00087,C021,C009,2026-06-27,890.42,431.5,15842.56,2095.59,In Transit,Paid
TRX00118,REQ00336,WST00087,C032,C009,2026-08-04,241.36,393.66,2043.93,462.71,Delivered,Paid
TRX00119,REQ00340,WST00088,C002,C009,2026-06-05,2543.67,446.61,48996.6,2066.36,Delivered,Paid
TRX00120,REQ00342,WST00089,C048,C009,2026-09-13,680.67,136.71,11362.3,1080.11,In Transit,Paid
TRX00121,REQ00343,WST00089,C030,C009,2026-07-27,1200.59,139.76,10601.16,2181.49,Delivered,Pending
TRX00122,REQ00345,WST00089,C058,C009,2026-08-31,467.67,124.47,4774.15,980.14,Scheduled,Paid
TRX00123,REQ00347,WST00090,C020,C009,2026-07-17,552.99,233.98,12434.81,533.91,In Transit,Paid
TRX00124,REQ00349,WST00090,C043,C009,2026-07-26,179.81,250.24,3092.89,208.82,Delivered,Pending
TRX00125,REQ00353,WST00091,C011,C009,2026-06-15,2962.2,241.99,66491.47,4047.25,In Transit,Paid
TRX00126,REQ00358,WST00092,C051,C009,2026-08-19,961.86,104.65,23495.26,1349.22,Delivered,Paid
TRX00127,REQ00361,WST00093,C041,C010,2026-07-22,153.41,122.49,3522.53,363.18,In Transit,Paid
TRX00128,REQ00362,WST00093,C002,C010,2026-09-16,584.8,121.62,7374.99,817.52,In Transit,Partially Paid
TRX00129,REQ00367,WST00094,C039,C010,2026-07-08,1583.76,512.39,17944.41,779.21,Delivered,Paid
TRX00130,REQ00369,WST00094,C024,C010,2026-06-20,905.24,480.07,9908.52,1566.61,In Transit,Paid
TRX00131,REQ00376,WST00096,C024,C010,2026-07-18,70.77,222.52,958.47,108.27,In Transit,Paid
TRX00132,REQ00379,WST00097,C056,C010,2026-09-07,1384.22,408.15,23767.4,594.5,Delivered,Paid
TRX00133,REQ00382,WST00098,C056,C010,2026-08-12,2077.62,43.41,21565.89,4354.73,Delivered,Paid
TRX00134,REQ00383,WST00098,C056,C010,2026-07-04,2555.67,34.44,41520.56,4549.8,In Transit,Pending
TRX00135,REQ00387,WST00098,C051,C010,2026-09-21,1549.67,42.32,28531.24,2698.95,Delivered,Pending
TRX00136,REQ00389,WST00099,C017,C010,2026-06-09,4024.17,70.66,76398.57,6350.15,Delivered,Paid
TRX00137,REQ00395,WST00101,C035,C010,2026-08-22,1373.55,298.27,25990.76,2618.38,Delivered,Paid
TRX00138,REQ00396,WST00101,C015,C010,2026-06-22,1212.07,291.55,29929.63,2081.55,Delivered,Pending
TRX00139,REQ00397,WST00101,C012,C010,2026-09-18,1634.94,292.34,38256.6,1687.0,Delivered,Pending
TRX00140,REQ00399,WST00102,C028,C010,2026-06-18,1799.4,90.79,20655.27,3271.81,Delivered,Paid
TRX00141,REQ00401,WST00102,C014,C010,2026-09-09,1211.56,117.7,21483.86,1802.39,Delivered,Paid
TRX00142,REQ00404,WST00103,C014,C011,2026-07-15,1615.86,243.98,35496.44,3018.07,Delivered,Paid
TRX00143,REQ00407,WST00105,C005,C011,2026-06-06,1424.2,84.13,28671.32,2857.18,In Transit,Paid
TRX00144,REQ00409,WST00105,C032,C011,2026-08-25,1172.12,81.9,21713.76,2452.26,Delivered,Paid
TRX00145,REQ00410,WST00105,C014,C011,2026-08-29,558.26,93.43,10466.96,699.46,Delivered,Paid
TRX00146,REQ00411,WST00105,C037,C011,2026-07-29,632.64,95.14,12029.44,732.94,Scheduled,Paid
TRX00147,REQ00413,WST00106,C051,C011,2026-08-10,1690.85,207.82,22269.22,724.51,Delivered,Paid
TRX00148,REQ00414,WST00106,C007,C011,2026-08-24,3431.05,207.17,62865.14,4993.56,Delivered,Paid
TRX00149,REQ00416,WST00107,C060,C011,2026-07-03,730.96,159.62,11397.87,1484.32,Delivered,Paid
TRX00150,REQ00418,WST00107,C010,C011,2026-08-18,1524.19,158.26,26733.33,3223.08,Scheduled,Paid
TRX00151,REQ00419,WST00107,C044,C011,2026-06-08,2565.04,160.42,42356.0,2582.33,Delivered,Paid
TRX00152,REQ00422,WST00108,C053,C011,2026-09-26,2337.05,51.04,24625.96,1304.55,Delivered,Paid
TRX00153,REQ00426,WST00109,C030,C011,2026-09-22,4299.66,311.35,81110.06,4075.85,Delivered,Paid
TRX00154,REQ00427,WST00109,C034,C011,2026-05-31,4444.63,339.89,75411.64,6061.16,Delivered,Paid
TRX00155,REQ00429,WST00110,C032,C011,2026-07-12,961.23,191.29,15346.14,1777.14,Delivered,Pending
TRX00156,REQ00430,WST00110,C007,C011,2026-07-28,951.53,211.87,20152.48,631.57,Delivered,Paid
TRX00157,REQ00431,WST00110,C057,C011,2026-09-16,794.42,179.0,19317.44,875.33,Scheduled,Paid
TRX00158,REQ00432,WST00110,C051,C011,2026-06-17,444.96,200.23,3843.93,1017.67,Delivered,Paid
TRX00159,REQ00434,WST00111,C050,C012,2026-10-03,2656.86,53.23,27504.21,1095.25,Delivered,Paid
TRX00160,REQ00437,WST00111,C007,C012,2026-07-28,2492.53,53.3,53270.7,5732.34,Scheduled,Paid
TRX00161,REQ00439,WST00112,C044,C012,2026-09-24,96.01,387.26,1504.52,179.99,Scheduled,Paid
TRX00162,REQ00443,WST00113,C053,C012,2026-06-06,1016.67,350.02,18429.15,697.14,Delivered,Paid
TRX00163,REQ00444,WST00113,C003,C012,2026-08-04,1097.14,406.28,17695.89,1926.95,Delivered,Partially Paid
TRX00164,REQ00448,WST00114,C005,C012,2026-09-06,2991.69,39.81,33134.2,7203.91,Delivered,Paid
TRX00165,REQ00453,WST00115,C042,C012,2026-09-14,572.31,146.47,5306.38,1316.5,In Transit,Paid
TRX00166,REQ00454,WST00115,C044,C012,2026-05-23,894.39,128.85,12175.35,2082.81,Delivered,Paid
TRX00167,REQ00455,WST00115,C016,C012,2026-07-26,1180.96,162.49,14255.96,2118.54,Delivered,Paid
TRX00168,REQ00458,WST00116,C040,C012,2026-08-14,431.28,365.63,7943.78,343.37,Delivered,Paid
TRX00169,REQ00460,WST00116,C040,C012,2026-05-23,1277.07,281.13,27253.92,2846.39,Delivered,Pending
TRX00170,REQ00463,WST00117,C014,C012,2026-08-07,763.81,498.76,10160.19,969.46,In Transit,Partially Paid
TRX00171,REQ00465,WST00117,C049,C012,2026-09-07,515.63,472.57,6037.94,544.31,Delivered,Paid
TRX00172,REQ00469,WST00118,C016,C013,2026-07-28,61.29,327.15,1404.54,30.86,Delivered,Paid
TRX00173,REQ00473,WST00119,C029,C013,2026-07-10,3194.69,242.03,69984.14,1293.84,Scheduled,Paid
TRX00174,REQ00476,WST00120,C043,C013,2026-08-03,1352.12,410.59,26861.8,2689.96,Delivered,Paid
TRX00175,REQ00478,WST00121,C033,C013,2026-06-01,3374.21,289.25,72720.03,4447.47,In Transit,Pending
TRX00176,REQ00479,WST00121,C003,C013,2026-07-22,3076.11,313.56,37562.06,2133.64,Scheduled,Paid
TRX00177,REQ00481,WST00122,C040,C013,2026-09-12,1120.28,276.14,18627.61,1626.39,Delivered,Paid
TRX00178,REQ00482,WST00123,C031,C013,2026-05-28,2851.27,384.19,31772.62,6978.13,Delivered,Paid
TRX00179,REQ00483,WST00123,C045,C013,2026-07-27,1991.71,379.46,18992.35,4447.65,Scheduled,Paid
TRX00180,REQ00484,WST00123,C023,C013,2026-08-27,950.74,355.09,17052.9,1929.65,Delivered,Paid
TRX00181,REQ00486,WST00124,C019,C013,2026-08-11,1690.64,130.17,40723.73,2439.45,Delivered,Partially Paid
TRX00182,REQ00488,WST00124,C039,C013,2026-08-21,2039.81,130.88,38811.86,4687.05,In Transit,Paid
TRX00183,REQ00490,WST00125,C052,C013,2026-05-26,2260.69,144.2,33427.67,2097.14,Delivered,Paid
TRX00184,REQ00494,WST00126,C054,C013,2026-08-24,1407.15,341.04,20461.06,1258.56,Delivered,Paid
TRX00185,REQ00495,WST00126,C003,C013,2026-07-17,1062.51,385.67,22014.77,2170.97,In Transit,Pending
TRX00186,REQ00496,WST00126,C060,C013,2026-06-08,1311.09,374.54,13955.63,1547.46,In Transit,Paid
TRX00187,REQ00497,WST00126,C014,C013,2026-06-27,2930.64,306.21,33054.57,5682.49,Delivered,Paid
TRX00188,REQ00498,WST00126,C047,C013,2026-07-07,1202.0,364.65,12822.73,1010.53,Delivered,Paid
TRX00189,REQ00499,WST00126,C027,C013,2026-06-20,3295.07,394.67,59544.13,6071.96,Scheduled,Partially Paid
TRX00190,REQ00501,WST00127,C032,C013,2026-07-24,4119.58,83.1,49631.09,3037.63,Delivered,Paid
TRX00191,REQ00502,WST00127,C034,C013,2026-08-24,4462.59,78.47,108149.78,4189.67,Delivered,Partially Paid
TRX00192,REQ00504,WST00128,C039,C013,2026-06-04,873.34,152.25,9746.21,1363.08,Delivered,Paid
TRX00193,REQ00508,WST00129,C009,C013,2026-08-12,2380.91,187.46,39192.79,5448.15,Delivered,Paid
TRX00194,REQ00509,WST00129,C052,C013,2026-08-26,1780.05,181.4,24716.17,3952.28,In Transit,Pending
TRX00195,REQ00511,WST00129,C037,C013,2026-06-12,1205.28,153.26,26751.61,2722.07,Delivered,Pending
TRX00196,REQ00514,WST00130,C037,C013,2026-07-09,994.75,262.03,11815.71,821.25,Scheduled,Paid
TRX00197,REQ00515,WST00130,C005,C013,2026-07-13,519.91,231.47,9575.26,592.32,In Transit,Paid
TRX00198,REQ00517,WST00130,C046,C013,2026-07-03,1227.84,250.26,10596.94,1779.1,Delivered,Paid
TRX00199,REQ00521,WST00132,C009,C013,2026-05-26,3590.2,97.82,32492.0,3018.72,Delivered,Paid
TRX00200,REQ00522,WST00132,C025,C013,2026-08-22,3232.56,104.31,76812.18,2534.27,Delivered,Paid
TRX00201,REQ00525,WST00133,C028,C013,2026-07-02,887.35,196.09,13360.68,512.22,Delivered,Paid
TRX00202,REQ00527,WST00133,C044,C013,2026-06-11,1821.93,218.15,18667.89,4174.95,Delivered,Paid
TRX00203,REQ00528,WST00133,C009,C013,2026-08-03,858.71,216.71,14871.28,789.92,Scheduled,Paid
TRX00204,REQ00532,WST00135,C038,C013,2026-09-22,196.2,89.06,2132.51,291.53,Delivered,Paid
TRX00205,REQ00534,WST00136,C001,C013,2026-08-31,1796.51,430.93,29679.42,2801.57,In Transit,Paid
TRX00206,REQ00538,WST00136,C006,C013,2026-07-19,1723.38,475.13,23424.48,3024.79,Delivered,Paid
TRX00207,REQ00541,WST00137,C044,C013,2026-06-24,467.45,372.01,6947.0,219.69,Scheduled,Paid
TRX00208,REQ00543,WST00137,C043,C013,2026-06-21,478.25,485.98,10464.67,671.54,Scheduled,Pending
TRX00209,REQ00545,WST00138,C049,C013,2026-06-05,1844.95,19.94,41874.38,1763.91,In Transit,Paid
TRX00210,REQ00548,WST00138,C027,C013,2026-09-07,1259.64,21.0,24244.92,777.41,Delivered,Paid
TRX00211,REQ00550,WST00139,C017,C014,2026-09-13,2522.06,52.19,24358.26,4262.2,Delivered,Paid
TRX00212,REQ00551,WST00139,C039,C014,2026-07-27,3052.01,49.01,39834.01,3090.57,Delivered,Paid
TRX00213,REQ00554,WST00141,C058,C014,2026-09-21,246.57,228.9,3825.87,361.97,In Transit,Paid
TRX00214,REQ00556,WST00141,C049,C014,2026-08-21,267.5,199.95,2230.38,438.06,In Transit,Paid
TRX00215,REQ00557,WST00141,C059,C014,2026-08-13,326.26,176.47,5111.66,740.19,In Transit,Pending
TRX00216,REQ00560,WST00142,C040,C014,2026-09-09,434.18,162.57,5166.63,914.18,Delivered,Paid
TRX00217,REQ00561,WST00143,C016,C014,2026-09-23,1092.04,169.68,12307.23,534.92,Scheduled,Paid
TRX00218,REQ00565,WST00144,C026,C014,2026-09-16,735.66,121.88,17845.54,774.4,In Transit,Partially Paid
TRX00219,REQ00566,WST00144,C031,C014,2026-08-25,997.91,137.39,20119.01,2068.11,Delivered,Paid
TRX00220,REQ00568,WST00145,C043,C014,2026-06-12,1011.32,219.74,11160.39,424.57,Scheduled,Paid
TRX00221,REQ00570,WST00145,C036,C014,2026-07-19,1175.05,249.28,19769.73,1990.07,Delivered,Paid
TRX00222,REQ00571,WST00145,C027,C014,2026-08-16,800.57,226.95,16695.25,1931.11,Delivered,Paid
TRX00223,REQ00577,WST00146,C048,C014,2026-09-15,3856.13,357.83,33842.72,4129.08,Delivered,Paid
TRX00224,REQ00581,WST00148,C017,C014,2026-06-03,437.6,408.81,6076.13,432.56,Delivered,Paid
TRX00225,REQ00582,WST00148,C013,C014,2026-05-30,515.13,445.38,7587.56,1202.59,Delivered,Paid
TRX00226,REQ00586,WST00149,C002,C014,2026-09-15,3296.36,443.62,56997.46,5887.83,In Transit,Paid
TRX00227,REQ00587,WST00149,C017,C014,2026-08-28,1202.96,427.84,22541.68,728.53,Delivered,Partially Paid
TRX00228,REQ00593,WST00150,C029,C014,2026-09-22,2106.61,299.17,28969.46,5237.95,Delivered,Paid
TRX00229,REQ00595,WST00151,C052,C014,2026-08-04,1897.44,428.15,24101.58,2323.88,Delivered,Paid
TRX00230,REQ00596,WST00151,C054,C014,2026-08-04,684.17,373.48,8165.72,1335.68,Delivered,Partially Paid
TRX00231,REQ00600,WST00153,C022,C014,2026-06-23,1694.69,395.86,29379.21,2498.06,Scheduled,Paid
TRX00232,REQ00603,WST00154,C016,C014,2026-07-20,3206.74,260.45,68882.7,4831.86,Delivered,Paid
TRX00233,REQ00604,WST00154,C059,C014,2026-06-08,1534.43,312.62,16173.82,3287.67,Delivered,Pending
TRX00234,REQ00607,WST00155,C052,C014,2026-08-22,1793.59,368.1,34230.02,1040.36,Delivered,Paid
TRX00235,REQ00609,WST00156,C018,C014,2026-08-31,1182.09,260.65,25762.88,821.53,In Transit,Paid
TRX00236,REQ00612,WST00157,C033,C015,2026-07-04,2591.53,18.44,43845.84,4915.92,In Transit,Paid
TRX00237,REQ00614,WST00158,C031,C015,2026-08-13,1241.22,292.7,14065.26,1513.07,Delivered,Paid
TRX00238,REQ00615,WST00158,C025,C015,2026-07-18,735.98,307.2,18029.55,1310.91,In Transit,Partially Paid
TRX00239,REQ00618,WST00158,C052,C015,2026-09-20,1708.24,307.14,14144.14,1331.16,Delivered,Pending
TRX00240,REQ00621,WST00159,C004,C015,2026-09-17,2599.66,278.24,21563.74,4556.67,Delivered,Paid
TRX00241,REQ00625,WST00160,C041,C015,2026-09-07,1013.11,280.17,12981.75,1148.32,Delivered,Paid
TRX00242,REQ00628,WST00160,C027,C015,2026-07-11,1152.74,300.87,21473.82,2435.27,Scheduled,Paid
TRX00243,REQ00631,WST00161,C033,C015,2026-09-24,2005.42,462.42,33087.35,2101.39,Delivered,Paid
TRX00244,REQ00632,WST00161,C007,C015,2026-06-22,1483.68,522.57,18477.87,1077.24,Delivered,Pending
TRX00245,REQ00635,WST00161,C003,C015,2026-08-03,1739.61,541.19,28964.24,2208.06,In Transit,Paid
TRX00246,REQ00651,WST00165,C045,C015,2026-09-28,2066.85,188.98,46367.04,4209.91,Delivered,Paid
TRX00247,REQ00654,WST00166,C049,C015,2026-09-17,2200.84,36.85,34022.13,3400.59,Scheduled,Partially Paid
TRX00248,REQ00655,WST00166,C010,C015,2026-07-21,1187.99,34.19,11818.36,1556.06,In Transit,Paid
TRX00249,REQ00658,WST00167,C057,C015,2026-08-05,2833.21,164.36,46407.21,4587.8,Delivered,Partially Paid
TRX00250,REQ00660,WST00167,C055,C015,2026-09-12,921.6,211.06,14739.99,1773.49,Scheduled,Pending
TRX00251,REQ00662,WST00168,C060,C015,2026-07-11,1248.15,17.06,13079.97,1190.97,Delivered,Paid
TRX00252,REQ00666,WST00168,C045,C015,2026-07-23,621.48,12.58,9743.1,640.94,Delivered,Paid
TRX00253,REQ00669,WST00169,C009,C015,2026-08-15,1250.88,251.2,10927.24,1314.99,Delivered,Paid
TRX00254,REQ00670,WST00169,C054,C015,2026-07-24,819.56,215.2,18462.51,1410.86,In Transit,Paid
TRX00255,REQ00675,WST00170,C003,C016,2026-09-09,1002.94,92.37,9721.21,2042.39,Delivered,Paid
TRX00256,REQ00677,WST00171,C045,C016,2026-08-05,1398.69,548.14,22078.46,702.01,Delivered,Paid
TRX00257,REQ00678,WST00171,C051,C016,2026-09-25,1344.26,484.21,14711.09,1019.5,Delivered,Partially Paid
TRX00258,REQ00683,WST00173,C001,C016,2026-09-14,1262.21,458.05,21058.64,2105.3,In Transit,Paid
TRX00259,REQ00686,WST00173,C013,C016,2026-08-29,1216.38,428.8,30000.05,1814.52,Delivered,Partially Paid
TRX00260,REQ00689,WST00174,C056,C016,2026-07-11,430.6,401.16,7823.41,376.56,In Transit,Paid
TRX00261,REQ00694,WST00176,C030,C016,2026-08-10,2385.79,348.42,26506.43,991.82,Scheduled,Paid
TRX00262,REQ00700,WST00178,C015,C016,2026-09-04,3015.71,356.23,58285.38,3873.68,Delivered,Paid
TRX00263,REQ00707,WST00181,C055,C016,2026-08-01,648.28,87.07,15026.22,731.22,Delivered,Paid
TRX00264,REQ00711,WST00182,C010,C016,2026-10-04,784.45,283.99,15147.31,558.69,Scheduled,Pending
TRX00265,REQ00713,WST00182,C056,C016,2026-07-17,620.59,273.74,13798.21,1549.43,Scheduled,Paid
TRX00266,REQ00716,WST00182,C020,C016,2026-07-17,775.04,309.63,10457.09,1926.51,Delivered,Paid
TRX00267,REQ00717,WST00183,C052,C016,2026-06-17,882.26,273.98,19702.69,1839.44,Delivered,Paid
TRX00268,REQ00720,WST00184,C036,C016,2026-05-29,303.25,12.25,2564.35,171.81,In Transit,Paid
TRX00269,REQ00722,WST00185,C005,C016,2026-06-27,3207.58,404.73,62444.26,2371.4,Delivered,Pending
TRX00270,REQ00723,WST00185,C015,C016,2026-09-02,3260.39,408.3,50619.7,2050.92,In Transit,Paid
TRX00271,REQ00724,WST00185,C039,C016,2026-09-01,1706.8,364.45,41831.23,3229.37,In Transit,Pending
TRX00272,REQ00726,WST00185,C043,C016,2026-06-22,3285.1,365.58,72153.98,1465.42,Delivered,Paid
TRX00273,REQ00732,WST00186,C057,C016,2026-06-24,3032.37,337.85,55453.39,3057.72,In Transit,Paid
TRX00274,REQ00743,WST00189,C048,C017,2026-09-18,3908.67,31.92,70780.63,8895.78,Delivered,Partially Paid
TRX00275,REQ00744,WST00189,C011,C017,2026-08-02,3725.26,28.78,70571.85,6607.95,Scheduled,Paid
TRX00276,REQ00747,WST00190,C032,C017,2026-08-06,3817.69,199.02,38344.58,9148.1,In Transit,Paid
TRX00277,REQ00748,WST00190,C025,C017,2026-09-26,3986.49,216.71,36771.9,2466.6,Scheduled,Partially Paid
TRX00278,REQ00749,WST00190,C045,C017,2026-08-05,1076.53,194.51,25139.74,1815.59,Scheduled,Paid
TRX00279,REQ00750,WST00190,C032,C017,2026-06-24,1196.4,208.31,22454.1,2886.58,Delivered,Partially Paid
TRX00280,REQ00752,WST00191,C008,C017,2026-07-11,2697.17,6.97,32081.03,6599.8,Scheduled,Paid
TRX00281,REQ00755,WST00191,C028,C017,2026-08-27,813.38,6.53,15473.59,1322.82,Scheduled,Paid
TRX00282,REQ00758,WST00192,C030,C017,2026-05-24,595.31,303.13,13416.22,278.22,Delivered,Paid
TRX00283,REQ00760,WST00192,C048,C017,2026-08-13,763.82,319.04,19083.27,1774.49,Delivered,Partially Paid
TRX00284,REQ00761,WST00192,C028,C017,2026-06-26,1000.13,345.68,19671.1,1652.37,Delivered,Pending
TRX00285,REQ00767,WST00194,C039,C017,2026-09-14,2157.47,149.66,18639.19,4316.66,Delivered,Pending
TRX00286,REQ00770,WST00195,C060,C017,2026-09-15,930.17,489.7,20942.65,1815.98,Delivered,Paid
TRX00287,REQ00772,WST00195,C048,C017,2026-07-14,2520.03,468.07,45191.94,6040.13,In Transit,Paid
TRX00288,REQ00774,WST00195,C004,C017,2026-07-23,1954.89,435.9,34361.31,3497.82,Delivered,Paid
TRX00289,REQ00775,WST00195,C049,C017,2026-08-02,2027.72,462.54,37565.53,1928.59,Delivered,Paid
TRX00290,REQ00777,WST00196,C054,C017,2026-07-17,1988.9,221.74,46698.09,3312.73,Delivered,Pending
TRX00291,REQ00779,WST00196,C045,C017,2026-06-02,2099.62,233.93,47869.76,1695.77,Delivered,Pending
TRX00292,REQ00780,WST00196,C040,C017,2026-08-31,1919.48,258.08,24810.38,1758.19,In Transit,Paid
TRX00293,REQ00781,WST00197,C009,C017,2026-08-22,2661.37,489.25,26257.88,3389.13,Delivered,Paid
TRX00294,REQ00783,WST00198,C041,C017,2026-06-11,797.36,364.36,16112.97,1518.89,Delivered,Partially Paid
TRX00295,REQ00785,WST00198,C035,C017,2026-09-10,1849.53,360.15,37113.46,929.94,Delivered,Paid
TRX00296,REQ00786,WST00199,C040,C017,2026-06-30,347.38,423.85,7259.41,190.06,In Transit,Paid
TRX00297,REQ00789,WST00200,C024,C017,2026-06-08,821.09,418.6,20276.0,805.1,Delivered,Partially Paid
TRX00298,REQ00791,WST00201,C019,C017,2026-09-08,1042.04,220.64,24076.41,913.65,In Transit,Pending
TRX00299,REQ00793,WST00202,C033,C017,2026-08-23,2065.51,363.67,34725.06,2446.54,Delivered,Paid
TRX00300,REQ00800,WST00205,C021,C017,2026-07-30,306.4,225.53,7135.01,450.06,Delivered,Paid
TRX00301,REQ00801,WST00205,C059,C017,2026-07-02,1043.74,235.45,20305.63,2196.8,In Transit,Pending
TRX00302,REQ00802,WST00205,C040,C017,2026-07-23,1082.22,210.41,24413.79,2703.12,Delivered,Partially Paid
TRX00303,REQ00803,WST00205,C038,C017,2026-08-20,828.73,216.04,19266.27,2025.44,Scheduled,Paid
TRX00304,REQ00808,WST00206,C006,C017,2026-08-11,1177.12,267.97,24544.95,1668.54,Delivered,Paid
TRX00305,REQ00809,WST00206,C019,C017,2026-07-24,2150.31,328.66,29371.09,5232.88,Delivered,Paid
TRX00306,REQ00811,WST00207,C044,C017,2026-10-03,1911.98,352.56,18267.92,2003.34,Delivered,Paid
TRX00307,REQ00814,WST00207,C058,C017,2026-09-05,1790.82,311.06,39010.46,2536.48,Delivered,Paid
TRX00308,REQ00816,WST00208,C021,C017,2026-08-30,1464.78,62.53,36187.91,2582.85,Delivered,Paid
TRX00309,REQ00818,WST00209,C048,C017,2026-06-08,1364.15,69.11,21309.84,2926.66,In Transit,Paid
TRX00310,REQ00819,WST00209,C039,C017,2026-06-10,629.73,70.26,13196.76,504.65,Delivered,Pending
TRX00311,REQ00820,WST00209,C032,C017,2026-09-29,1038.64,68.74,20440.93,1976.84,Delivered,Paid
TRX00312,REQ00821,WST00209,C041,C017,2026-08-04,1157.24,58.27,16239.59,2466.81,Scheduled,Partially Paid
TRX00313,REQ00823,WST00210,C026,C017,2026-06-06,4182.47,362.65,64253.76,6089.46,In Transit,Paid
TRX00314,REQ00825,WST00211,C034,C017,2026-06-14,2388.56,471.19,29185.69,3248.35,Scheduled,Paid
TRX00315,REQ00830,WST00212,C055,C018,2026-07-27,698.54,420.39,16046.33,1464.97,In Transit,Paid
TRX00316,REQ00834,WST00213,C046,C018,2026-09-27,491.23,121.12,7592.3,713.75,Scheduled,Paid
TRX00317,REQ00840,WST00214,C029,C018,2026-06-20,496.12,447.82,11876.7,1208.82,Delivered,Paid
TRX00318,REQ00841,WST00214,C024,C018,2026-07-07,771.01,450.84,8291.21,865.07,In Transit,Paid
TRX00319,REQ00844,WST00215,C060,C018,2026-06-02,3733.73,495.94,57656.55,6232.82,Delivered,Paid
TRX00320,REQ00848,WST00216,C005,C018,2026-07-03,1199.44,303.51,14446.73,979.36,In Transit,Paid
TRX00321,REQ00850,WST00217,C051,C018,2026-08-14,1418.23,275.79,12775.04,3350.43,Delivered,Paid
TRX00322,REQ00851,WST00217,C011,C018,2026-09-15,2092.66,270.18,24967.45,2637.05,Delivered,Paid
TRX00323,REQ00858,WST00219,C027,C018,2026-08-28,250.74,62.99,5215.66,611.45,Scheduled,Paid
TRX00324,REQ00860,WST00219,C015,C018,2026-08-23,332.45,63.61,7493.84,580.87,Delivered,Partially Paid
TRX00325,REQ00869,WST00220,C033,C018,2026-06-14,1211.26,144.22,26116.37,2585.05,Delivered,Paid
TRX00326,REQ00873,WST00221,C039,C018,2026-06-27,803.45,221.12,11042.84,1579.06,Delivered,Partially Paid
TRX00327,REQ00877,WST00222,C026,C018,2026-08-18,1790.45,115.83,14384.48,3169.54,In Transit,Pending
TRX00328,REQ00878,WST00222,C008,C018,2026-09-09,2085.23,118.4,37344.47,2949.91,Delivered,Paid
TRX00329,REQ00882,WST00223,C058,C018,2026-07-13,703.78,480.17,8018.93,932.01,Delivered,Paid
TRX00330,REQ00883,WST00223,C014,C018,2026-08-14,740.16,494.71,12097.22,1141.83,Delivered,Paid
TRX00331,REQ00884,WST00224,C021,C018,2026-06-13,2945.59,248.43,33658.12,5270.04,Scheduled,Paid
TRX00332,REQ00887,WST00225,C014,C018,2026-09-16,540.88,462.93,4621.42,1173.23,Delivered,Paid
TRX00333,REQ00889,WST00226,C011,C018,2026-06-02,610.64,253.34,7784.89,822.6,Scheduled,Paid
TRX00334,REQ00897,WST00227,C011,C018,2026-07-23,1142.81,232.82,13209.96,2714.59,Delivered,Paid
TRX00335,REQ00898,WST00227,C053,C018,2026-07-11,1131.9,241.78,26618.07,1983.06,In Transit,Paid
TRX00336,REQ00901,WST00228,C021,C018,2026-09-02,1709.85,308.87,27820.44,3253.13,Delivered,Paid
TRX00337,REQ00903,WST00228,C026,C018,2026-06-04,1747.06,326.79,30655.43,1196.62,Delivered,Pending
TRX00338,REQ00904,WST00229,C048,C018,2026-07-04,1216.14,349.18,19424.85,1650.68,Delivered,Pending
TRX00339,REQ00907,WST00229,C031,C018,2026-06-05,1552.53,414.58,18356.56,3442.35,Delivered,Pending
TRX00340,REQ00909,WST00230,C027,C018,2026-09-16,1914.81,146.34,46007.47,820.33,Scheduled,Paid
TRX00341,REQ00910,WST00230,C039,C018,2026-08-16,2377.4,156.36,46643.09,3090.3,Delivered,Paid
TRX00342,REQ00911,WST00231,C019,C018,2026-08-05,909.1,428.02,18953.13,732.87,Delivered,Paid
TRX00343,REQ00912,WST00231,C029,C018,2026-08-08,528.85,419.6,5331.12,1121.31,Scheduled,Paid
TRX00344,REQ00914,WST00231,C036,C018,2026-07-22,282.69,481.55,4786.4,555.35,Delivered,Paid
TRX00345,REQ00918,WST00232,C057,C018,2026-08-15,1017.72,365.15,19133.5,1937.35,In Transit,Paid
TRX00346,REQ00925,WST00234,C035,C018,2026-07-21,2609.43,151.94,59283.8,4596.68,Delivered,Paid
TRX00347,REQ00931,WST00236,C021,C019,2026-06-23,735.77,155.14,7775.51,826.62,In Transit,Paid
TRX00348,REQ00937,WST00237,C060,C019,2026-09-05,228.29,109.88,3821.51,466.89,Delivered,Paid
TRX00349,REQ00938,WST00237,C005,C019,2026-10-01,305.15,116.03,3426.55,648.5,Scheduled,Paid
TRX00350,REQ00939,WST00237,C006,C019,2026-08-27,389.56,124.8,5022.28,568.55,Delivered,Paid
TRX00351,REQ00940,WST00237,C031,C019,2026-07-24,154.98,104.08,3138.67,261.94,Scheduled,Pending
TRX00352,REQ00941,WST00238,C056,C019,2026-05-24,425.25,93.28,6390.57,421.5,Delivered,Paid
TRX00353,REQ00943,WST00238,C028,C019,2026-07-13,382.42,82.78,9030.92,401.34,Scheduled,Paid
TRX00354,REQ00946,WST00240,C048,C019,2026-08-14,799.13,209.76,16489.53,989.28,Delivered,Paid
TRX00355,REQ00955,WST00243,C033,C019,2026-09-28,1641.73,518.82,20511.21,3287.58,Delivered,Paid
TRX00356,REQ00957,WST00243,C045,C019,2026-09-07,1979.64,533.6,37605.83,1823.95,Scheduled,Paid
TRX00357,REQ00958,WST00243,C033,C019,2026-09-01,2930.97,436.33,64186.47,6718.63,Delivered,Paid
TRX00358,REQ00961,WST00244,C055,C019,2026-09-22,1920.07,419.5,20496.14,4763.2,Delivered,Paid
TRX00359,REQ00963,WST00244,C033,C019,2026-09-03,2527.61,353.19,31781.6,4393.38,Delivered,Pending
TRX00360,REQ00969,WST00245,C046,C019,2026-07-02,2770.31,305.84,61237.49,3108.19,Delivered,Paid
TRX00361,REQ00973,WST00246,C054,C019,2026-06-26,1432.48,282.26,30016.07,1771.83,Delivered,Paid
TRX00362,REQ00978,WST00248,C053,C019,2026-06-25,147.7,299.38,2487.98,166.89,In Transit,Paid
TRX00363,REQ00980,WST00249,C006,C019,2026-07-27,561.1,232.36,8337.13,501.42,Delivered,Paid
TRX00364,REQ00982,WST00249,C003,C019,2026-06-19,542.47,298.4,9690.22,276.02,Delivered,Paid
TRX00365,REQ00985,WST00250,C051,C019,2026-06-17,1945.48,91.87,22569.7,1764.55,Delivered,Paid
TRX00366,REQ00987,WST00251,C008,C019,2026-07-13,2033.24,433.46,41265.99,2577.1,In Transit,Paid
TRX00367,REQ00994,WST00252,C035,C019,2026-06-07,3121.98,450.91,50744.95,6119.93,Delivered,Paid
TRX00368,REQ00996,WST00253,C012,C019,2026-09-15,2281.4,157.12,23379.71,1664.04,Delivered,Paid
TRX00369,REQ01004,WST00255,C002,C020,2026-08-08,504.85,386.32,7758.48,749.58,Delivered,Paid
TRX00370,REQ01011,WST00258,C006,C020,2026-07-17,3657.56,151.83,42220.79,6150.18,Scheduled,Paid
TRX00371,REQ01013,WST00258,C007,C020,2026-09-10,1982.18,132.8,39713.69,1505.44,Delivered,Paid
TRX00372,REQ01017,WST00259,C028,C020,2026-09-20,3875.43,104.72,59097.92,8896.46,Scheduled,Partially Paid
TRX00373,REQ01020,WST00260,C041,C020,2026-09-30,253.87,40.21,3998.94,537.27,Delivered,Paid
TRX00374,REQ01022,WST00261,C056,C020,2026-08-21,62.21,49.51,879.49,91.18,Delivered,Paid
TRX00375,REQ01023,WST00261,C002,C020,2026-07-03,32.01,57.94,449.21,28.44,Delivered,Partially Paid
TRX00376,REQ01024,WST00261,C035,C020,2026-06-14,48.42,50.1,491.06,19.39,Delivered,Paid
TRX00377,REQ01026,WST00261,C028,C020,2026-08-23,105.17,58.94,2104.66,135.53,In Transit,Paid
TRX00378,REQ01027,WST00261,C016,C020,2026-06-14,71.23,59.49,827.87,130.3,Delivered,Paid
TRX00379,REQ01029,WST00262,C027,C020,2026-09-18,1349.51,256.62,30131.94,2172.61,Delivered,Paid
TRX00380,REQ01032,WST00264,C046,C020,2026-08-10,736.87,404.68,15720.5,1487.72,Delivered,Paid
TRX00381,REQ01033,WST00264,C004,C020,2026-08-15,1384.25,321.57,24751.13,2565.84,Delivered,Partially Paid
TRX00382,REQ01035,WST00264,C034,C020,2026-07-30,813.24,326.78,8741.45,1123.16,Delivered,Pending
TRX00383,REQ01037,WST00265,C019,C020,2026-05-28,1786.67,321.89,17846.43,1138.38,Scheduled,Pending
TRX00384,REQ01039,WST00266,C015,C020,2026-08-16,527.62,328.71,8555.34,594.36,Delivered,Paid
TRX00385,REQ01040,WST00267,C051,C021,2026-06-12,1380.57,69.16,32733.19,2871.76,Delivered,Paid
TRX00386,REQ01041,WST00267,C037,C021,2026-07-06,3123.98,66.7,62365.96,5618.87,Scheduled,Paid
TRX00387,REQ01046,WST00269,C018,C021,2026-08-05,933.07,87.87,10778.11,1449.37,In Transit,Paid
TRX00388,REQ01047,WST00269,C005,C021,2026-08-22,528.31,72.78,7948.27,249.5,Delivered,Paid
TRX00389,REQ01052,WST00270,C054,C021,2026-06-12,585.31,547.83,8489.88,876.33,Delivered,Pending
TRX00390,REQ01054,WST00271,C012,C021,2026-08-27,3371.62,385.34,70251.72,5946.79,Delivered,Paid
TRX00391,REQ01056,WST00271,C032,C021,2026-08-31,3698.25,312.27,73933.46,4137.37,Delivered,Paid
TRX00392,REQ01057,WST00271,C040,C021,2026-07-25,2512.93,329.76,53959.66,3679.85,Delivered,Paid
TRX00393,REQ01058,WST00271,C026,C021,2026-09-03,2501.18,310.74,42671.66,5297.32,Delivered,Paid
TRX00394,REQ01059,WST00272,C027,C021,2026-09-14,735.51,85.78,14035.62,1123.87,Delivered,Paid
TRX00395,REQ01060,WST00272,C053,C021,2026-08-09,649.38,93.03,9385.16,551.69,Delivered,Paid
TRX00396,REQ01061,WST00272,C002,C021,2026-08-18,173.55,79.89,4095.46,328.24,Scheduled,Paid
TRX00397,REQ01063,WST00273,C037,C021,2026-08-02,870.28,262.65,19574.16,2027.65,Delivered,Paid
TRX00398,REQ01064,WST00273,C022,C021,2026-06-28,533.08,250.87,11697.42,1048.57,Delivered,Pending
TRX00399,REQ01066,WST00273,C060,C021,2026-05-29,596.53,234.38,12663.07,247.43,Delivered,Paid
TRX00400,REQ01067,WST00273,C032,C021,2026-09-21,382.61,256.1,4944.02,686.64,Delivered,Paid
TRX00401,REQ01069,WST00274,C043,C021,2026-06-07,288.24,132.98,3565.41,652.99,In Transit,Paid
TRX00402,REQ01070,WST00274,C018,C021,2026-07-09,832.54,141.17,9574.03,408.26,Delivered,Paid
TRX00403,REQ01071,WST00274,C010,C021,2026-05-30,605.44,137.89,5706.09,1054.16,Delivered,Paid
TRX00404,REQ01074,WST00275,C009,C021,2026-06-19,483.8,456.31,4230.51,415.28,Delivered,Pending
TRX00405,REQ01075,WST00275,C050,C021,2026-07-11,428.41,426.43,9028.17,505.49,Delivered,Paid
TRX00406,REQ01076,WST00276,C008,C022,2026-08-30,2952.75,386.96,39270.97,5980.81,Delivered,Paid
TRX00407,REQ01079,WST00276,C024,C022,2026-06-30,809.77,358.22,16468.59,608.1,Delivered,Paid
TRX00408,REQ01082,WST00277,C019,C022,2026-08-24,386.47,267.31,4946.97,933.93,Scheduled,Paid
TRX00409,REQ01083,WST00277,C042,C022,2026-06-26,203.49,261.57,2365.74,108.54,Delivered,Paid
TRX00410,REQ01084,WST00278,C008,C022,2026-08-08,2000.08,134.36,25114.06,1045.15,Delivered,Paid
TRX00411,REQ01085,WST00278,C025,C022,2026-06-12,1024.49,127.91,19642.46,1251.92,Scheduled,Paid
TRX00412,REQ01087,WST00279,C020,C022,2026-08-01,528.28,341.0,12744.19,1176.69,Scheduled,Paid
TRX00413,REQ01091,WST00280,C049,C022,2026-06-28,1878.87,308.91,44360.92,3560.68,Delivered,Paid
TRX00414,REQ01094,WST00281,C057,C022,2026-08-28,2387.75,303.66,35446.03,1486.37,Delivered,Paid
TRX00415,REQ01095,WST00281,C015,C022,2026-08-27,1628.06,282.52,24671.9,3442.41,In Transit,Paid
TRX00416,REQ01097,WST00282,C037,C022,2026-07-27,2145.1,29.34,26191.39,1371.39,Delivered,Paid
TRX00417,REQ01098,WST00283,C028,C022,2026-08-13,1947.07,33.07,38918.49,3108.67,In Transit,Partially Paid
TRX00418,REQ01100,WST00283,C033,C022,2026-08-28,1226.2,34.01,27171.64,2189.64,Delivered,Paid
TRX00419,REQ01104,WST00285,C036,C022,2026-08-17,1617.76,207.79,34163.17,2973.59,Delivered,Partially Paid
TRX00420,REQ01105,WST00285,C003,C022,2026-10-05,2339.3,230.47,53414.71,4486.78,Delivered,Pending
TRX00421,REQ01106,WST00285,C049,C022,2026-08-11,2006.1,214.0,45664.7,2840.4,Delivered,Paid
TRX00422,REQ01108,WST00285,C006,C022,2026-07-09,1009.94,212.47,18857.0,424.19,Delivered,Paid
TRX00423,REQ01113,WST00287,C031,C022,2026-06-24,3719.53,367.18,57738.08,3037.31,Delivered,Pending
TRX00424,REQ01116,WST00287,C039,C022,2026-07-31,2572.38,382.06,54745.3,1542.61,Delivered,Paid
TRX00425,REQ01119,WST00288,C020,C022,2026-08-09,1844.57,181.65,22803.34,3328.31,Delivered,Paid
TRX00426,REQ01122,WST00289,C039,C022,2026-07-16,456.12,15.6,9554.62,620.34,In Transit,Paid
TRX00427,REQ01123,WST00289,C055,C022,2026-06-13,477.34,12.17,11150.89,494.54,Delivered,Pending
TRX00428,REQ01127,WST00290,C002,C022,2026-09-21,2176.1,314.77,45641.36,2536.25,Delivered,Paid
TRX00429,REQ01129,WST00290,C017,C022,2026-08-29,1437.67,356.33,25235.54,760.6,Delivered,Paid
TRX00430,REQ01135,WST00292,C053,C022,2026-05-30,482.46,422.48,7536.15,666.3,Delivered,Paid
TRX00431,REQ01142,WST00294,C051,C022,2026-08-18,1061.61,272.5,11609.15,2082.15,In Transit,Paid
TRX00432,REQ01143,WST00294,C024,C022,2026-09-21,452.91,270.91,8349.22,672.94,Scheduled,Paid
TRX00433,REQ01146,WST00295,C032,C022,2026-07-15,3392.58,45.67,56209.46,7538.6,Delivered,Paid
TRX00434,REQ01151,WST00297,C026,C022,2026-09-21,851.24,122.42,21165.96,652.31,Delivered,Pending
TRX00435,REQ01152,WST00297,C042,C022,2026-09-15,2945.93,109.49,66666.09,3234.84,Delivered,Paid
TRX00436,REQ01154,WST00297,C016,C022,2026-07-07,2053.05,113.21,41825.27,3332.41,Delivered,Partially Paid
TRX00437,REQ01156,WST00298,C039,C022,2026-07-31,369.81,352.43,7975.36,334.99,Delivered,Paid
TRX00438,REQ01157,WST00298,C004,C022,2026-08-27,519.85,328.65,11957.68,1274.52,Delivered,Paid
TRX00439,REQ01158,WST00298,C045,C022,2026-09-29,283.57,306.08,3200.56,585.1,Delivered,Paid
TRX00440,REQ01163,WST00299,C005,C022,2026-08-04,1339.25,88.28,28345.43,2974.57,Delivered,Partially Paid
TRX00441,REQ01165,WST00300,C029,C023,2026-06-15,1697.78,236.54,30067.11,1586.46,In Transit,Paid
TRX00442,REQ01166,WST00300,C020,C023,2026-07-28,2078.85,220.95,31612.79,2233.19,Delivered,Paid
TRX00443,REQ01170,WST00301,C029,C023,2026-09-17,861.82,141.22,7227.62,1462.62,Delivered,Paid
TRX00444,REQ01171,WST00301,C053,C023,2026-07-10,884.46,174.19,17852.69,730.09,Delivered,Paid
TRX00445,REQ01172,WST00302,C030,C023,2026-09-19,2746.9,337.49,30615.65,1696.87,In Transit,Pending
TRX00446,REQ01177,WST00303,C056,C023,2026-07-14,4714.76,304.72,48364.47,11732.56,Delivered,Paid
TRX00447,REQ01181,WST00304,C051,C023,2026-08-04,730.28,487.37,16151.31,307.26,Delivered,Paid
TRX00448,REQ01185,WST00305,C057,C023,2026-07-14,349.64,381.46,6966.39,712.72,Delivered,Paid
TRX00449,REQ01187,WST00306,C048,C023,2026-08-08,403.73,487.74,8877.88,954.89,Delivered,Paid
TRX00450,REQ01188,WST00307,C025,C023,2026-08-10,910.25,434.16,13580.78,1018.51,Scheduled,Paid
TRX00451,REQ01189,WST00307,C002,C023,2026-07-31,1778.88,336.9,21203.22,3260.87,Delivered,Pending
TRX00452,REQ01190,WST00307,C050,C023,2026-07-28,1168.71,385.95,18280.49,886.35,Delivered,Paid
TRX00453,REQ01200,WST00309,C054,C023,2026-06-16,1993.38,376.03,26092.02,3842.66,Delivered,Paid
TRX00454,REQ01201,WST00309,C057,C023,2026-08-17,995.98,372.64,16481.07,526.96,Delivered,Paid
TRX00455,REQ01204,WST00310,C003,C024,2026-09-11,435.45,333.18,5374.3,758.1,Delivered,Paid
TRX00456,REQ01205,WST00311,C060,C024,2026-06-28,1560.39,380.08,14584.11,3684.98,Delivered,Partially Paid
TRX00457,REQ01207,WST00312,C046,C024,2026-08-20,661.6,200.48,11794.03,1129.3,Delivered,Paid
TRX00458,REQ01210,WST00312,C056,C024,2026-06-22,682.2,196.07,16611.5,1680.62,Delivered,Paid
TRX00459,REQ01213,WST00313,C045,C024,2026-08-31,592.19,22.82,5106.57,1013.14,Delivered,Paid
TRX00460,REQ01216,WST00313,C018,C024,2026-07-18,423.84,28.05,4315.65,567.82,Delivered,Paid
TRX00461,REQ01219,WST00314,C025,C024,2026-07-18,2856.45,118.15,27215.83,1218.78,Delivered,Pending
TRX00462,REQ01222,WST00314,C053,C024,2026-09-06,700.62,129.25,14028.3,1015.67,Delivered,Partially Paid
TRX00463,REQ01223,WST00315,C053,C024,2026-08-12,3623.94,94.09,31958.39,4938.06,Delivered,Paid
TRX00464,REQ01225,WST00315,C054,C024,2026-07-06,1612.45,104.31,31574.55,1740.8,Delivered,Paid
TRX00465,REQ01229,WST00316,C009,C024,2026-07-09,940.64,65.19,8572.37,1691.66,Delivered,Paid
TRX00466,REQ01230,WST00316,C006,C024,2026-08-14,1367.19,65.19,11884.99,983.67,Delivered,Paid
TRX00467,REQ01231,WST00316,C056,C024,2026-06-15,440.42,65.86,6867.58,966.04,Delivered,Paid
TRX00468,REQ01232,WST00317,C051,C024,2026-09-09,1073.39,82.1,14342.16,2224.84,Delivered,Paid
TRX00469,REQ01237,WST00318,C052,C024,2026-06-12,1088.86,55.67,26402.07,1207.36,Delivered,Paid
TRX00470,REQ01238,WST00318,C009,C024,2026-06-15,1352.87,49.85,24657.54,1573.5,In Transit,Paid
TRX00471,REQ01241,WST00319,C042,C024,2026-08-17,191.68,423.8,3491.03,131.34,Delivered,Paid
TRX00472,REQ01245,WST00320,C026,C024,2026-07-24,196.63,443.52,2503.44,292.19,Delivered,Paid
TRX00473,REQ01249,WST00321,C023,C024,2026-09-28,1367.64,441.15,16591.01,1922.37,Delivered,Paid
TRX00474,REQ01250,WST00321,C058,C024,2026-08-10,609.88,524.73,9600.78,439.25,In Transit,Paid
TRX00475,REQ01261,WST00324,C008,C024,2026-07-02,230.48,198.93,5650.15,446.68,Delivered,Paid
TRX00476,REQ01262,WST00324,C042,C024,2026-08-28,570.33,212.65,14244.76,384.74,Delivered,Paid
TRX00477,REQ01263,WST00325,C050,C024,2026-08-28,1404.31,150.86,23812.54,859.88,Delivered,Pending
TRX00478,REQ01266,WST00325,C060,C024,2026-09-11,2048.0,155.42,38259.81,1887.43,Delivered,Paid
TRX00479,REQ01271,WST00326,C017,C024,2026-09-12,3850.34,300.48,61247.04,7555.26,Delivered,Paid
TRX00480,REQ01272,WST00327,C002,C024,2026-06-10,2266.12,279.62,39768.9,4973.52,Delivered,Partially Paid
TRX00481,REQ01273,WST00327,C048,C024,2026-08-13,3475.65,229.94,70427.14,2591.56,Delivered,Pending
TRX00482,REQ01274,WST00327,C033,C024,2026-09-24,2134.26,277.51,33547.68,4786.17,Delivered,Paid
TRX00483,REQ01275,WST00327,C039,C024,2026-08-23,2840.55,222.36,56746.44,2042.48,Delivered,Partially Paid
TRX00484,REQ01281,WST00330,C013,C024,2026-09-10,4267.67,538.02,69621.21,7303.56,In Transit,Paid
TRX00485,REQ01282,WST00330,C018,C024,2026-06-20,1104.18,437.12,12111.45,516.17,Delivered,Paid
TRX00486,REQ01283,WST00330,C019,C024,2026-06-24,2237.73,416.19,36811.07,3895.34,Scheduled,Paid
TRX00487,REQ01286,WST00331,C027,C024,2026-06-19,988.12,352.69,8964.11,1675.3,Delivered,Partially Paid
TRX00488,REQ01290,WST00333,C034,C025,2026-09-16,1178.87,278.81,19283.65,502.02,In Transit,Paid
TRX00489,REQ01292,WST00334,C045,C025,2026-07-24,1624.89,346.11,19688.53,2774.59,In Transit,Partially Paid
TRX00490,REQ01293,WST00334,C017,C025,2026-09-24,1525.58,369.31,20112.3,1265.8,Delivered,Paid
TRX00491,REQ01297,WST00335,C026,C025,2026-09-02,2678.3,77.13,57723.99,6487.63,Delivered,Partially Paid
TRX00492,REQ01300,WST00336,C015,C025,2026-08-10,2501.15,369.16,37812.4,6037.18,Delivered,Pending
TRX00493,REQ01304,WST00336,C007,C025,2026-06-11,1061.68,286.04,11746.03,1362.07,Delivered,Paid
TRX00494,REQ01309,WST00338,C060,C025,2026-07-15,99.05,81.01,1313.64,136.31,In Transit,Paid
TRX00495,REQ01312,WST00339,C020,C025,2026-08-28,1863.84,119.07,27506.66,830.0,Delivered,Paid
TRX00496,REQ01315,WST00339,C048,C025,2026-07-09,1076.24,131.95,16806.22,1504.43,Delivered,Pending
TRX00497,REQ01316,WST00339,C059,C025,2026-06-09,642.41,132.17,14489.47,981.93,Delivered,Paid
TRX00498,REQ01317,WST00339,C048,C025,2026-09-05,1177.87,146.0,23073.24,1506.38,Delivered,Pending
TRX00499,REQ01318,WST00340,C039,C025,2026-08-16,1881.39,40.05,25633.87,1948.3,Scheduled,Paid
TRX00500,REQ01322,WST00340,C060,C025,2026-06-23,3731.51,39.83,79615.23,4205.36,Delivered,Paid
TRX00501,REQ01323,WST00340,C053,C025,2026-07-01,4210.53,37.34,77027.54,4725.89,Scheduled,Pending
TRX00502,REQ01324,WST00341,C007,C025,2026-09-06,1055.22,306.64,24835.37,1495.0,Scheduled,Paid
TRX00503,REQ01325,WST00341,C047,C025,2026-06-21,288.5,255.58,6453.96,298.86,Scheduled,Paid
TRX00504,REQ01329,WST00341,C008,C025,2026-07-19,567.31,321.7,5006.62,1027.44,In Transit,Paid
TRX00505,REQ01334,WST00342,C033,C025,2026-07-03,490.12,296.38,8310.41,737.22,In Transit,Paid
TRX00506,REQ01336,WST00343,C015,C025,2026-07-13,186.64,178.43,2001.08,435.24,In Transit,Paid
TRX00507,REQ01338,WST00343,C001,C025,2026-08-21,129.04,188.99,2905.51,175.84,Delivered,Paid
TRX00508,REQ01339,WST00343,C002,C025,2026-06-02,389.96,197.98,5154.46,399.7,In Transit,Paid
TRX00509,REQ01341,WST00343,C024,C025,2026-08-03,379.33,220.37,9004.73,366.1,Delivered,Paid
TRX00510,REQ01344,WST00344,C040,C025,2026-09-03,80.92,49.41,926.95,130.83,In Transit,Pending
TRX00511,REQ01347,WST00344,C052,C025,2026-09-03,188.1,56.12,4648.2,188.31,Delivered,Paid
TRX00512,REQ01348,WST00345,C001,C025,2026-08-30,2378.81,251.36,29435.93,4582.13,Scheduled,Partially Paid
TRX00513,REQ01351,WST00345,C049,C025,2026-06-18,1354.07,222.34,28559.5,3024.66,Scheduled,Partially Paid
TRX00514,REQ01353,WST00345,C001,C025,2026-08-30,1006.22,280.33,19122.58,1473.14,Delivered,Paid
TRX00515,REQ01355,WST00346,C054,C025,2026-06-08,1410.99,169.95,34423.41,1306.56,Delivered,Paid
TRX00516,REQ01357,WST00347,C021,C025,2026-08-25,132.21,267.0,2756.11,314.17,Delivered,Paid
TRX00517,REQ01362,WST00348,C028,C025,2026-08-16,2196.76,348.48,19465.82,2324.36,Scheduled,Pending
TRX00518,REQ01364,WST00349,C023,C025,2026-07-28,850.66,221.03,7709.57,427.98,In Transit,Pending
TRX00519,REQ01365,WST00349,C036,C025,2026-08-20,3511.3,209.96,78909.14,2079.79,Delivered,Paid
TRX00520,REQ01366,WST00349,C020,C025,2026-07-19,1227.96,171.52,21165.56,593.17,In Transit,Paid
TRX00521,REQ01367,WST00349,C028,C025,2026-09-14,1527.9,185.12,15071.43,2141.43,In Transit,Paid
TRX00522,REQ01374,WST00351,C032,C026,2026-07-12,454.81,17.9,7161.8,492.42,Delivered,Paid
TRX00523,REQ01375,WST00352,C043,C026,2026-06-23,2769.28,59.92,24412.33,1482.47,Delivered,Paid
TRX00524,REQ01376,WST00352,C040,C026,2026-07-08,3532.14,62.45,29241.24,5610.47,In Transit,Paid
TRX00525,REQ01377,WST00352,C015,C026,2026-09-08,1915.39,56.34,25557.65,1789.67,Delivered,Partially Paid
TRX00526,REQ01379,WST00353,C046,C026,2026-09-01,1548.7,124.9,22905.6,1956.49,Delivered,Paid
TRX00527,REQ01381,WST00354,C004,C026,2026-07-16,664.28,135.03,11424.77,1029.52,Delivered,Paid
TRX00528,REQ01385,WST00355,C007,C026,2026-09-05,562.75,178.05,6286.98,557.55,Delivered,Paid
TRX00529,REQ01394,WST00357,C027,C026,2026-07-18,488.43,56.05,7898.06,1010.97,Scheduled,Pending
TRX00530,REQ01395,WST00358,C035,C026,2026-08-28,295.43,45.6,5825.07,175.19,Delivered,Partially Paid
TRX00531,REQ01397,WST00359,C020,C026,2026-06-15,4008.13,342.62,78303.23,5467.95,In Transit,Paid
TRX00532,REQ01400,WST00359,C046,C026,2026-08-31,2074.87,320.1,24173.96,988.09,Scheduled,Paid
TRX00533,REQ01401,WST00360,C030,C026,2026-08-11,753.12,196.93,7159.17,1865.38,Delivered,Paid
TRX00534,REQ01402,WST00360,C058,C026,2026-08-19,894.04,190.77,20903.32,477.02,Delivered,Paid
TRX00535,REQ01403,WST00360,C057,C026,2026-06-29,731.23,163.53,13453.14,1080.09,In Transit,Paid
TRX00536,REQ01409,WST00362,C011,C026,2026-08-28,644.23,107.13,13844.38,923.77,In Transit,Paid
TRX00537,REQ01412,WST00363,C005,C026,2026-09-19,398.67,184.43,4943.61,746.92,Delivered,Paid
TRX00538,REQ01415,WST00364,C053,C026,2026-08-05,900.14,393.75,16921.7,1665.23,In Transit,Paid
TRX00539,REQ01416,WST00364,C039,C026,2026-06-12,2541.99,447.94,31940.81,5735.34,Delivered,Partially Paid
TRX00540,REQ01423,WST00366,C028,C026,2026-09-14,1436.23,117.93,27131.88,2029.43,Delivered,Paid
TRX00541,REQ01431,WST00367,C059,C026,2026-08-26,1021.25,528.36,10943.88,936.54,Delivered,Paid
TRX00542,REQ01437,WST00369,C006,C027,2026-06-18,3618.12,165.03,83942.95,2765.05,Delivered,Paid
TRX00543,REQ01441,WST00370,C048,C027,2026-06-15,1440.14,208.34,18728.37,1383.27,Delivered,Paid
TRX00544,REQ01442,WST00370,C002,C027,2026-06-09,3996.99,194.23,75262.99,1768.96,Delivered,Paid
TRX00545,REQ01448,WST00371,C051,C027,2026-09-04,4145.53,340.95,34453.3,3741.25,Delivered,Paid
TRX00546,REQ01450,WST00372,C020,C027,2026-06-27,232.19,460.01,3536.03,419.7,Delivered,Paid
TRX00547,REQ01453,WST00372,C024,C027,2026-08-18,132.34,366.26,3283.97,302.33,Scheduled,Paid
TRX00548,REQ01454,WST00372,C058,C027,2026-07-26,330.56,357.66,2832.92,818.65,Delivered,Pending
TRX00549,REQ01455,WST00372,C032,C027,2026-09-03,212.18,458.72,1747.16,258.6,Delivered,Pending
TRX00550,REQ01456,WST00373,C041,C027,2026-07-30,2045.69,370.23,32426.16,2137.65,Scheduled,Paid
TRX00551,REQ01459,WST00373,C022,C027,2026-09-02,1621.0,470.29,37376.56,1116.5,Delivered,Paid
TRX00552,REQ01461,WST00373,C003,C027,2026-09-23,1577.77,365.38,21400.83,723.16,In Transit,Paid
TRX00553,REQ01467,WST00375,C018,C027,2026-07-01,3001.44,231.43,50821.56,1388.47,In Transit,Partially Paid
TRX00554,REQ01470,WST00376,C050,C027,2026-08-23,1081.38,505.94,21487.89,1695.95,In Transit,Paid
TRX00555,REQ01474,WST00377,C050,C027,2026-07-18,176.84,318.68,2683.39,111.24,Delivered,Paid
TRX00556,REQ01476,WST00378,C018,C027,2026-06-21,642.82,391.94,14971.11,1235.22,Delivered,Paid
TRX00557,REQ01477,WST00379,C041,C027,2026-08-20,2180.95,300.21,54203.07,2853.29,Delivered,Paid
TRX00558,REQ01478,WST00379,C028,C027,2026-05-23,1475.17,266.76,35932.13,1895.69,Delivered,Paid
TRX00559,REQ01480,WST00380,C045,C027,2026-07-05,3561.82,148.97,47598.97,4631.11,Delivered,Paid
TRX00560,REQ01484,WST00382,C039,C027,2026-06-06,1243.92,315.62,18344.11,604.63,Delivered,Paid
TRX00561,REQ01485,WST00382,C043,C027,2026-08-02,828.61,335.73,10048.01,1861.13,In Transit,Paid
TRX00562,REQ01488,WST00382,C022,C027,2026-07-08,1985.29,298.74,47193.38,3816.86,Scheduled,Paid
TRX00563,REQ01489,WST00383,C045,C027,2026-09-18,389.56,329.83,6984.68,159.04,Delivered,Partially Paid
TRX00564,REQ01498,WST00385,C037,C027,2026-09-15,149.29,528.11,2462.26,89.66,Delivered,Pending
TRX00565,REQ01501,WST00386,C041,C027,2026-09-14,1440.1,88.1,13832.67,1099.28,Scheduled,Paid
TRX00566,REQ01505,WST00387,C030,C027,2026-09-08,4011.4,112.48,42210.46,8035.78,Delivered,Paid
TRX00567,REQ01506,WST00387,C019,C027,2026-09-06,2086.08,102.15,43264.75,3482.2,Scheduled,Paid
TRX00568,REQ01511,WST00389,C009,C027,2026-07-20,727.08,302.74,12392.55,516.41,In Transit,Paid
TRX00569,REQ01515,WST00390,C016,C027,2026-06-22,3791.09,280.88,40417.73,7692.26,Delivered,Paid
TRX00570,REQ01519,WST00391,C011,C027,2026-09-06,1136.0,128.4,27707.01,1841.31,Delivered,Paid
TRX00571,REQ01520,WST00391,C060,C027,2026-06-25,3474.46,131.29,36642.25,4783.85,Delivered,Paid
TRX00572,REQ01522,WST00391,C024,C027,2026-09-24,3095.28,114.11,25664.67,6958.99,Delivered,Paid
TRX00573,REQ01526,WST00392,C009,C027,2026-07-28,1005.03,62.42,22304.05,1081.75,Delivered,Pending
TRX00574,REQ01528,WST00392,C037,C027,2026-08-06,463.95,61.37,8473.93,1032.94,Delivered,Paid
TRX00575,REQ01530,WST00393,C057,C027,2026-07-20,2667.22,452.84,31944.74,2196.87,Scheduled,Paid
TRX00576,REQ01531,WST00393,C001,C027,2026-08-08,2255.18,536.94,27364.27,3744.67,Delivered,Paid
TRX00577,REQ01533,WST00394,C039,C027,2026-09-28,1464.85,355.48,27245.8,1861.1,Delivered,Pending
TRX00578,REQ01534,WST00394,C023,C027,2026-06-23,1453.6,376.99,26948.87,3500.86,Delivered,Paid
TRX00579,REQ01535,WST00394,C040,C027,2026-08-26,1327.02,400.74,12032.85,2812.5,Delivered,Paid
TRX00580,REQ01536,WST00394,C023,C027,2026-08-28,1376.75,430.1,14519.85,1085.99,Delivered,Paid
TRX00581,REQ01541,WST00395,C022,C027,2026-06-30,304.71,312.62,4627.51,680.35,In Transit,Paid
TRX00582,REQ01544,WST00396,C023,C027,2026-09-06,1172.12,205.42,28350.5,2080.83,Delivered,Paid
TRX00583,REQ01546,WST00396,C058,C027,2026-06-13,1385.47,252.19,32081.26,623.53,Delivered,Pending
TRX00584,REQ01548,WST00397,C045,C027,2026-07-05,1804.62,253.31,16176.7,4305.08,Delivered,Paid
TRX00585,REQ01549,WST00397,C045,C027,2026-07-08,898.55,284.65,14804.72,1162.68,Delivered,Paid
TRX00586,REQ01552,WST00398,C042,C027,2026-07-15,374.44,239.28,4218.27,180.81,Delivered,Paid
TRX00587,REQ01553,WST00398,C009,C027,2026-06-23,685.39,230.41,13689.22,830.78,Delivered,Paid
TRX00588,REQ01554,WST00398,C009,C027,2026-07-14,1027.0,216.86,19991.25,781.29,Delivered,Paid
TRX00589,REQ01555,WST00398,C025,C027,2026-06-24,871.53,217.67,9229.04,885.23,In Transit,Paid
TRX00590,REQ01557,WST00399,C059,C028,2026-08-24,355.19,138.07,7233.16,652.38,In Transit,Paid
TRX00591,REQ01566,WST00401,C019,C028,2026-09-12,1592.32,252.09,27141.18,3910.08,Scheduled,Paid
TRX00592,REQ01570,WST00403,C040,C028,2026-09-06,540.81,17.95,5940.45,832.9,Delivered,Paid
TRX00593,REQ01575,WST00404,C001,C028,2026-08-25,1027.7,307.77,21247.78,1720.67,Delivered,Paid
TRX00594,REQ01578,WST00406,C057,C028,2026-08-14,1139.12,404.88,16107.44,1914.99,Delivered,Paid
TRX00595,REQ01579,WST00406,C050,C028,2026-06-22,526.39,425.96,11527.01,642.47,In Transit,Paid
TRX00596,REQ01580,WST00406,C031,C028,2026-06-15,1127.84,428.69,22101.84,655.23,Delivered,Pending
TRX00597,REQ01581,WST00407,C031,C028,2026-07-03,2654.89,94.35,37403.09,5846.52,Delivered,Paid
TRX00598,REQ01584,WST00407,C030,C028,2026-09-10,2180.03,114.69,41174.47,3903.16,Scheduled,Paid
TRX00599,REQ01585,WST00407,C053,C028,2026-09-19,2254.28,116.15,27175.32,1052.14,Delivered,Paid
TRX00600,REQ01586,WST00407,C059,C028,2026-08-21,1250.83,99.7,27904.9,2623.71,Delivered,Paid
TRX00601,REQ01590,WST00408,C030,C028,2026-08-26,2368.66,120.9,24933.73,5403.65,Delivered,Paid
TRX00602,REQ01591,WST00409,C032,C028,2026-07-29,2585.64,75.88,27870.78,3400.46,In Transit,Paid
TRX00603,REQ01592,WST00409,C006,C028,2026-10-04,2976.71,64.58,55220.89,2830.82,Delivered,Paid
TRX00604,REQ01597,WST00410,C041,C028,2026-06-13,2810.0,277.7,68307.65,5037.04,Delivered,Partially Paid
TRX00605,REQ01598,WST00410,C052,C028,2026-09-12,1703.01,309.1,35506.41,3584.76,Delivered,Pending
TRX00606,REQ01606,WST00412,C040,C028,2026-08-07,933.46,46.87,7624.76,1516.16,Delivered,Paid
TRX00607,REQ01607,WST00412,C058,C028,2026-07-04,1141.3,46.17,12814.66,2652.48,Delivered,Pending
TRX00608,REQ01609,WST00412,C008,C028,2026-08-26,950.59,51.34,21741.39,2349.15,In Transit,Pending
TRX00609,REQ01613,WST00413,C040,C028,2026-05-31,4057.77,96.43,81225.22,6762.76,Delivered,Paid
TRX00610,REQ01614,WST00413,C036,C028,2026-05-29,3824.95,105.78,88814.28,5367.74,Delivered,Paid
TRX00611,REQ01617,WST00414,C030,C028,2026-08-11,416.48,335.13,3405.51,770.3,Scheduled,Paid
TRX00612,REQ01620,WST00415,C051,C028,2026-07-27,157.1,250.95,3804.81,275.49,Delivered,Paid
TRX00613,REQ01621,WST00415,C009,C028,2026-07-05,68.78,234.01,1634.54,158.58,Delivered,Partially Paid
TRX00614,REQ01622,WST00415,C018,C028,2026-09-21,93.08,231.68,1693.0,118.1,Delivered,Paid
TRX00615,REQ01623,WST00415,C053,C028,2026-08-18,148.33,256.35,3513.25,129.08,In Transit,Paid
TRX00616,REQ01624,WST00415,C035,C028,2026-08-16,77.75,238.57,1409.58,134.69,Delivered,Paid
TRX00617,REQ01626,WST00416,C039,C028,2026-06-21,386.26,17.75,3432.85,504.61,Delivered,Paid
TRX00618,REQ01628,WST00417,C031,C028,2026-07-13,2686.41,383.95,25147.81,3285.6,In Transit,Paid
TRX00619,REQ01629,WST00417,C023,C028,2026-07-23,2317.67,365.82,43684.25,5551.48,Delivered,Paid
TRX00620,REQ01632,WST00418,C045,C028,2026-06-08,3874.75,431.44,80553.8,5425.7,Delivered,Paid
TRX00621,REQ01637,WST00419,C021,C028,2026-06-06,2356.37,374.58,55377.16,3072.09,Delivered,Pending
TRX00622,REQ01638,WST00419,C009,C028,2026-08-12,2457.71,439.56,51901.02,4146.72,Delivered,Paid
TRX00623,REQ01644,WST00420,C009,C028,2026-06-08,1391.51,458.52,16233.91,2773.62,Delivered,Paid
TRX00624,REQ01645,WST00420,C035,C028,2026-06-19,2564.69,469.72,35922.28,4952.7,Scheduled,Paid
TRX00625,REQ01646,WST00420,C051,C028,2026-06-18,1692.14,382.75,20751.53,1649.47,Delivered,Paid
TRX00626,REQ01647,WST00421,C024,C029,2026-09-03,272.49,381.59,4897.58,346.3,In Transit,Partially Paid
TRX00627,REQ01651,WST00423,C002,C029,2026-07-22,1100.83,138.52,26093.9,2652.64,Delivered,Paid
TRX00628,REQ01652,WST00423,C024,C029,2026-06-17,1959.9,171.02,34809.69,3867.69,In Transit,Paid
TRX00629,REQ01654,WST00423,C021,C029,2026-09-17,1385.0,141.55,28139.94,2974.83,Delivered,Paid
TRX00630,REQ01662,WST00425,C042,C029,2026-08-26,957.58,445.85,19145.69,1572.01,Delivered,Partially Paid
TRX00631,REQ01670,WST00427,C030,C029,2026-07-04,661.5,334.53,14883.09,522.02,Scheduled,Paid
TRX00632,REQ01680,WST00430,C025,C029,2026-07-02,2513.84,155.02,31737.04,1794.59,Delivered,Paid
TRX00633,REQ01685,WST00431,C047,C029,2026-07-14,1790.22,262.08,36142.64,3699.45,Delivered,Paid
TRX00634,REQ01693,WST00433,C024,C029,2026-06-07,2165.39,201.87,44976.6,2969.72,Delivered,Paid
TRX00635,REQ01695,WST00434,C020,C029,2026-08-09,293.61,568.01,6105.83,527.41,Delivered,Paid
TRX00636,REQ01696,WST00435,C057,C029,2026-07-12,513.8,54.27,4387.73,575.56,Delivered,Paid
TRX00637,REQ01697,WST00435,C036,C029,2026-07-17,224.82,60.0,2606.27,300.32,In Transit,Paid
TRX00638,REQ01698,WST00435,C046,C029,2026-08-10,580.4,49.96,9444.37,1390.71,In Transit,Partially Paid
TRX00639,REQ01700,WST00436,C047,C029,2026-06-08,80.79,25.3,1204.75,144.6,Delivered,Paid
TRX00640,REQ01702,WST00437,C017,C029,2026-09-18,925.18,442.51,19655.34,2090.9,Delivered,Paid
TRX00641,REQ01703,WST00437,C017,C029,2026-06-09,738.75,399.69,17486.66,1533.05,Delivered,Paid
TRX00642,REQ01705,WST00437,C025,C029,2026-08-05,215.12,416.76,4550.29,386.23,In Transit,Paid
TRX00643,REQ01707,WST00438,C055,C029,2026-06-21,898.1,416.5,12720.49,762.51,Delivered,Paid
TRX00644,REQ01709,WST00439,C032,C029,2026-07-11,576.89,229.4,8199.77,1028.09,Delivered,Partially Paid
TRX00645,REQ01710,WST00439,C045,C029,2026-07-02,664.66,220.43,9838.45,684.69,In Transit,Paid
TRX00646,REQ01711,WST00440,C040,C029,2026-07-11,154.68,95.45,3720.48,195.9,Delivered,Paid
TRX00647,REQ01713,WST00441,C027,C029,2026-09-13,587.37,240.64,7539.71,1434.64,Delivered,Paid
TRX00648,REQ01717,WST00441,C056,C029,2026-06-22,887.24,243.91,13832.55,1697.51,Delivered,Paid
TRX00649,REQ01719,WST00442,C054,C029,2026-08-24,126.72,80.04,1480.42,79.94,In Transit,Paid
TRX00650,REQ01720,WST00442,C010,C029,2026-08-30,126.62,79.0,2377.4,57.87,Scheduled,Paid
TRX00651,REQ01723,WST00442,C007,C029,2026-09-08,68.34,93.95,905.08,122.67,Delivered,Paid
TRX00652,REQ01726,WST00443,C012,C029,2026-08-24,2440.79,24.32,33045.93,5437.36,Scheduled,Paid
TRX00653,REQ01728,WST00443,C055,C029,2026-07-15,4204.05,24.27,55332.71,3764.85,Scheduled,Paid
TRX00654,REQ01731,WST00444,C042,C029,2026-09-21,521.68,483.94,7261.64,318.3,Delivered,Paid
TRX00655,REQ01733,WST00444,C040,C029,2026-09-05,559.69,425.41,8841.57,1109.1,Delivered,Partially Paid
TRX00656,REQ01734,WST00444,C012,C029,2026-07-28,545.09,521.6,11603.38,1115.71,Delivered,Paid
TRX00657,REQ01735,WST00444,C011,C029,2026-09-11,187.1,505.04,2239.71,206.8,Delivered,Paid
TRX00658,REQ01736,WST00444,C035,C029,2026-06-21,319.35,503.37,6591.09,554.31,Scheduled,Paid
TRX00659,REQ01737,WST00445,C034,C029,2026-08-17,1190.32,246.41,28576.59,2224.75,Delivered,Paid
TRX00660,REQ01740,WST00446,C030,C029,2026-05-29,657.56,83.49,15785.33,721.18,In Transit,Paid
TRX00661,REQ01741,WST00446,C026,C029,2026-09-14,908.04,88.1,13269.33,982.04,In Transit,Paid
TRX00662,REQ01742,WST00446,C053,C029,2026-08-31,1175.44,92.24,17246.79,2909.78,Delivered,Paid
TRX00663,REQ01745,WST00448,C055,C030,2026-06-30,869.61,407.35,18334.21,1127.61,Scheduled,Paid
TRX00664,REQ01747,WST00448,C059,C030,2026-07-17,3390.87,397.35,76246.44,2356.63,Delivered,Paid
TRX00665,REQ01750,WST00448,C050,C030,2026-07-27,2301.82,381.4,33456.06,4190.73,Scheduled,Paid
TRX00666,REQ01753,WST00449,C048,C030,2026-06-11,778.73,58.05,7438.39,1454.91,Delivered,Partially Paid
TRX00667,REQ01754,WST00449,C044,C030,2026-05-24,1218.98,62.7,24112.94,899.16,Delivered,Pending
TRX00668,REQ01758,WST00450,C001,C030,2026-09-03,638.1,252.98,10253.83,364.57,Delivered,Pending
TRX00669,REQ01760,WST00451,C020,C030,2026-08-29,3221.61,228.74,46981.7,3063.13,Delivered,Paid
TRX00670,REQ01761,WST00451,C011,C030,2026-09-16,3011.93,238.95,61950.57,7289.75,Delivered,Paid
TRX00671,REQ01762,WST00451,C005,C030,2026-09-05,1907.88,242.53,21695.52,1838.33,Delivered,Paid
TRX00672,REQ01767,WST00452,C025,C030,2026-09-12,1248.5,18.39,13341.06,1805.92,Delivered,Partially Paid
TRX00673,REQ01772,WST00453,C059,C030,2026-08-15,1726.72,106.92,19052.88,2132.97,Delivered,Paid
TRX00674,REQ01774,WST00454,C049,C030,2026-06-07,1133.14,179.04,27859.02,923.9,Scheduled,Paid
TRX00675,REQ01779,WST00456,C041,C030,2026-08-28,3453.99,178.05,57507.48,1652.76,Delivered,Paid
TRX00676,REQ01781,WST00456,C020,C030,2026-06-12,3302.46,193.84,63408.63,7626.37,Delivered,Paid
TRX00677,REQ01782,WST00457,C021,C030,2026-09-02,932.51,392.59,17715.41,1599.79,In Transit,Paid
TRX00678,REQ01783,WST00457,C047,C030,2026-09-02,573.95,403.6,5430.42,1027.46,Delivered,Partially Paid
TRX00679,REQ01792,WST00459,C016,C030,2026-07-17,278.99,267.28,3749.5,138.5,In Transit,Paid
TRX00680,REQ01800,WST00461,C036,C030,2026-09-18,3278.64,105.79,33550.85,3119.65,Delivered,Paid
TRX00681,REQ01802,WST00461,C037,C030,2026-08-14,1146.9,82.99,22842.17,1432.01,Scheduled,Paid
TRX00682,REQ01804,WST00461,C024,C030,2026-06-02,935.32,94.65,13960.74,1744.51,Delivered,Paid
TRX00683,REQ01805,WST00461,C022,C030,2026-08-22,2214.86,88.22,23843.89,1657.97,Delivered,Paid
TRX00684,REQ01817,WST00463,C049,C030,2026-07-27,3626.0,12.94,47412.58,2438.11,In Transit,Pending
TRX00685,REQ01818,WST00464,C012,C030,2026-07-30,2653.03,224.88,34525.43,4328.83,Scheduled,Paid
TRX00686,REQ01819,WST00464,C044,C030,2026-07-27,739.23,228.56,12540.12,673.73,Delivered,Paid
TRX00687,REQ01823,WST00465,C052,C031,2026-07-27,638.44,346.5,15291.13,856.23,Delivered,Paid
TRX00688,REQ01827,WST00466,C034,C031,2026-07-22,2683.38,443.7,29310.21,4557.21,Delivered,Paid
TRX00689,REQ01832,WST00467,C044,C031,2026-08-20,2854.84,441.87,70578.2,5500.1,Delivered,Paid
TRX00690,REQ01833,WST00468,C040,C031,2026-09-08,1545.75,80.03,20473.87,2811.91,Delivered,Paid
TRX00691,REQ01838,WST00469,C044,C031,2026-09-08,2684.89,199.08,49001.41,1544.65,Scheduled,Paid
TRX00692,REQ01844,WST00470,C053,C031,2026-06-28,1899.39,287.44,23771.98,1496.56,Delivered,Paid
TRX00693,REQ01845,WST00471,C049,C031,2026-08-25,451.47,77.96,8849.22,494.32,Delivered,Pending
TRX00694,REQ01846,WST00471,C020,C031,2026-09-03,669.41,70.02,6005.9,280.66,Delivered,Paid
TRX00695,REQ01848,WST00471,C022,C031,2026-08-28,1071.16,83.93,17027.13,1703.76,In Transit,Paid
TRX00696,REQ01850,WST00471,C021,C031,2026-09-24,693.06,84.49,6801.26,350.62,Delivered,Paid
TRX00697,REQ01851,WST00472,C033,C031,2026-08-16,585.54,294.34,14416.05,701.72,In Transit,Paid
TRX00698,REQ01852,WST00472,C032,C031,2026-08-07,292.3,335.57,3376.77,440.31,Scheduled,Pending
TRX00699,REQ01853,WST00472,C057,C031,2026-07-31,526.05,342.45,4589.25,587.06,Delivered,Paid
TRX00700,REQ01856,WST00472,C026,C031,2026-07-19,657.79,354.17,11089.98,407.47,Delivered,Pending
TRX00701,REQ01857,WST00473,C046,C031,2026-07-20,1731.86,408.46,43013.25,3995.27,In Transit,Paid
TRX00702,REQ01858,WST00473,C007,C031,2026-06-25,649.21,385.25,11361.88,1145.63,In Transit,Paid
TRX00703,REQ01860,WST00473,C044,C031,2026-07-05,2097.46,366.54,47420.8,3417.14,Delivered,Paid
TRX00704,REQ01863,WST00474,C044,C032,2026-07-16,1053.21,286.7,17707.52,578.15,Delivered,Paid
TRX00705,REQ01871,WST00476,C053,C032,2026-09-11,2116.32,82.17,39179.69,1017.11,In Transit,Pending
TRX00706,REQ01874,WST00476,C027,C032,2026-06-08,3217.75,98.1,42031.51,5310.68,Delivered,Paid
TRX00707,REQ01877,WST00477,C046,C032,2026-09-10,2195.28,248.3,26765.38,1631.46,Scheduled,Paid
TRX00708,REQ01878,WST00478,C013,C032,2026-08-31,989.2,220.83,22265.74,1077.98,Scheduled,Pending
TRX00709,REQ01880,WST00478,C007,C032,2026-09-18,2592.51,172.24,41625.21,2422.85,Delivered,Paid
TRX00710,REQ01882,WST00478,C037,C032,2026-07-08,1995.05,189.09,25308.95,4577.22,Delivered,Paid
TRX00711,REQ01884,WST00479,C021,C032,2026-07-23,1028.23,425.56,14076.6,1499.18,Delivered,Paid
TRX00712,REQ01885,WST00479,C025,C032,2026-09-12,815.39,453.24,8219.34,1628.65,Delivered,Paid
TRX00713,REQ01892,WST00480,C013,C032,2026-07-10,140.56,356.5,2584.67,293.53,In Transit,Paid
TRX00714,REQ01896,WST00481,C054,C033,2026-08-04,1045.23,390.26,21433.01,2323.41,Delivered,Paid
TRX00715,REQ01899,WST00482,C027,C033,2026-06-19,2055.8,359.95,38959.74,1483.9,Delivered,Paid
TRX00716,REQ01900,WST00483,C052,C033,2026-06-14,1899.11,151.79,16954.77,1541.03,In Transit,Partially Paid
TRX00717,REQ01904,WST00483,C037,C033,2026-09-19,979.56,174.73,8396.41,527.69,Delivered,Paid
TRX00718,REQ01905,WST00483,C032,C033,2026-06-13,1430.3,183.09,32105.52,2371.8,In Transit,Paid
TRX00719,REQ01907,WST00484,C019,C033,2026-07-14,519.53,279.01,10476.54,1017.44,Scheduled,Paid
TRX00720,REQ01913,WST00485,C045,C033,2026-08-11,974.85,104.84,10511.73,1347.06,Scheduled,Paid
TRX00721,REQ01916,WST00485,C052,C033,2026-06-10,1879.98,128.66,40817.73,1635.15,Scheduled,Paid
TRX00722,REQ01922,WST00487,C012,C034,2026-07-16,2514.69,317.92,60773.73,5614.66,Delivered,Paid
TRX00723,REQ01925,WST00487,C040,C034,2026-07-05,1941.13,387.34,30495.38,3560.48,In Transit,Pending
TRX00724,REQ01926,WST00487,C026,C034,2026-06-15,2256.84,382.93,22886.5,4332.22,Delivered,Pending
TRX00725,REQ01930,WST00488,C059,C034,2026-07-18,385.17,513.48,5171.4,688.1,Scheduled,Paid
TRX00726,REQ01931,WST00488,C005,C034,2026-08-17,537.25,478.05,9447.48,341.32,Delivered,Paid
TRX00727,REQ01932,WST00488,C059,C034,2026-06-03,262.97,504.65,6567.33,657.33,Delivered,Paid
TRX00728,REQ01934,WST00489,C039,C034,2026-06-28,1209.66,130.64,25117.88,842.06,Delivered,Paid
TRX00729,REQ01936,WST00489,C016,C034,2026-06-04,970.94,144.47,14882.71,1495.1,Delivered,Paid
TRX00730,REQ01937,WST00489,C015,C034,2026-08-18,2124.77,147.02,22768.72,1984.21,Delivered,Partially Paid
TRX00731,REQ01940,WST00490,C048,C034,2026-09-01,706.23,184.75,16109.83,1106.03,Delivered,Paid
TRX00732,REQ01941,WST00490,C029,C034,2026-07-26,1256.51,199.38,26020.43,768.71,Delivered,Paid
TRX00733,REQ01942,WST00491,C041,C034,2026-09-21,3107.8,340.02,66947.06,1598.31,In Transit,Paid
TRX00734,REQ01943,WST00491,C024,C034,2026-08-20,1135.11,308.52,22646.81,1529.94,Scheduled,Pending
TRX00735,REQ01944,WST00491,C028,C034,2026-06-20,3684.84,367.77,85104.63,3896.12,Delivered,Paid
TRX00736,REQ01945,WST00491,C052,C034,2026-09-21,1285.83,305.86,23039.85,2087.76,Delivered,Paid
TRX00737,REQ01946,WST00492,C045,C034,2026-07-05,1197.35,367.1,27206.06,2906.65,Delivered,Paid
TRX00738,REQ01948,WST00492,C030,C034,2026-08-18,818.43,353.29,8184.89,1420.43,Delivered,Pending
TRX00739,REQ01952,WST00493,C038,C034,2026-08-10,1785.67,435.86,21961.78,2066.86,Delivered,Paid
TRX00740,REQ01955,WST00494,C050,C034,2026-09-06,3647.48,301.9,82317.53,4057.59,Delivered,Paid
TRX00741,REQ01956,WST00494,C031,C034,2026-06-21,1542.54,310.49,16904.02,2694.26,Delivered,Paid
TRX00742,REQ01957,WST00494,C052,C034,2026-09-11,1893.23,320.9,33711.99,1011.11,In Transit,Paid
TRX00743,REQ01958,WST00495,C012,C034,2026-08-22,65.95,480.92,1064.12,33.88,Scheduled,Paid
TRX00744,REQ01960,WST00495,C031,C034,2026-08-24,95.35,368.2,852.87,139.45,Delivered,Paid
TRX00745,REQ01962,WST00496,C053,C034,2026-08-17,70.91,135.27,1077.7,98.57,Delivered,Paid
TRX00746,REQ01963,WST00496,C041,C034,2026-06-13,162.97,112.94,3452.13,341.66,In Transit,Paid
TRX00747,REQ01964,WST00496,C026,C034,2026-05-31,228.95,131.15,3400.22,227.57,Delivered,Paid
TRX00748,REQ01965,WST00497,C045,C034,2026-07-03,1194.66,242.34,26034.79,2920.95,Delivered,Paid
TRX00749,REQ01966,WST00497,C051,C034,2026-05-25,1734.6,246.75,38995.14,3394.96,Delivered,Paid
TRX00750,REQ01968,WST00498,C006,C034,2026-08-22,1046.52,219.85,16714.77,464.74,In Transit,Paid
TRX00751,REQ01971,WST00498,C022,C034,2026-07-11,3249.62,235.0,46717.5,5275.59,In Transit,Paid
TRX00752,REQ01972,WST00498,C051,C034,2026-07-04,3385.49,227.21,43486.27,7833.53,In Transit,Paid
TRX00753,REQ01980,WST00500,C058,C034,2026-05-28,172.85,73.61,1881.85,393.49,In Transit,Pending
TRX00754,REQ01986,WST00501,C029,C034,2026-06-21,1987.67,130.15,30771.07,4386.93,Delivered,Paid
TRX00755,REQ01989,WST00502,C051,C034,2026-06-14,1378.3,325.99,17182.83,3391.04,Delivered,Paid
TRX00756,REQ01990,WST00503,C039,C034,2026-09-12,581.35,450.64,7937.37,1139.17,Delivered,Paid
TRX00757,REQ01992,WST00503,C013,C034,2026-05-30,251.13,443.39,5419.76,556.4,In Transit,Paid
TRX00758,REQ01994,WST00503,C029,C034,2026-09-15,304.68,374.3,5267.88,486.24,In Transit,Pending
TRX00759,REQ01996,WST00504,C058,C034,2026-07-28,108.52,147.89,2703.84,165.77,Delivered,Partially Paid
TRX00760,REQ01999,WST00504,C010,C034,2026-06-25,98.65,155.76,1509.87,150.73,Scheduled,Pending
TRX00761,REQ02001,WST00505,C028,C035,2026-09-01,2914.09,210.7,49935.36,5757.48,Delivered,Paid
TRX00762,REQ02003,WST00506,C016,C035,2026-08-19,1197.44,188.21,13605.47,1546.7,In Transit,Paid
TRX00763,REQ02009,WST00507,C015,C035,2026-07-06,2494.38,11.55,28840.17,2267.49,In Transit,Paid
TRX00764,REQ02014,WST00508,C016,C035,2026-08-03,97.42,214.5,2377.61,222.45,Delivered,Paid
TRX00765,REQ02018,WST00509,C059,C035,2026-07-26,1273.37,116.59,13733.91,967.75,Delivered,Paid
TRX00766,REQ02022,WST00510,C060,C036,2026-06-24,879.28,432.69,9265.15,1724.0,Delivered,Paid
TRX00767,REQ02023,WST00510,C035,C036,2026-08-24,1024.29,415.85,20493.63,2131.92,Scheduled,Pending
TRX00768,REQ02028,WST00511,C030,C036,2026-09-01,3464.12,275.98,66545.58,8341.2,Delivered,Paid
TRX00769,REQ02033,WST00512,C039,C036,2026-07-31,716.77,237.29,15928.82,1148.75,Delivered,Paid
TRX00770,REQ02038,WST00513,C042,C036,2026-06-01,1192.52,404.33,12200.09,2851.2,Delivered,Paid
TRX00771,REQ02044,WST00515,C050,C036,2026-08-06,369.2,282.05,5637.8,563.57,Delivered,Pending
TRX00772,REQ02053,WST00516,C011,C036,2026-07-03,1368.25,263.87,19886.64,3282.57,Delivered,Paid
TRX00773,REQ02055,WST00517,C033,C036,2026-07-20,2398.49,304.21,55685.26,1625.51,Delivered,Paid
TRX00774,REQ02059,WST00518,C022,C036,2026-09-12,2765.82,256.23,44071.04,6655.77,Delivered,Pending
TRX00775,REQ02062,WST00519,C020,C036,2026-08-02,1276.05,239.96,12789.74,2819.22,Delivered,Partially Paid
TRX00776,REQ02065,WST00519,C057,C036,2026-07-23,2985.47,267.25,57391.9,5898.82,In Transit,Paid
TRX00777,REQ02069,WST00521,C013,C036,2026-08-05,1403.0,168.93,29813.23,868.01,Scheduled,Partially Paid
TRX00778,REQ02070,WST00521,C053,C036,2026-06-10,3646.82,170.51,40011.27,2217.13,Delivered,Paid
TRX00779,REQ02075,WST00522,C035,C036,2026-07-17,545.13,181.84,6748.43,570.47,Delivered,Paid
TRX00780,REQ02076,WST00522,C006,C036,2026-08-18,982.69,207.05,23293.04,2198.55,Delivered,Paid
TRX00781,REQ02078,WST00522,C028,C036,2026-07-17,369.68,221.04,7471.18,908.04,Delivered,Paid
TRX00782,REQ02080,WST00523,C035,C036,2026-08-25,2424.58,23.63,53240.47,3810.15,Delivered,Paid
TRX00783,REQ02081,WST00523,C038,C036,2026-09-22,944.75,25.08,8504.87,1998.28,Delivered,Paid
TRX00784,REQ02083,WST00524,C009,C036,2026-08-29,3727.25,290.08,51486.21,5334.97,In Transit,Paid
TRX00785,REQ02085,WST00524,C019,C036,2026-09-05,3900.86,298.48,94179.61,5970.03,In Transit,Pending
TRX00786,REQ02088,WST00525,C014,C036,2026-07-25,2321.3,393.85,31765.49,1310.07,Delivered,Paid
TRX00787,REQ02089,WST00525,C031,C036,2026-07-07,3545.82,409.58,42899.29,8423.84,In Transit,Partially Paid
TRX00788,REQ02090,WST00526,C049,C036,2026-07-04,1527.77,401.04,26021.51,2108.55,Delivered,Paid
TRX00789,REQ02091,WST00526,C010,C036,2026-07-06,1399.11,369.21,31855.83,576.6,In Transit,Pending
TRX00790,REQ02094,WST00527,C057,C037,2026-08-08,448.64,237.59,4588.75,446.07,In Transit,Paid
TRX00791,REQ02095,WST00527,C022,C037,2026-06-24,393.84,262.81,4059.49,732.35,Delivered,Paid
TRX00792,REQ02096,WST00527,C015,C037,2026-09-01,694.03,301.27,11074.82,1227.6,Delivered,Paid
TRX00793,REQ02099,WST00528,C021,C037,2026-07-14,2376.49,8.8,44440.59,2684.34,Scheduled,Paid
TRX00794,REQ02100,WST00528,C012,C037,2026-07-14,2732.38,8.03,50026.03,4125.45,In Transit,Pending
TRX00795,REQ02101,WST00529,C024,C037,2026-08-14,301.32,203.98,7063.5,449.99,Delivered,Pending
TRX00796,REQ02102,WST00529,C028,C037,2026-07-11,448.58,167.07,9505.01,964.41,Delivered,Paid
TRX00797,REQ02103,WST00529,C027,C037,2026-06-28,300.84,174.32,6515.54,321.8,In Transit,Paid
TRX00798,REQ02104,WST00529,C047,C037,2026-07-08,154.98,198.22,3857.65,84.97,Delivered,Paid
TRX00799,REQ02105,WST00530,C010,C037,2026-05-28,1793.13,436.12,17306.51,4039.73,Scheduled,Paid
TRX00800,REQ02107,WST00531,C002,C037,2026-07-17,2609.81,122.58,28364.37,5143.15,Delivered,Paid
TRX00801,REQ02109,WST00531,C028,C037,2026-07-31,2805.49,133.02,66482.57,5878.9,In Transit,Partially Paid
TRX00802,REQ02111,WST00531,C033,C037,2026-06-08,2584.72,110.83,49992.77,4500.36,Scheduled,Paid
TRX00803,REQ02114,WST00532,C054,C038,2026-08-04,413.61,275.53,8017.24,732.94,Delivered,Paid
TRX00804,REQ02116,WST00533,C006,C038,2026-09-04,226.35,446.97,3194.54,383.8,Delivered,Partially Paid
TRX00805,REQ02118,WST00533,C005,C038,2026-07-31,683.23,424.45,8305.94,1267.31,Delivered,Paid
TRX00806,REQ02121,WST00535,C056,C038,2026-09-08,1106.87,337.18,11437.33,1786.98,In Transit,Paid
TRX00807,REQ02123,WST00535,C005,C038,2026-09-22,1009.65,268.87,12800.83,718.53,Delivered,Paid
TRX00808,REQ02124,WST00536,C047,C038,2026-08-12,1405.44,57.6,18241.82,1607.36,Delivered,Paid
TRX00809,REQ02125,WST00536,C036,C038,2026-08-20,680.36,68.62,7737.3,681.04,Delivered,Paid
TRX00810,REQ02127,WST00536,C010,C038,2026-09-22,1773.47,68.94,42210.97,1220.09,Delivered,Pending
TRX00811,REQ02128,WST00536,C030,C038,2026-07-29,2281.8,70.12,20915.45,2285.64,Delivered,Paid
TRX00812,REQ02134,WST00538,C049,C038,2026-09-04,445.04,266.56,9786.63,1109.35,Delivered,Pending
TRX00813,REQ02135,WST00538,C004,C038,2026-09-03,254.22,261.42,6272.08,175.41,Delivered,Paid
TRX00814,REQ02137,WST00538,C033,C038,2026-07-31,387.23,258.1,9267.53,641.32,Delivered,Paid
TRX00815,REQ02139,WST00539,C024,C038,2026-08-13,1026.88,394.95,21542.39,2220.52,Delivered,Paid
TRX00816,REQ02140,WST00539,C015,C038,2026-09-14,3127.35,422.28,76012.32,6885.47,Delivered,Paid
TRX00817,REQ02141,WST00539,C045,C038,2026-06-20,1110.19,431.83,15278.29,1821.37,Scheduled,Partially Paid
TRX00818,REQ02142,WST00539,C022,C038,2026-07-19,1755.43,403.18,29989.47,2713.94,In Transit,Partially Paid
TRX00819,REQ02145,WST00540,C014,C038,2026-08-25,1742.59,516.65,36115.28,1718.28,In Transit,Paid
TRX00820,REQ02147,WST00540,C041,C038,2026-08-15,1404.05,525.87,34654.17,2154.58,Delivered,Paid
TRX00821,REQ02154,WST00542,C015,C039,2026-06-17,611.36,199.09,11425.17,1382.45,In Transit,Paid
TRX00822,REQ02155,WST00543,C030,C039,2026-09-05,840.62,504.6,14280.3,1169.17,Delivered,Partially Paid
TRX00823,REQ02157,WST00543,C016,C039,2026-09-14,534.97,431.78,11564.52,667.54,Delivered,Paid
TRX00824,REQ02158,WST00543,C005,C039,2026-08-15,416.99,425.03,7392.26,187.12,Scheduled,Pending
TRX00825,REQ02161,WST00544,C027,C039,2026-05-31,352.34,94.44,3414.11,751.89,Delivered,Paid
TRX00826,REQ02162,WST00544,C052,C039,2026-06-16,791.91,82.07,16614.94,981.36,Delivered,Partially Paid
TRX00827,REQ02165,WST00545,C053,C039,2026-08-13,3949.09,281.23,48371.05,4649.71,Delivered,Partially Paid
TRX00828,REQ02166,WST00545,C042,C039,2026-07-29,3417.25,280.0,30790.07,2905.25,In Transit,Paid
TRX00829,REQ02168,WST00545,C024,C039,2026-08-10,4112.08,224.73,92508.3,10031.64,Delivered,Paid
TRX00830,REQ02169,WST00545,C052,C039,2026-06-23,4015.91,248.46,42086.26,5115.12,Scheduled,Paid
TRX00831,REQ02173,WST00547,C043,C039,2026-06-11,874.71,192.9,21333.64,1494.87,Delivered,Paid
TRX00832,REQ02176,WST00547,C007,C039,2026-08-02,1073.3,211.11,9196.29,911.44,Delivered,Paid
TRX00833,REQ02177,WST00547,C028,C039,2026-07-25,681.01,186.52,15411.92,609.55,Delivered,Paid
TRX00834,REQ02179,WST00548,C032,C039,2026-06-09,181.59,181.82,4363.61,382.35,Delivered,Pending
TRX00835,REQ02180,WST00548,C015,C039,2026-08-07,307.3,165.64,4984.4,151.64,Scheduled,Paid
TRX00836,REQ02181,WST00549,C048,C039,2026-08-21,780.9,439.49,13749.92,333.13,Delivered,Paid
TRX00837,REQ02182,WST00549,C028,C039,2026-05-26,671.05,403.62,8980.05,993.39,Scheduled,Paid
TRX00838,REQ02184,WST00550,C023,C039,2026-07-31,3058.45,462.62,66344.38,6272.13,Delivered,Paid
TRX00839,REQ02187,WST00551,C003,C039,2026-08-20,752.68,231.05,7330.24,1236.55,Delivered,Paid
TRX00840,REQ02188,WST00551,C014,C039,2026-07-08,528.45,213.56,7528.95,669.24,Delivered,Paid
TRX00841,REQ02189,WST00552,C002,C039,2026-06-23,1608.14,242.18,28775.97,1929.68,Delivered,Paid
TRX00842,REQ02191,WST00552,C011,C039,2026-05-31,1224.05,279.96,12615.17,597.96,Delivered,Paid
TRX00843,REQ02192,WST00552,C046,C039,2026-07-20,778.55,265.58,16597.87,1248.92,Delivered,Paid
TRX00844,REQ02194,WST00553,C004,C039,2026-08-03,2083.54,269.08,43529.6,2069.3,Scheduled,Paid
TRX00845,REQ02200,WST00554,C031,C039,2026-08-28,763.6,271.9,12996.01,1086.68,Delivered,Paid
TRX00846,REQ02202,WST00555,C049,C039,2026-09-09,3608.69,71.72,68872.27,7722.7,Delivered,Paid
TRX00847,REQ02207,WST00557,C021,C039,2026-08-18,148.14,422.14,3083.95,213.3,Delivered,Paid
TRX00848,REQ02208,WST00557,C005,C039,2026-06-22,228.23,476.19,4764.51,238.49,Delivered,Paid
TRX00849,REQ02214,WST00558,C044,C039,2026-07-02,778.51,29.76,9777.52,1672.84,Delivered,Paid
TRX00850,REQ02215,WST00558,C012,C039,2026-09-21,2717.04,28.49,30153.13,6656.91,Delivered,Pending
TRX00851,REQ02218,WST00559,C051,C039,2026-06-11,2099.09,202.15,34878.24,850.47,Delivered,Paid
TRX00852,REQ02223,WST00560,C051,C039,2026-06-15,140.45,246.54,2772.48,112.67,In Transit,Paid
TRX00853,REQ02225,WST00561,C006,C039,2026-09-23,3319.82,38.53,56895.7,3066.22,Scheduled,Partially Paid
TRX00854,REQ02228,WST00562,C047,C039,2026-05-29,1585.95,123.75,27938.85,2162.05,Delivered,Paid
TRX00855,REQ02229,WST00562,C050,C039,2026-06-20,885.85,154.56,11461.51,1258.17,Delivered,Paid
TRX00856,REQ02231,WST00562,C015,C039,2026-06-29,824.32,123.54,14844.66,1635.57,Delivered,Paid
TRX00857,REQ02232,WST00562,C024,C039,2026-08-18,2736.26,161.79,35231.86,5456.52,Delivered,Paid
TRX00858,REQ02233,WST00563,C032,C039,2026-08-11,923.14,183.91,10877.09,1063.8,Delivered,Paid
TRX00859,REQ02237,WST00564,C009,C039,2026-09-27,3360.36,488.35,55027.25,7924.91,Delivered,Paid
TRX00860,REQ02238,WST00564,C038,C039,2026-07-14,2062.83,493.17,38459.02,944.36,Delivered,Paid
TRX00861,REQ02241,WST00564,C020,C039,2026-06-19,4398.59,437.93,41417.22,5012.33,Delivered,Paid
TRX00862,REQ02242,WST00565,C046,C040,2026-08-31,879.97,419.16,17087.74,1321.49,Scheduled,Paid
TRX00863,REQ02243,WST00565,C042,C040,2026-09-15,3004.78,363.03,31163.6,7379.41,Delivered,Paid
TRX00864,REQ02244,WST00565,C056,C040,2026-06-06,1665.97,417.76,18940.78,774.24,Scheduled,Paid
TRX00865,REQ02247,WST00566,C059,C040,2026-09-18,1093.52,545.38,25809.32,2095.16,Scheduled,Partially Paid
TRX00866,REQ02250,WST00567,C029,C040,2026-06-01,138.66,111.65,3398.86,331.4,Delivered,Paid
TRX00867,REQ02253,WST00567,C041,C040,2026-07-02,84.81,93.82,791.05,157.39,In Transit,Paid
TRX00868,REQ02256,WST00568,C013,C040,2026-07-15,1390.81,328.37,15959.81,1383.43,In Transit,Paid
TRX00869,REQ02259,WST00569,C003,C041,2026-08-12,182.42,234.74,1528.39,284.04,Delivered,Partially Paid
TRX00870,REQ02261,WST00570,C042,C041,2026-06-19,678.56,415.01,11223.07,522.65,Scheduled,Paid
TRX00871,REQ02266,WST00571,C023,C041,2026-08-29,1925.69,487.03,24300.87,3763.6,Delivered,Paid
TRX00872,REQ02272,WST00572,C020,C041,2026-10-03,2674.89,240.43,34152.07,1796.63,Delivered,Paid
TRX00873,REQ02274,WST00572,C001,C041,2026-08-03,2196.07,283.66,22822.55,5188.48,Scheduled,Partially Paid
TRX00874,REQ02276,WST00573,C028,C041,2026-08-16,165.64,194.84,1894.52,106.39,In Transit,Paid
TRX00875,REQ02277,WST00573,C043,C041,2026-09-12,337.58,204.99,4113.56,400.58,Delivered,Pending
TRX00876,REQ02281,WST00575,C033,C041,2026-07-24,362.19,38.77,4804.53,841.73,Delivered,Paid
TRX00877,REQ02285,WST00577,C053,C041,2026-06-10,2861.74,333.27,66359.09,5458.29,Delivered,Paid
TRX00878,REQ02288,WST00577,C013,C041,2026-08-27,2762.32,368.28,51200.15,4633.38,In Transit,Paid
TRX00879,REQ02289,WST00577,C029,C041,2026-06-25,1268.16,359.3,29030.12,2199.12,Delivered,Paid
TRX00880,REQ02290,WST00578,C026,C041,2026-08-19,2556.11,217.35,41718.97,5921.96,Delivered,Paid
TRX00881,REQ02292,WST00578,C004,C041,2026-08-23,1546.41,201.81,37593.06,1076.27,Delivered,Paid
TRX00882,REQ02294,WST00579,C010,C041,2026-05-26,2092.73,210.19,25223.57,3759.56,In Transit,Paid
TRX00883,REQ02295,WST00579,C004,C041,2026-09-23,2525.45,205.88,61616.67,2554.15,Scheduled,Partially Paid
TRX00884,REQ02296,WST00579,C040,C041,2026-07-03,1417.54,210.6,14288.39,1959.2,Scheduled,Paid
TRX00885,REQ02298,WST00580,C045,C042,2026-08-06,923.22,170.18,17077.12,1479.6,Delivered,Paid
TRX00886,REQ02301,WST00580,C019,C042,2026-08-23,1573.87,216.23,30914.52,3014.7,Delivered,Paid
TRX00887,REQ02309,WST00582,C022,C042,2026-07-03,621.93,166.46,9310.35,990.87,In Transit,Paid
TRX00888,REQ02311,WST00582,C044,C042,2026-08-21,2787.55,129.99,61025.35,4712.02,Delivered,Paid
TRX00889,REQ02314,WST00583,C059,C042,2026-08-15,4586.56,75.31,49155.12,11315.51,Scheduled,Paid
TRX00890,REQ02316,WST00584,C012,C043,2026-06-24,231.02,385.28,5717.21,129.75,In Transit,Paid
TRX00891,REQ02321,WST00585,C045,C043,2026-09-26,3405.51,325.16,56168.29,7819.59,Scheduled,Paid
TRX00892,REQ02322,WST00586,C060,C043,2026-09-05,2655.96,81.69,43191.29,4875.91,Delivered,Pending
TRX00893,REQ02323,WST00586,C025,C043,2026-05-28,3513.8,85.5,70006.21,4532.47,Delivered,Paid
TRX00894,REQ02327,WST00587,C044,C043,2026-05-30,1082.38,431.29,18678.42,454.26,Delivered,Paid
TRX00895,REQ02328,WST00587,C047,C043,2026-06-20,2087.88,369.87,32255.56,3902.85,Delivered,Paid
TRX00896,REQ02329,WST00587,C042,C043,2026-08-27,2654.51,421.52,58759.02,5161.08,Delivered,Paid
TRX00897,REQ02330,WST00587,C012,C043,2026-06-30,2629.07,356.32,51115.76,4676.83,Delivered,Partially Paid
TRX00898,REQ02333,WST00588,C014,C043,2026-06-08,2849.23,14.47,47426.72,2928.7,Delivered,Paid
TRX00899,REQ02337,WST00589,C007,C043,2026-07-15,945.2,326.66,22166.88,1526.41,Delivered,Paid
TRX00900,REQ02344,WST00591,C022,C043,2026-08-23,329.78,504.7,7925.96,633.54,Delivered,Paid
TRX00901,REQ02346,WST00592,C056,C043,2026-08-31,339.01,94.68,2997.84,326.76,Delivered,Partially Paid
TRX00902,REQ02353,WST00593,C052,C043,2026-07-29,1815.2,413.28,24548.49,3125.42,Delivered,Paid
TRX00903,REQ02357,WST00594,C047,C043,2026-09-04,2557.87,258.92,59700.7,2052.33,Scheduled,Paid
TRX00904,REQ02359,WST00595,C044,C043,2026-06-08,901.65,318.36,11037.86,1942.39,Delivered,Paid
TRX00905,REQ02360,WST00595,C029,C043,2026-06-28,865.58,329.24,14708.43,616.23,Delivered,Paid
TRX00906,REQ02362,WST00595,C051,C043,2026-08-12,818.67,359.9,14379.76,1487.28,In Transit,Paid
TRX00907,REQ02363,WST00596,C035,C043,2026-08-23,334.65,424.43,6437.42,168.31,Delivered,Paid
TRX00908,REQ02374,WST00599,C053,C043,2026-09-07,992.74,343.99,13763.52,435.11,Scheduled,Paid
TRX00909,REQ02376,WST00600,C033,C043,2026-07-21,1224.98,389.21,24640.31,2195.21,Delivered,Paid
TRX00910,REQ02378,WST00600,C024,C043,2026-08-02,598.12,387.46,10730.78,330.22,Delivered,Paid
TRX00911,REQ02379,WST00600,C012,C043,2026-09-16,1165.36,424.98,26890.47,965.05,Delivered,Pending
TRX00912,REQ02383,WST00601,C027,C043,2026-06-27,1349.84,60.48,20545.78,1878.51,Delivered,Paid
TRX00913,REQ02384,WST00601,C049,C043,2026-07-07,838.18,54.97,15731.99,763.37,Delivered,Paid
TRX00914,REQ02388,WST00602,C008,C043,2026-08-08,792.35,74.12,14101.04,1033.4,In Transit,Paid
TRX00915,REQ02393,WST00603,C037,C043,2026-07-16,1646.36,300.12,19924.76,671.99,Scheduled,Pending
TRX00916,REQ02397,WST00605,C015,C043,2026-05-24,635.75,224.37,10470.45,593.05,Delivered,Pending
TRX00917,REQ02398,WST00605,C030,C043,2026-07-09,1389.36,229.11,24384.47,2674.07,Delivered,Paid
TRX00918,REQ02400,WST00606,C032,C043,2026-09-19,3328.7,290.67,78071.99,7224.17,Delivered,Paid
TRX00919,REQ02401,WST00607,C031,C044,2026-05-30,1965.49,24.15,33410.1,3773.18,Delivered,Paid
TRX00920,REQ02403,WST00607,C018,C044,2026-06-16,1101.02,23.41,25938.54,1728.99,In Transit,Pending
TRX00921,REQ02404,WST00607,C031,C044,2026-07-11,3061.78,25.52,61072.07,3580.96,Delivered,Paid
TRX00922,REQ02406,WST00608,C057,C044,2026-09-18,2202.96,380.66,45814.73,4459.35,Delivered,Paid
TRX00923,REQ02407,WST00608,C004,C044,2026-08-17,3690.02,352.15,65641.98,8611.08,Delivered,Paid
TRX00924,REQ02408,WST00608,C015,C044,2026-08-29,3823.85,425.87,56934.14,7184.99,Delivered,Paid
TRX00925,REQ02411,WST00608,C034,C044,2026-06-17,4256.74,461.84,40077.2,9044.77,Delivered,Paid
TRX00926,REQ02413,WST00609,C020,C044,2026-08-20,876.61,318.85,17905.01,1074.62,Delivered,Paid
TRX00927,REQ02414,WST00610,C053,C044,2026-09-22,1046.44,123.4,25230.74,2518.24,Delivered,Paid
TRX00928,REQ02415,WST00610,C028,C044,2026-09-11,1029.74,122.66,16167.44,1896.95,Delivered,Paid
TRX00929,REQ02416,WST00610,C054,C044,2026-08-15,1612.28,152.43,35996.5,1970.13,Delivered,Pending
TRX00930,REQ02417,WST00611,C028,C044,2026-07-28,1966.96,284.19,39763.08,1667.69,Delivered,Paid
TRX00931,REQ02420,WST00612,C025,C044,2026-09-08,130.82,153.19,2610.95,120.88,Delivered,Partially Paid
TRX00932,REQ02422,WST00612,C055,C044,2026-06-29,169.31,138.8,3502.55,185.6,Delivered,Paid
TRX00933,REQ02429,WST00614,C056,C044,2026-08-17,2789.05,56.12,42463.48,3721.23,Delivered,Paid
TRX00934,REQ02436,WST00616,C028,C044,2026-06-28,1479.61,21.09,32088.73,1146.58,Delivered,Paid
TRX00935,REQ02437,WST00616,C021,C044,2026-06-20,817.62,24.21,17725.83,515.83,Delivered,Paid
TRX00936,REQ02443,WST00618,C059,C044,2026-08-13,1262.68,364.41,22714.46,2704.32,Delivered,Paid
TRX00937,REQ02445,WST00618,C028,C044,2026-09-02,2753.75,424.24,29804.96,6392.82,Delivered,Paid
TRX00938,REQ02446,WST00619,C020,C044,2026-09-05,2848.67,109.95,42324.72,6698.18,Delivered,Paid
TRX00939,REQ02447,WST00619,C027,C044,2026-08-04,2809.13,92.13,26077.64,1583.68,Scheduled,Pending
TRX00940,REQ02450,WST00619,C050,C044,2026-08-16,1012.41,101.69,22603.54,2215.67,Delivered,Paid
TRX00941,REQ02453,WST00620,C049,C044,2026-07-10,608.69,61.72,8694.43,1509.86,Delivered,Pending
TRX00942,REQ02455,WST00621,C060,C044,2026-09-04,619.25,287.72,11883.29,1187.01,Delivered,Paid
TRX00943,REQ02456,WST00621,C034,C044,2026-06-20,709.94,279.87,7144.34,461.63,Scheduled,Paid
TRX00944,REQ02459,WST00622,C059,C044,2026-08-05,1790.78,32.23,19872.68,3237.3,Delivered,Pending
TRX00945,REQ02461,WST00623,C041,C045,2026-07-17,416.32,228.76,6440.75,317.98,Delivered,Paid
TRX00946,REQ02462,WST00623,C001,C045,2026-08-27,850.95,188.83,7138.9,614.94,Scheduled,Paid
TRX00947,REQ02463,WST00623,C032,C045,2026-07-24,636.97,184.48,7917.6,461.54,Delivered,Paid
TRX00948,REQ02469,WST00624,C054,C045,2026-08-09,2626.43,301.53,49893.66,6014.56,Delivered,Paid
TRX00949,REQ02470,WST00625,C037,C045,2026-08-06,210.43,38.66,4364.21,300.36,Delivered,Paid
TRX00950,REQ02472,WST00625,C042,C045,2026-09-27,282.1,35.18,4522.17,464.39,In Transit,Paid
TRX00951,REQ02473,WST00625,C031,C045,2026-08-29,111.17,34.34,1816.03,53.06,Delivered,Pending
TRX00952,REQ02474,WST00625,C030,C045,2026-09-22,274.98,41.17,2213.41,135.19,Scheduled,Paid
TRX00953,REQ02475,WST00626,C029,C045,2026-05-29,2095.94,36.49,21060.3,3943.6,Delivered,Paid
TRX00954,REQ02479,WST00627,C059,C045,2026-07-27,1428.5,343.65,26469.02,626.19,Scheduled,Pending
TRX00955,REQ02480,WST00628,C006,C045,2026-07-18,181.74,217.75,3320.71,304.16,Delivered,Partially Paid
TRX00956,REQ02482,WST00628,C009,C045,2026-09-17,233.0,254.94,2715.62,475.22,Delivered,Paid
TRX00957,REQ02483,WST00628,C041,C045,2026-06-04,187.62,271.7,2316.33,264.05,In Transit,Pending
TRX00958,REQ02484,WST00628,C036,C045,2026-09-14,467.75,223.39,7301.69,826.37,Delivered,Partially Paid
TRX00959,REQ02485,WST00628,C052,C045,2026-06-25,439.57,258.09,8139.07,571.97,Scheduled,Paid
TRX00960,REQ02486,WST00629,C036,C046,2026-06-28,1842.67,472.89,26458.31,3302.93,Delivered,Pending
TRX00961,REQ02487,WST00629,C043,C046,2026-09-20,1581.21,446.29,22987.5,1143.07,Delivered,Paid
TRX00962,REQ02489,WST00630,C022,C046,2026-06-26,3073.14,194.16,53569.3,6434.34,Delivered,Paid
TRX00963,REQ02496,WST00631,C019,C046,2026-07-02,362.93,178.33,6623.38,790.71,Delivered,Paid
TRX00964,REQ02498,WST00632,C033,C046,2026-09-16,750.37,171.44,11965.35,322.51,Delivered,Paid
TRX00965,REQ02499,WST00632,C005,C046,2026-07-13,1595.48,162.36,15908.72,1481.66,In Transit,Paid
TRX00966,REQ02500,WST00633,C017,C046,2026-07-07,312.56,370.75,6713.64,768.83,In Transit,Pending
TRX00967,REQ02502,WST00633,C051,C046,2026-07-03,1507.89,324.15,26681.58,1454.82,Delivered,Paid
TRX00968,REQ02505,WST00633,C033,C046,2026-06-09,807.46,366.48,17602.26,865.55,Delivered,Paid
TRX00969,REQ02507,WST00634,C060,C046,2026-06-02,833.52,304.19,13030.45,811.27,Delivered,Paid
TRX00970,REQ02508,WST00635,C023,C046,2026-07-15,472.58,72.25,8051.93,540.44,Delivered,Paid
TRX00971,REQ02511,WST00636,C005,C046,2026-09-17,706.63,470.92,16115.77,1753.87,Delivered,Partially Paid
TRX00972,REQ02513,WST00636,C020,C046,2026-07-03,1636.89,533.1,21008.42,2780.85,Scheduled,Paid
TRX00973,REQ02514,WST00636,C039,C046,2026-07-29,2225.62,546.0,25488.49,3549.9,Delivered,Paid
TRX00974,REQ02516,WST00636,C042,C046,2026-09-26,1412.87,497.44,18634.58,3117.19,In Transit,Partially Paid
TRX00975,REQ02527,WST00638,C019,C046,2026-07-19,1373.74,156.51,34140.17,2457.85,In Transit,Paid
TRX00976,REQ02531,WST00639,C056,C046,2026-08-21,85.94,226.45,1593.93,206.18,In Transit,Paid
TRX00977,REQ02533,WST00640,C040,C046,2026-06-06,2157.58,161.93,28860.25,3378.0,Scheduled,Pending
TRX00978,REQ02534,WST00640,C059,C046,2026-07-24,527.91,162.09,12460.3,656.9,Delivered,Pending
TRX00979,REQ02536,WST00641,C032,C046,2026-07-27,3851.11,164.49,58300.1,4351.98,Delivered,Paid
TRX00980,REQ02539,WST00641,C014,C046,2026-06-20,2557.31,162.19,50408.33,3084.8,Delivered,Paid
TRX00981,REQ02542,WST00642,C050,C046,2026-06-26,238.87,286.4,4651.67,490.54,Delivered,Partially Paid
TRX00982,REQ02545,WST00643,C057,C046,2026-08-04,3658.42,334.2,74818.78,4916.74,In Transit,Paid
TRX00983,REQ02546,WST00643,C039,C046,2026-09-22,1370.36,379.59,18986.18,1644.69,Delivered,Paid
TRX00984,REQ02548,WST00643,C033,C046,2026-07-28,2111.38,368.28,18037.1,3029.85,Delivered,Paid
TRX00985,REQ02549,WST00644,C043,C046,2026-07-17,1728.43,503.69,16582.28,3562.0,Delivered,Partially Paid
TRX00986,REQ02550,WST00644,C027,C046,2026-07-30,2990.72,459.41,33332.16,6364.04,In Transit,Paid
TRX00987,REQ02552,WST00645,C015,C046,2026-08-20,628.78,45.89,10718.02,594.18,Delivered,Paid
TRX00988,REQ02553,WST00645,C049,C046,2026-07-27,760.85,63.43,13304.54,549.36,Delivered,Paid
TRX00989,REQ02558,WST00646,C060,C046,2026-07-28,190.19,195.01,4458.2,286.54,Delivered,Paid
TRX00990,REQ02563,WST00648,C036,C046,2026-06-08,424.98,138.57,8787.77,194.11,Delivered,Pending
TRX00991,REQ02565,WST00648,C049,C046,2026-09-04,671.3,118.39,12520.06,1428.21,Delivered,Paid
TRX00992,REQ02569,WST00649,C037,C046,2026-07-05,416.49,255.34,9592.69,322.92,Delivered,Partially Paid
TRX00993,REQ02570,WST00649,C060,C046,2026-08-07,157.12,262.85,2169.59,67.44,Delivered,Pending
TRX00994,REQ02572,WST00650,C054,C046,2026-07-04,1014.36,217.54,20499.43,1329.94,Delivered,Paid
TRX00995,REQ02573,WST00650,C006,C046,2026-08-12,769.31,216.41,13132.78,567.44,Scheduled,Paid
TRX00996,REQ02576,WST00651,C053,C046,2026-05-31,2447.88,135.36,31638.0,2977.51,Delivered,Paid
TRX00997,REQ02577,WST00651,C024,C046,2026-07-10,1168.69,132.67,15406.7,574.22,Scheduled,Paid
TRX00998,REQ02578,WST00651,C020,C046,2026-10-01,3491.56,154.84,54169.02,7038.7,Delivered,Paid
TRX00999,REQ02579,WST00651,C007,C046,2026-06-24,3617.37,168.67,67753.91,8494.92,Delivered,Paid
TRX01000,REQ02582,WST00652,C057,C046,2026-06-05,2826.7,244.89,44316.02,5991.63,Delivered,Paid
TRX01001,REQ02586,WST00653,C038,C046,2026-07-30,3128.75,109.96,63571.53,5003.86,In Transit,Paid
TRX01002,REQ02589,WST00653,C003,C046,2026-07-08,1184.67,100.17,13811.53,1593.06,Delivered,Partially Paid
TRX01003,REQ02591,WST00654,C003,C047,2026-08-29,935.6,86.66,12310.71,2221.96,Delivered,Paid
TRX01004,REQ02592,WST00654,C003,C047,2026-07-05,1885.23,77.1,41386.4,2983.13,Delivered,Paid
TRX01005,REQ02593,WST00654,C031,C047,2026-05-29,1826.28,69.41,33573.06,1578.08,Delivered,Paid
TRX01006,REQ02595,WST00655,C015,C047,2026-08-01,3192.5,59.27,43416.39,5995.76,Delivered,Paid
TRX01007,REQ02596,WST00655,C023,C047,2026-07-05,2005.13,58.0,45078.87,4840.43,Delivered,Paid
TRX01008,REQ02598,WST00656,C023,C047,2026-09-15,483.41,244.63,6511.85,764.45,Scheduled,Paid
TRX01009,REQ02599,WST00657,C008,C047,2026-07-27,4322.17,174.8,68249.32,9293.4,In Transit,Paid
TRX01010,REQ02602,WST00657,C019,C047,2026-06-14,3231.23,154.33,43768.5,7687.36,In Transit,Paid
TRX01011,REQ02605,WST00658,C034,C047,2026-09-18,3704.99,10.61,62773.27,1773.49,Delivered,Paid
TRX01012,REQ02607,WST00658,C026,C047,2026-09-23,2049.89,9.85,50423.57,1866.63,In Transit,Paid
TRX01013,REQ02608,WST00658,C027,C047,2026-09-09,2724.0,10.25,25875.53,2828.58,Delivered,Paid
TRX01014,REQ02613,WST00659,C053,C047,2026-07-28,1891.11,107.68,40928.29,2634.09,Delivered,Pending
TRX01015,REQ02614,WST00659,C016,C047,2026-07-12,1816.76,117.38,40858.1,1257.21,In Transit,Paid
TRX01016,REQ02620,WST00661,C032,C047,2026-09-18,392.64,550.53,9022.82,333.1,Delivered,Pending
TRX01017,REQ02627,WST00663,C056,C047,2026-05-31,1164.68,152.02,23105.43,2096.88,Scheduled,Paid
TRX01018,REQ02628,WST00663,C029,C047,2026-08-19,1089.3,197.77,21749.58,1210.73,Delivered,Paid
TRX01019,REQ02629,WST00664,C058,C047,2026-07-18,790.96,457.88,11713.7,998.45,Delivered,Paid
TRX01020,REQ02630,WST00664,C012,C047,2026-09-06,469.42,408.66,7665.47,825.49,In Transit,Paid
TRX01021,REQ02633,WST00664,C037,C047,2026-07-13,327.69,504.16,7904.43,388.54,Delivered,Paid
TRX01022,REQ02639,WST00666,C059,C047,2026-06-23,149.06,394.2,1358.31,165.92,Scheduled,Paid
TRX01023,REQ02641,WST00667,C004,C047,2026-09-25,2835.3,8.95,41000.01,4010.21,In Transit,Paid
TRX01024,REQ02642,WST00667,C011,C047,2026-08-07,1873.1,8.39,41130.96,4289.9,Delivered,Paid
TRX01025,REQ02645,WST00668,C007,C047,2026-07-10,3807.72,455.06,34469.69,8698.88,In Transit,Paid
TRX01026,REQ02649,WST00669,C019,C048,2026-07-27,354.66,78.44,6687.09,790.5,Delivered,Paid
TRX01027,REQ02650,WST00670,C009,C048,2026-09-14,581.57,316.43,7150.14,1393.07,Delivered,Pending
TRX01028,REQ02651,WST00670,C038,C048,2026-06-24,1217.18,365.06,10706.98,1174.53,Delivered,Paid
TRX01029,REQ02653,WST00671,C008,C048,2026-06-06,1449.0,273.37,30756.4,3568.62,Scheduled,Paid
TRX01030,REQ02656,WST00671,C043,C048,2026-07-10,814.86,304.15,16736.54,845.11,In Transit,Paid
TRX01031,REQ02661,WST00673,C013,C048,2026-09-19,567.15,555.85,11208.72,610.17,Delivered,Paid
TRX01032,REQ02662,WST00673,C033,C048,2026-06-25,1304.31,494.37,22757.32,2303.54,Delivered,Paid
TRX01033,REQ02666,WST00674,C037,C048,2026-07-03,2613.78,226.05,47911.94,1087.75,Delivered,Pending
TRX01034,REQ02676,WST00677,C035,C048,2026-05-27,3366.16,99.36,68830.19,7460.22,Delivered,Paid
TRX01035,REQ02680,WST00679,C008,C048,2026-06-29,1146.98,232.36,26748.3,2095.58,Scheduled,Paid
TRX01036,REQ02682,WST00680,C039,C048,2026-07-01,513.2,422.67,5370.97,1020.39,Delivered,Paid
TRX01037,REQ02686,WST00681,C012,C048,2026-07-26,537.15,146.51,7698.16,1059.27,Scheduled,Paid
TRX01038,REQ02689,WST00682,C056,C048,2026-05-29,262.93,334.64,5135.55,561.29,Delivered,Paid
TRX01039,REQ02690,WST00682,C014,C048,2026-09-03,193.69,298.52,3520.07,96.54,Delivered,Paid
TRX01040,REQ02691,WST00682,C009,C048,2026-07-13,373.47,347.88,9042.89,893.97,In Transit,Paid
TRX01041,REQ02692,WST00682,C035,C048,2026-06-07,222.68,285.98,3700.7,500.11,In Transit,Paid
TRX01042,REQ02693,WST00683,C050,C048,2026-06-03,373.02,208.29,5168.28,522.93,In Transit,Paid
TRX01043,REQ02696,WST00683,C030,C048,2026-06-20,551.99,219.63,10069.97,1016.48,Delivered,Partially Paid
TRX01044,REQ02701,WST00684,C023,C048,2026-06-08,2811.58,403.17,43886.27,5382.88,In Transit,Paid
TRX01045,REQ02705,WST00685,C027,C048,2026-09-13,3775.21,423.13,74498.3,7365.12,In Transit,Paid
TRX01046,REQ02706,WST00685,C028,C048,2026-06-06,4388.79,391.33,96406.27,3206.15,Delivered,Paid
TRX01047,REQ02708,WST00686,C045,C048,2026-06-10,1414.46,298.32,17369.51,2081.07,Delivered,Paid
TRX01048,REQ02710,WST00686,C008,C048,2026-09-12,2508.13,245.61,33445.25,1119.59,Delivered,Paid
TRX01049,REQ02711,WST00686,C052,C048,2026-07-13,1348.15,269.8,11674.29,1870.94,Delivered,Pending
TRX01050,REQ02712,WST00687,C005,C048,2026-06-03,2096.07,46.05,19173.82,2869.4,Scheduled,Paid
TRX01051,REQ02713,WST00687,C036,C048,2026-07-01,1609.12,52.72,16547.11,3259.07,Delivered,Paid
TRX01052,REQ02724,WST00690,C001,C048,2026-07-22,1694.35,146.25,31090.66,3360.6,Delivered,Paid
TRX01053,REQ02730,WST00693,C017,C048,2026-08-10,1461.86,270.94,31299.13,3060.22,Delivered,Paid
TRX01054,REQ02731,WST00694,C026,C048,2026-05-29,1709.61,340.13,36982.5,3104.05,Delivered,Paid
TRX01055,REQ02733,WST00695,C019,C049,2026-09-20,642.9,148.83,9500.48,607.41,Delivered,Paid
TRX01056,REQ02734,WST00695,C032,C049,2026-07-13,321.13,154.38,5296.2,496.23,In Transit,Paid
TRX01057,REQ02735,WST00695,C018,C049,2026-08-06,286.61,142.46,6618.94,229.93,Delivered,Paid
TRX01058,REQ02736,WST00695,C019,C049,2026-08-11,208.92,146.34,4795.74,498.86,In Transit,Partially Paid
TRX01059,REQ02739,WST00696,C005,C049,2026-07-19,1776.87,173.3,30173.02,4047.18,Delivered,Pending
TRX01060,REQ02742,WST00696,C003,C049,2026-07-16,980.09,170.55,9890.84,2158.99,Delivered,Paid
TRX01061,REQ02744,WST00697,C010,C049,2026-08-19,1620.24,439.1,31670.48,1339.64,Delivered,Pending
TRX01062,REQ02747,WST00698,C041,C049,2026-08-14,591.9,237.62,11914.18,1123.25,Delivered,Paid
TRX01063,REQ02749,WST00699,C033,C049,2026-07-02,462.65,69.63,3945.64,752.15,Delivered,Paid
TRX01064,REQ02756,WST00701,C001,C049,2026-08-11,1665.87,387.16,28819.6,2584.87,Delivered,Paid
TRX01065,REQ02758,WST00701,C027,C049,2026-08-02,1248.59,312.44,18192.78,2897.66,Delivered,Paid
TRX01066,REQ02759,WST00701,C017,C049,2026-09-21,461.07,360.97,6319.8,367.14,Scheduled,Paid
TRX01067,REQ02760,WST00701,C014,C049,2026-07-24,1241.66,315.61,19794.12,2347.87,Delivered,Paid
TRX01068,REQ02764,WST00703,C018,C049,2026-07-16,1752.49,393.17,43095.18,1107.27,Delivered,Paid
TRX01069,REQ02766,WST00703,C002,C049,2026-09-16,2325.18,381.74,43669.56,3615.37,Delivered,Pending
TRX01070,REQ02767,WST00703,C038,C049,2026-06-14,1579.38,368.78,38209.15,1449.88,Delivered,Paid
TRX01071,REQ02768,WST00703,C023,C049,2026-09-01,1528.43,339.38,37163.91,1521.63,Delivered,Paid
TRX01072,REQ02771,WST00705,C027,C049,2026-07-23,1956.75,89.77,23223.85,4145.04,Delivered,Paid
TRX01073,REQ02776,WST00706,C028,C049,2026-09-03,427.63,345.45,6850.69,263.05,In Transit,Paid
TRX01074,REQ02777,WST00706,C031,C049,2026-07-19,805.52,380.11,13432.1,1117.1,Delivered,Paid
TRX01075,REQ02785,WST00708,C016,C050,2026-06-09,1482.81,279.88,16090.65,601.48,Delivered,Paid
TRX01076,REQ02788,WST00709,C024,C050,2026-07-30,1351.53,405.78,24668.07,3133.19,Delivered,Paid
TRX01077,REQ02793,WST00710,C047,C050,2026-07-05,2084.16,154.81,33470.47,1565.84,In Transit,Paid
TRX01078,REQ02796,WST00711,C003,C050,2026-07-03,4132.17,391.26,58073.56,5237.13,In Transit,Paid
TRX01079,REQ02797,WST00711,C020,C050,2026-07-07,1588.23,519.78,15840.97,3090.28,In Transit,Partially Paid
TRX01080,REQ02799,WST00712,C019,C050,2026-06-29,2395.79,144.46,21515.19,1453.9,Delivered,Pending
TRX01081,REQ02800,WST00712,C031,C050,2026-09-10,642.58,149.18,7016.92,1573.98,Delivered,Paid
TRX01082,REQ02806,WST00713,C027,C050,2026-09-04,2348.0,156.55,20426.16,1363.76,Delivered,Paid
TRX01083,REQ02807,WST00713,C008,C050,2026-08-01,2656.76,158.97,52721.08,3960.64,Scheduled,Paid
TRX01084,REQ02808,WST00714,C044,C050,2026-09-19,3616.78,213.91,34495.93,8829.55,Delivered,Paid
TRX01085,REQ02809,WST00714,C032,C050,2026-08-29,1183.79,209.15,13506.42,2804.07,Delivered,Paid
TRX01086,REQ02810,WST00714,C046,C050,2026-08-11,3603.43,227.62,89029.22,1901.45,In Transit,Paid
TRX01087,REQ02812,WST00714,C018,C050,2026-07-21,1029.68,251.92,24863.61,524.7,Delivered,Pending
TRX01088,REQ02817,WST00715,C046,C050,2026-09-16,988.37,15.27,15935.43,1279.25,Scheduled,Partially Paid
TRX01089,REQ02819,WST00716,C054,C050,2026-07-29,2990.7,407.63,38909.6,2936.07,Scheduled,Paid
TRX01090,REQ02820,WST00716,C053,C050,2026-08-31,3450.02,377.39,36233.45,2952.93,Delivered,Paid
TRX01091,REQ02829,WST00717,C052,C050,2026-09-08,4057.87,154.92,64196.63,9555.48,Delivered,Pending
TRX01092,REQ02831,WST00718,C034,C050,2026-08-18,124.84,190.28,1088.66,150.75,Delivered,Pending
TRX01093,REQ02837,WST00719,C021,C050,2026-08-22,2670.72,382.39,64689.22,1084.07,Scheduled,Paid
TRX01094,REQ02840,WST00720,C049,C051,2026-09-05,1784.69,164.55,32131.48,1989.93,Delivered,Paid
TRX01095,REQ02841,WST00720,C026,C051,2026-09-20,2508.62,194.4,30168.93,5450.64,In Transit,Paid
TRX01096,REQ02842,WST00720,C036,C051,2026-09-25,1016.65,172.74,23780.86,764.89,In Transit,Partially Paid
TRX01097,REQ02843,WST00721,C027,C051,2026-08-01,903.83,266.62,11979.44,1275.24,Scheduled,Paid
TRX01098,REQ02846,WST00721,C009,C051,2026-08-30,717.45,280.39,17806.92,613.3,In Transit,Paid
TRX01099,REQ02847,WST00721,C028,C051,2026-08-10,1934.59,279.91,23025.21,3729.4,Delivered,Paid
TRX01100,REQ02848,WST00722,C026,C051,2026-06-05,1542.72,339.55,16491.71,735.13,Delivered,Partially Paid
TRX01101,REQ02849,WST00722,C031,C051,2026-07-31,3380.1,351.57,51406.43,6846.94,Scheduled,Paid
TRX01102,REQ02851,WST00722,C027,C051,2026-07-12,4522.76,380.82,67216.13,10087.38,Delivered,Paid
TRX01103,REQ02856,WST00724,C014,C051,2026-07-11,2373.9,472.94,28699.22,4015.68,Delivered,Paid
TRX01104,REQ02857,WST00724,C056,C051,2026-07-23,2508.91,437.88,33582.53,6017.66,In Transit,Paid
TRX01105,REQ02860,WST00724,C060,C051,2026-07-06,1542.35,463.66,26423.49,3099.19,In Transit,Paid
TRX01106,REQ02869,WST00727,C004,C051,2026-08-09,769.92,286.86,8612.01,927.98,Delivered,Partially Paid
TRX01107,REQ02870,WST00727,C043,C051,2026-08-26,985.58,234.84,8487.37,1764.87,Delivered,Paid
TRX01108,REQ02873,WST00728,C035,C051,2026-09-07,64.94,431.32,748.24,117.76,Delivered,Paid
TRX01109,REQ02875,WST00728,C011,C051,2026-06-01,170.38,435.96,2021.29,138.5,Delivered,Paid
TRX01110,REQ02878,WST00729,C013,C051,2026-05-20,256.26,270.44,3915.4,189.13,Delivered,Paid
TRX01111,REQ02880,WST00729,C019,C051,2026-06-03,147.83,267.28,2149.83,283.89,Delivered,Pending
TRX01112,REQ02881,WST00729,C024,C051,2026-09-04,222.02,303.71,3487.91,420.63,Delivered,Paid
TRX01113,REQ02888,WST00731,C058,C051,2026-08-06,1948.97,400.15,30645.62,4524.83,Delivered,Paid
TRX01114,REQ02890,WST00732,C034,C051,2026-07-28,2555.74,75.1,26474.18,2866.88,Scheduled,Paid
TRX01115,REQ02893,WST00732,C049,C051,2026-07-25,1954.22,88.86,47834.96,1480.6,Delivered,Paid
TRX01116,REQ02897,WST00733,C014,C051,2026-06-06,746.41,37.7,9108.68,1067.44,Delivered,Partially Paid
TRX01117,REQ02902,WST00734,C045,C051,2026-08-05,1152.92,440.19,17901.55,965.0,Delivered,Pending
TRX01118,REQ02903,WST00734,C042,C051,2026-09-11,2437.39,483.3,35892.8,1338.19,Delivered,Paid
TRX01119,REQ02905,WST00735,C018,C051,2026-07-03,818.9,159.4,8530.45,516.98,Delivered,Partially Paid
TRX01120,REQ02908,WST00735,C025,C051,2026-08-29,2865.05,153.72,47190.35,3988.58,Delivered,Paid
TRX01121,REQ02909,WST00735,C007,C051,2026-06-14,2068.61,176.39,34328.68,3052.02,Delivered,Partially Paid
TRX01122,REQ02910,WST00736,C037,C051,2026-05-31,993.61,83.53,17687.6,1099.26,Delivered,Paid
TRX01123,REQ02912,WST00737,C036,C051,2026-06-25,2207.97,518.74,19923.75,5443.29,Scheduled,Paid
TRX01124,REQ02914,WST00737,C019,C051,2026-08-27,1473.66,423.63,26662.94,1491.83,Scheduled,Pending
TRX01125,REQ02915,WST00738,C041,C051,2026-07-19,3250.99,418.94,67504.94,3379.57,Delivered,Paid
TRX01126,REQ02918,WST00738,C044,C051,2026-06-12,3862.24,438.48,70596.23,8710.7,In Transit,Paid
TRX01127,REQ02921,WST00739,C027,C051,2026-07-17,162.25,194.82,3950.81,101.77,Delivered,Paid
TRX01128,REQ02922,WST00739,C014,C051,2026-08-22,105.53,250.47,1556.65,261.56,In Transit,Paid
TRX01129,REQ02924,WST00740,C058,C051,2026-07-12,1036.39,311.83,10059.63,1413.65,Delivered,Paid
TRX01130,REQ02925,WST00740,C003,C051,2026-07-01,373.73,301.23,8493.35,684.03,Scheduled,Paid
TRX01131,REQ02926,WST00740,C029,C051,2026-09-19,1000.37,337.39,11959.09,1028.62,In Transit,Paid
TRX01132,REQ02927,WST00741,C037,C051,2026-07-20,624.78,40.75,5782.43,885.39,Delivered,Pending
TRX01133,REQ02932,WST00742,C022,C051,2026-09-15,1640.19,339.67,24205.77,1677.75,Delivered,Paid
TRX01134,REQ02934,WST00742,C024,C051,2026-08-01,1497.23,349.39,22260.92,1331.94,Delivered,Paid
TRX01135,REQ02937,WST00743,C030,C051,2026-07-31,1263.8,30.0,20925.68,1031.65,In Transit,Paid
TRX01136,REQ02948,WST00746,C044,C051,2026-09-14,1429.71,394.88,28618.85,3038.53,Delivered,Partially Paid
TRX01137,REQ02955,WST00747,C007,C051,2026-09-03,559.28,447.12,10833.35,712.55,Delivered,Paid
TRX01138,REQ02958,WST00747,C013,C051,2026-07-30,704.26,422.63,10259.5,1172.79,Delivered,Paid
TRX01139,REQ02959,WST00748,C020,C051,2026-06-11,2250.71,123.79,38336.5,2635.65,In Transit,Partially Paid
TRX01140,REQ02963,WST00749,C038,C051,2026-07-12,3007.95,27.48,60415.96,6320.14,Delivered,Pending
TRX01141,REQ02968,WST00751,C040,C052,2026-07-01,262.56,160.67,6543.61,651.6,Delivered,Paid
TRX01142,REQ02973,WST00752,C012,C052,2026-07-01,1103.14,430.64,15718.91,867.12,Delivered,Partially Paid
TRX01143,REQ02974,WST00752,C044,C052,2026-07-16,1127.9,556.53,18594.31,872.76,Scheduled,Pending
TRX01144,REQ02975,WST00752,C033,C052,2026-07-09,1998.59,510.48,39291.06,2289.34,Delivered,Paid
TRX01145,REQ02977,WST00752,C043,C052,2026-08-23,1660.25,489.95,17830.6,3246.48,Scheduled,Pending
TRX01146,REQ02979,WST00753,C025,C052,2026-08-06,4115.67,312.08,33328.08,8711.14,Delivered,Paid
TRX01147,REQ02980,WST00754,C030,C052,2026-07-05,1692.93,107.64,26131.35,2222.47,Scheduled,Paid
TRX01148,REQ02982,WST00754,C011,C052,2026-08-14,2905.63,111.15,24739.8,4916.07,In Transit,Paid
TRX01149,REQ02985,WST00755,C041,C052,2026-08-09,1246.8,201.26,30364.57,2339.87,Delivered,Paid
TRX01150,REQ02987,WST00756,C043,C052,2026-09-13,604.8,270.56,9856.91,813.51,Delivered,Pending
TRX01151,REQ02990,WST00756,C026,C052,2026-07-17,718.65,317.1,8203.31,501.16,Delivered,Paid
TRX01152,REQ02993,WST00757,C021,C052,2026-09-08,2046.23,414.65,17533.09,2673.17,Delivered,Paid
TRX01153,REQ02995,WST00758,C021,C052,2026-07-23,1886.31,258.88,46167.08,1534.48,Scheduled,Paid
TRX01154,REQ02996,WST00758,C039,C052,2026-07-19,1379.13,294.76,19642.29,731.42,Delivered,Paid
TRX01155,REQ02997,WST00758,C025,C052,2026-06-14,677.41,249.46,10367.87,961.39,In Transit,Paid
TRX01156,REQ03000,WST00759,C047,C052,2026-07-18,880.58,372.76,11209.42,1429.41,Scheduled,Paid
TRX01157,REQ03001,WST00759,C035,C052,2026-06-07,310.28,377.7,7493.3,235.06,Delivered,Paid
TRX01158,REQ03002,WST00760,C049,C052,2026-09-04,1737.06,304.81,43262.78,4153.16,Delivered,Partially Paid
TRX01159,REQ03003,WST00760,C001,C052,2026-09-04,1773.59,328.49,17287.49,710.16,Delivered,Paid
TRX01160,REQ03004,WST00760,C037,C052,2026-08-25,946.23,293.65,16203.3,1427.48,Delivered,Paid
TRX01161,REQ03009,WST00762,C050,C052,2026-06-18,569.14,258.26,12406.32,569.27,Scheduled,Paid
TRX01162,REQ03012,WST00762,C041,C052,2026-06-02,626.62,222.54,14799.17,588.02,Delivered,Paid
TRX01163,REQ03014,WST00763,C041,C052,2026-07-31,1982.86,53.71,40505.49,1250.12,Delivered,Paid
TRX01164,REQ03017,WST00764,C026,C052,2026-09-02,2311.9,177.72,35579.7,2749.57,Delivered,Paid
TRX01165,REQ03020,WST00764,C054,C052,2026-09-21,1423.12,170.53,13358.61,2973.04,Delivered,Pending
TRX01166,REQ03023,WST00765,C025,C052,2026-08-14,2365.71,163.8,52580.19,5008.31,Scheduled,Partially Paid
TRX01167,REQ03025,WST00765,C019,C052,2026-08-23,1941.72,153.89,30049.92,3397.5,Delivered,Paid
TRX01168,REQ03027,WST00766,C024,C052,2026-08-06,1900.91,276.86,24051.9,1568.77,In Transit,Paid
TRX01169,REQ03028,WST00766,C035,C052,2026-07-13,1319.87,336.5,31526.08,1305.35,In Transit,Paid
TRX01170,REQ03029,WST00766,C003,C052,2026-07-21,2195.82,303.12,47717.0,4887.87,Delivered,Paid
TRX01171,REQ03030,WST00767,C004,C052,2026-07-24,1120.09,8.57,21667.31,554.41,Delivered,Paid
TRX01172,REQ03032,WST00768,C006,C052,2026-07-16,179.14,24.3,4137.58,423.41,Delivered,Paid
TRX01173,REQ03035,WST00768,C043,C052,2026-06-18,152.1,24.82,2515.77,75.64,Delivered,Paid
TRX01174,REQ03036,WST00769,C021,C053,2026-07-29,1241.71,48.98,29040.58,2075.1,Delivered,Paid
TRX01175,REQ03038,WST00770,C013,C053,2026-06-17,2958.97,425.17,68764.5,6746.07,Delivered,Paid
TRX01176,REQ03039,WST00770,C001,C053,2026-07-20,1955.06,344.18,45398.9,4618.76,Delivered,Paid
TRX01177,REQ03040,WST00770,C058,C053,2026-07-14,1417.1,391.17,25475.87,2516.17,Delivered,Paid
TRX01178,REQ03041,WST00770,C020,C053,2026-08-17,1189.98,421.62,14608.14,1932.35,In Transit,Paid
TRX01179,REQ03048,WST00772,C011,C053,2026-07-31,820.34,165.75,10140.43,341.26,Delivered,Paid
TRX01180,REQ03049,WST00772,C059,C053,2026-07-05,545.21,175.18,8144.86,412.3,Scheduled,Paid
TRX01181,REQ03051,WST00773,C036,C053,2026-06-14,2527.28,225.72,60178.16,2322.51,Delivered,Pending
TRX01182,REQ03058,WST00775,C037,C053,2026-06-27,1083.42,229.29,12396.18,852.64,Delivered,Paid
TRX01183,REQ03059,WST00775,C059,C053,2026-07-17,493.52,205.64,9436.41,410.89,Delivered,Partially Paid
TRX01184,REQ03062,WST00777,C005,C053,2026-07-03,1786.45,45.18,39734.44,4154.54,In Transit,Paid
TRX01185,REQ03065,WST00778,C058,C053,2026-09-06,741.27,378.67,8325.97,610.1,Scheduled,Paid
TRX01186,REQ03076,WST00782,C022,C053,2026-08-15,489.54,316.08,7028.17,711.09,Delivered,Paid
TRX01187,REQ03079,WST00783,C044,C053,2026-06-17,1143.34,115.34,18184.5,2169.8,Delivered,Paid
TRX01188,REQ03083,WST00784,C059,C053,2026-08-19,1857.59,370.61,17921.08,934.0,Delivered,Paid
TRX01189,REQ03086,WST00785,C005,C054,2026-07-16,1155.03,220.85,23892.91,2690.88,Delivered,Pending
TRX01190,REQ03090,WST00786,C041,C054,2026-07-29,2879.97,206.75,62219.49,3090.47,Scheduled,Paid
TRX01191,REQ03091,WST00786,C060,C054,2026-09-20,2844.59,181.82,57946.62,1664.18,In Transit,Paid
TRX01192,REQ03092,WST00787,C057,C054,2026-06-28,197.71,19.59,4075.36,260.8,Delivered,Pending
TRX01193,REQ03093,WST00787,C037,C054,2026-07-19,571.13,15.26,12460.74,1239.3,Delivered,Pending
TRX01194,REQ03094,WST00787,C027,C054,2026-06-05,612.22,20.06,4953.29,1186.45,Delivered,Pending
TRX01195,REQ03096,WST00788,C035,C054,2026-09-16,1857.26,452.3,42500.96,2023.51,Scheduled,Paid
TRX01196,REQ03103,WST00790,C039,C054,2026-09-15,3165.02,465.39,70781.83,1556.09,Delivered,Paid
TRX01197,REQ03108,WST00791,C049,C054,2026-07-28,1822.64,257.49,42754.39,894.45,Delivered,Paid
TRX01198,REQ03111,WST00792,C032,C054,2026-07-02,1282.68,13.22,13592.96,959.06,Delivered,Paid
TRX01199,REQ03114,WST00793,C050,C054,2026-05-30,1047.23,424.0,24522.23,702.91,Delivered,Paid
TRX01200,REQ03120,WST00794,C056,C054,2026-06-04,666.33,249.08,10053.73,972.64,Delivered,Pending
TRX01201,REQ03121,WST00794,C057,C054,2026-09-04,1300.65,265.11,19193.96,940.91,Delivered,Paid
TRX01202,REQ03126,WST00795,C036,C054,2026-07-27,2529.28,395.96,63098.15,1818.82,Scheduled,Paid
TRX01203,REQ03130,WST00796,C013,C054,2026-06-25,851.19,153.0,15271.34,966.82,Delivered,Pending
TRX01204,REQ03132,WST00796,C052,C054,2026-07-04,987.44,153.98,10107.68,1575.22,Scheduled,Paid
TRX01205,REQ03137,WST00797,C006,C054,2026-08-08,1283.01,452.63,21174.29,707.48,Scheduled,Paid
TRX01206,REQ03138,WST00797,C019,C054,2026-07-09,1814.25,427.26,16245.52,2508.37,In Transit,Paid
TRX01207,REQ03139,WST00798,C012,C054,2026-08-13,1690.99,319.64,33759.06,4013.79,Delivered,Pending
TRX01208,REQ03144,WST00799,C015,C054,2026-07-13,2648.97,359.0,23359.35,5927.32,Delivered,Paid
TRX01209,REQ03147,WST00800,C047,C054,2026-06-30,2297.36,467.94,43211.71,1816.77,Delivered,Paid
TRX01210,REQ03148,WST00800,C013,C054,2026-08-02,1037.85,554.1,10842.17,1492.61,Delivered,Paid
TRX01211,REQ03152,WST00801,C011,C054,2026-05-28,3162.88,140.74,28026.12,7531.31,In Transit,Paid
TRX01212,REQ03153,WST00801,C026,C054,2026-06-20,720.57,152.84,17515.3,1026.71,In Transit,Pending
TRX01213,REQ03156,WST00802,C038,C054,2026-09-07,46.51,386.25,572.06,103.55,In Transit,Partially Paid
TRX01214,REQ03157,WST00802,C038,C054,2026-09-26,111.7,471.97,2563.79,68.31,Delivered,Paid
TRX01215,REQ03160,WST00802,C047,C054,2026-07-29,185.94,382.55,2555.35,275.75,Delivered,Paid
TRX01216,REQ03161,WST00803,C037,C054,2026-08-31,2227.95,104.45,44029.25,5358.63,Delivered,Paid
TRX01217,REQ03162,WST00803,C012,C054,2026-07-08,1243.23,96.65,11298.22,2537.48,Scheduled,Partially Paid
TRX01218,REQ03163,WST00803,C014,C054,2026-08-08,2724.36,104.31,39637.49,2439.65,In Transit,Paid
TRX01219,REQ03165,WST00803,C005,C054,2026-09-10,1341.77,98.78,13883.41,940.41,Delivered,Paid
TRX01220,REQ03166,WST00804,C003,C054,2026-09-02,542.95,292.67,8038.88,359.93,Delivered,Paid
TRX01221,REQ03167,WST00804,C009,C054,2026-08-13,1040.66,243.52,16952.43,1890.59,In Transit,Partially Paid
TRX01222,REQ03169,WST00804,C049,C054,2026-08-28,886.97,245.63,20646.61,443.27,Delivered,Paid
TRX01223,REQ03172,WST00805,C040,C054,2026-09-16,2406.66,346.87,50984.18,5014.52,In Transit,Paid
TRX01224,REQ03174,WST00805,C005,C054,2026-06-26,558.86,319.41,10645.38,778.7,In Transit,Paid
TRX01225,REQ03176,WST00806,C036,C054,2026-08-25,2269.67,378.92,19518.35,3599.12,Delivered,Paid
TRX01226,REQ03179,WST00806,C058,C054,2026-07-27,993.26,418.8,15928.72,478.32,In Transit,Paid
TRX01227,REQ03181,WST00807,C019,C054,2026-07-07,2666.26,317.65,43447.62,4881.31,In Transit,Paid
TRX01228,REQ03185,WST00808,C039,C055,2026-06-19,865.15,104.97,13093.93,1209.76,Delivered,Paid
TRX01229,REQ03187,WST00808,C050,C055,2026-05-30,330.43,110.36,7563.54,231.66,Delivered,Pending
TRX01230,REQ03189,WST00808,C022,C055,2026-08-06,708.94,112.5,7165.82,1596.38,Delivered,Partially Paid
TRX01231,REQ03190,WST00809,C057,C055,2026-06-06,1431.8,31.72,16318.54,2081.69,Delivered,Paid
TRX01232,REQ03197,WST00810,C040,C055,2026-06-06,2031.96,117.75,39491.45,5054.9,Delivered,Paid
TRX01233,REQ03200,WST00811,C059,C055,2026-07-01,763.79,52.3,16695.89,1344.46,Delivered,Paid
TRX01234,REQ03203,WST00812,C018,C055,2026-08-19,365.72,146.0,3004.95,766.55,Delivered,Pending
TRX01235,REQ03220,WST00816,C018,C055,2026-07-09,2825.78,189.19,57358.1,1448.11,Delivered,Paid
TRX01236,REQ03222,WST00816,C050,C055,2026-08-01,1828.18,184.24,40129.82,4353.91,Delivered,Paid
TRX01237,REQ03224,WST00816,C010,C055,2026-06-14,2141.83,209.57,41741.67,1170.3,Delivered,Partially Paid
TRX01238,REQ03225,WST00816,C003,C055,2026-08-31,672.28,209.96,12025.37,824.08,Delivered,Paid
TRX01239,REQ03229,WST00818,C032,C055,2026-07-17,4002.82,96.93,42597.71,7227.88,Scheduled,Pending
TRX01240,REQ03230,WST00818,C006,C055,2026-06-04,3010.04,126.92,36909.44,3062.9,In Transit,Paid
TRX01241,REQ03231,WST00818,C038,C055,2026-09-28,2132.49,118.76,23002.26,3243.36,Delivered,Partially Paid
TRX01242,REQ03233,WST00819,C013,C055,2026-09-29,813.31,336.39,13869.25,703.19,Delivered,Paid
TRX01243,REQ03236,WST00819,C019,C055,2026-08-12,1420.14,385.58,28525.73,2108.6,Delivered,Paid
TRX01244,REQ03241,WST00821,C016,C055,2026-08-01,128.58,58.44,1928.67,165.99,In Transit,Paid
TRX01245,REQ03244,WST00821,C036,C055,2026-09-07,83.58,46.78,1359.98,194.48,Delivered,Paid
TRX01246,REQ03254,WST00823,C023,C055,2026-07-20,3386.41,350.08,58248.89,4194.87,In Transit,Paid
TRX01247,REQ03261,WST00825,C006,C055,2026-06-19,87.0,537.25,1011.99,84.27,In Transit,Pending
TRX01248,REQ03262,WST00825,C007,C055,2026-07-22,319.24,441.12,5659.79,576.84,Delivered,Partially Paid
TRX01249,REQ03264,WST00826,C011,C055,2026-08-25,509.39,268.32,7515.99,691.46,Delivered,Paid
TRX01250,REQ03265,WST00826,C046,C055,2026-07-15,1989.72,303.4,26927.89,3296.21,Delivered,Paid
TRX01251,REQ03267,WST00827,C051,C055,2026-06-28,1721.7,287.71,42947.67,704.64,In Transit,Paid
TRX01252,REQ03268,WST00827,C042,C055,2026-06-28,833.0,290.71,16962.62,1666.01,In Transit,Paid
TRX01253,REQ03269,WST00828,C024,C056,2026-06-24,2139.36,159.43,49311.41,2879.08,Delivered,Paid
TRX01254,REQ03270,WST00828,C001,C056,2026-08-31,1140.17,142.62,28284.32,2108.73,Delivered,Paid
TRX01255,REQ03273,WST00829,C042,C056,2026-07-02,572.2,458.01,14064.81,987.92,In Transit,Paid
TRX01256,REQ03275,WST00829,C039,C056,2026-06-16,1016.04,431.99,15086.99,2148.2,Delivered,Paid
TRX01257,REQ03276,WST00829,C044,C056,2026-06-25,1564.37,513.93,35303.44,1282.47,Delivered,Pending
TRX01258,REQ03278,WST00830,C049,C056,2026-05-26,2095.08,211.29,35248.44,3288.86,Delivered,Paid
TRX01259,REQ03279,WST00830,C029,C056,2026-07-27,1976.35,237.59,46323.53,3539.55,Delivered,Pending
TRX01260,REQ03281,WST00831,C023,C056,2026-09-14,2135.98,188.45,51468.75,2232.65,Scheduled,Paid
TRX01261,REQ03282,WST00832,C002,C056,2026-07-12,262.2,489.32,3770.4,595.02,Delivered,Paid
TRX01262,REQ03283,WST00832,C003,C056,2026-06-11,247.95,434.86,5442.98,562.31,Scheduled,Paid
TRX01263,REQ03284,WST00832,C034,C056,2026-08-06,700.63,532.22,14827.41,1613.78,In Transit,Partially Paid
TRX01264,REQ03288,WST00833,C017,C056,2026-09-19,3232.22,382.54,68578.86,7905.37,In Transit,Partially Paid
TRX01265,REQ03289,WST00833,C055,C056,2026-08-30,1398.84,379.18,13766.36,891.74,Delivered,Partially Paid
TRX01266,REQ03290,WST00833,C040,C056,2026-07-26,1019.51,361.2,18359.45,2307.44,Delivered,Paid
TRX01267,REQ03293,WST00833,C044,C056,2026-07-29,2087.01,376.19,18384.5,2932.95,Scheduled,Paid
TRX01268,REQ03294,WST00834,C052,C056,2026-09-27,1279.55,421.02,28330.16,525.93,Delivered,Paid
TRX01269,REQ03303,WST00836,C039,C057,2026-08-14,1198.18,192.26,24469.33,799.9,Delivered,Pending
TRX01270,REQ03308,WST00837,C060,C057,2026-06-08,870.21,163.89,8020.49,1625.03,Delivered,Paid
TRX01271,REQ03309,WST00837,C008,C057,2026-09-03,1014.19,181.17,14812.1,1174.01,In Transit,Pending
TRX01272,REQ03310,WST00838,C052,C057,2026-07-31,102.93,49.96,2268.31,45.01,Delivered,Paid
TRX01273,REQ03312,WST00838,C021,C057,2026-09-07,428.16,50.87,6492.62,879.56,Delivered,Pending
TRX01274,REQ03313,WST00838,C025,C057,2026-08-04,277.28,38.58,3188.92,368.89,Delivered,Paid
TRX01275,REQ03314,WST00839,C050,C057,2026-06-12,975.75,314.9,11723.82,784.73,Delivered,Partially Paid
TRX01276,REQ03320,WST00840,C043,C057,2026-08-25,820.64,118.43,7480.79,644.88,Delivered,Partially Paid
TRX01277,REQ03324,WST00841,C015,C057,2026-08-04,599.17,288.63,10920.25,280.05,In Transit,Paid
TRX01278,REQ03328,WST00841,C054,C057,2026-09-14,1070.31,271.9,11256.29,961.68,Delivered,Paid
TRX01279,REQ03329,WST00842,C035,C057,2026-09-06,2297.77,369.26,53901.15,1132.54,Scheduled,Paid
TRX01280,REQ03331,WST00842,C014,C057,2026-09-03,2327.84,389.8,25729.9,3080.49,Delivered,Paid
TRX01281,REQ03336,WST00843,C012,C057,2026-09-30,739.66,388.54,13599.29,991.27,Delivered,Paid
TRX01282,REQ03338,WST00844,C015,C057,2026-07-04,440.9,64.7,4087.33,216.38,Delivered,Paid
TRX01283,REQ03339,WST00845,C038,C057,2026-05-23,264.05,146.47,3667.24,361.13,Scheduled,Paid
TRX01284,REQ03343,WST00846,C007,C057,2026-08-04,859.96,5.88,17599.37,681.1,Delivered,Paid
TRX01285,REQ03346,WST00847,C021,C057,2026-08-28,952.31,167.8,13505.74,640.81,Delivered,Paid
TRX01286,REQ03347,WST00847,C010,C057,2026-06-24,1274.66,173.34,12600.57,1910.57,Delivered,Paid
TRX01287,REQ03349,WST00848,C060,C057,2026-07-06,933.88,285.85,10895.64,880.62,Delivered,Paid
TRX01288,REQ03352,WST00849,C059,C057,2026-07-04,3377.78,132.48,36102.72,4743.07,Delivered,Paid
TRX01289,REQ03354,WST00849,C059,C057,2026-09-06,2507.44,135.75,40304.26,2316.09,Delivered,Paid
TRX01290,REQ03360,WST00850,C022,C057,2026-08-26,441.78,98.77,4536.02,1049.09,Delivered,Paid
TRX01291,REQ03365,WST00852,C013,C057,2026-05-26,1317.23,268.36,12574.24,567.63,Scheduled,Paid
TRX01292,REQ03367,WST00852,C016,C057,2026-07-20,855.64,270.48,7275.1,559.76,Delivered,Pending
TRX01293,REQ03369,WST00853,C035,C057,2026-08-02,1137.09,239.34,15966.0,2751.77,Delivered,Paid
TRX01294,REQ03370,WST00853,C036,C057,2026-07-01,1581.93,216.9,36134.63,2201.7,Delivered,Paid
TRX01295,REQ03372,WST00853,C008,C057,2026-09-15,1728.77,282.87,31980.64,1804.95,In Transit,Paid
TRX01296,REQ03373,WST00854,C040,C057,2026-09-18,4358.81,281.78,97414.79,4889.93,Delivered,Paid
TRX01297,REQ03377,WST00854,C028,C057,2026-07-27,1585.26,305.28,38314.06,2466.42,Delivered,Paid
TRX01298,REQ03380,WST00855,C009,C058,2026-09-21,594.54,234.45,11350.71,601.44,In Transit,Partially Paid
TRX01299,REQ03381,WST00856,C024,C058,2026-08-06,1056.15,76.95,18142.35,998.38,Delivered,Partially Paid
TRX01300,REQ03384,WST00857,C059,C058,2026-06-20,731.01,188.88,17591.81,1499.76,Delivered,Partially Paid
TRX01301,REQ03390,WST00858,C048,C058,2026-08-28,442.28,26.46,7211.88,861.17,Delivered,Paid
TRX01302,REQ03393,WST00859,C046,C058,2026-08-11,565.32,200.78,10769.47,564.83,In Transit,Paid
TRX01303,REQ03399,WST00861,C034,C058,2026-08-17,1745.29,345.48,38660.47,3845.57,Delivered,Paid
TRX01304,REQ03400,WST00861,C025,C058,2026-07-03,1541.76,337.97,30987.89,1659.42,Delivered,Pending
TRX01305,REQ03401,WST00861,C028,C058,2026-09-04,1351.65,314.98,22561.23,2354.15,Delivered,Pending
TRX01306,REQ03415,WST00865,C016,C058,2026-09-26,407.25,71.46,9341.17,815.74,Scheduled,Paid
TRX01307,REQ03417,WST00866,C014,C058,2026-09-03,403.18,235.25,4841.0,989.01,In Transit,Partially Paid
TRX01308,REQ03419,WST00866,C055,C058,2026-07-05,1185.87,314.14,19988.43,2318.31,Scheduled,Paid
TRX01309,REQ03420,WST00866,C038,C058,2026-07-01,611.39,295.68,4936.94,1479.82,Scheduled,Paid
TRX01310,REQ03421,WST00866,C021,C058,2026-06-25,618.18,293.75,12201.58,1522.87,In Transit,Paid
TRX01311,REQ03423,WST00867,C046,C059,2026-06-22,629.23,345.85,12361.97,646.2,In Transit,Paid
TRX01312,REQ03427,WST00868,C042,C059,2026-06-12,231.84,388.9,4405.66,440.3,Scheduled,Paid
TRX01313,REQ03428,WST00868,C035,C059,2026-07-27,101.53,307.07,2206.58,150.69,Delivered,Paid
TRX01314,REQ03429,WST00868,C005,C059,2026-09-10,114.82,385.64,1453.63,114.93,Delivered,Paid
TRX01315,REQ03431,WST00869,C049,C059,2026-09-09,737.07,177.08,13357.46,929.6,Delivered,Paid
TRX01316,REQ03433,WST00869,C014,C059,2026-07-31,785.99,191.57,16026.06,1473.45,In Transit,Paid
TRX01317,REQ03435,WST00870,C030,C059,2026-07-11,231.02,303.78,5487.12,543.3,Delivered,Paid
TRX01318,REQ03438,WST00870,C028,C059,2026-09-13,521.51,329.06,12619.9,454.72,Scheduled,Paid
TRX01319,REQ03441,WST00871,C033,C059,2026-06-19,1440.84,31.95,17291.06,626.89,Delivered,Pending
TRX01320,REQ03442,WST00871,C029,C059,2026-05-27,1692.84,28.56,13603.92,3028.48,Scheduled,Paid
TRX01321,REQ03452,WST00874,C046,C059,2026-06-04,564.27,214.91,5228.33,689.12,In Transit,Paid
TRX01322,REQ03459,WST00876,C020,C059,2026-08-01,484.53,521.64,5570.39,998.12,Delivered,Paid
TRX01323,REQ03464,WST00877,C030,C059,2026-06-14,1141.54,175.73,21453.52,2318.18,Delivered,Paid
TRX01324,REQ03465,WST00878,C020,C059,2026-07-26,3587.96,422.34,79628.39,5790.42,Scheduled,Paid
TRX01325,REQ03466,WST00878,C052,C059,2026-05-26,2316.29,516.02,28852.91,5643.1,In Transit,Pending
TRX01326,REQ03467,WST00878,C039,C059,2026-07-23,1791.87,502.85,30521.02,3778.74,Delivered,Paid
TRX01327,REQ03468,WST00878,C003,C059,2026-06-23,2175.1,495.12,33398.0,965.15,In Transit,Paid
TRX01328,REQ03474,WST00879,C044,C059,2026-10-06,294.8,423.96,5723.59,161.58,In Transit,Paid
TRX01329,REQ03478,WST00881,C039,C059,2026-08-15,1210.23,436.32,20664.69,2327.53,Delivered,Paid
TRX01330,REQ03479,WST00881,C055,C059,2026-09-02,491.97,367.6,6478.33,479.3,Delivered,Paid
TRX01331,REQ03481,WST00881,C004,C059,2026-07-18,732.03,394.4,11373.96,914.47,Delivered,Paid
TRX01332,REQ03483,WST00882,C025,C059,2026-08-21,901.84,360.72,11543.38,1856.93,Delivered,Paid
TRX01333,REQ03484,WST00882,C043,C059,2026-07-31,1316.1,336.72,16723.55,2550.2,Scheduled,Paid
TRX01334,REQ03485,WST00882,C013,C059,2026-08-20,866.83,323.62,21186.69,893.34,Delivered,Paid
TRX01335,REQ03486,WST00882,C023,C059,2026-07-07,1512.07,299.99,13305.23,2094.01,In Transit,Paid
TRX01336,REQ03490,WST00884,C051,C060,2026-07-23,914.3,138.65,21684.66,879.62,Delivered,Paid
TRX01337,REQ03499,WST00886,C052,C060,2026-07-10,327.06,333.69,4424.91,320.73,In Transit,Pending
TRX01338,REQ03505,WST00888,C004,C060,2026-08-29,411.39,223.27,4927.1,983.92,In Transit,Paid
TRX01339,REQ03509,WST00889,C055,C060,2026-07-23,1613.41,528.73,27532.94,3479.56,In Transit,Pending
TRX01340,REQ03515,WST00891,C046,C060,2026-07-29,760.59,284.51,17371.86,658.54,Scheduled,Pending
TRX01341,REQ03517,WST00892,C003,C060,2026-06-09,2244.31,469.38,29055.25,5523.03,Delivered,Paid
TRX01342,REQ03519,WST00892,C030,C060,2026-06-14,790.09,454.23,14544.97,1089.17,Delivered,Pending
TRX01343,REQ03522,WST00893,C011,C060,2026-06-26,233.27,192.27,2469.75,481.56,Delivered,Paid
TRX01344,REQ03523,WST00893,C045,C060,2026-06-28,274.19,174.87,3596.92,227.55,In Transit,Paid
TRX01345,REQ03524,WST00893,C025,C060,2026-08-02,687.49,169.65,9672.3,1340.24,Scheduled,Paid
TRX01346,REQ03526,WST00893,C045,C060,2026-09-06,370.09,163.38,3651.23,590.98,Delivered,Paid
TRX01347,REQ03529,WST00894,C017,C060,2026-07-30,2243.21,554.76,24339.77,4387.73,Scheduled,Partially Paid
TRX01348,REQ03530,WST00894,C007,C060,2026-06-22,2150.64,527.06,30327.56,2483.55,Delivered,Partially Paid
TRX01349,REQ03534,WST00895,C048,C060,2026-07-03,2887.66,198.81,52857.27,4846.71,Delivered,Paid
TRX01350,REQ03535,WST00895,C016,C060,2026-07-30,3333.73,218.05,31068.01,4317.7,In Transit,Paid
TRX01351,REQ03536,WST00896,C028,C060,2026-09-11,1770.0,285.17,41747.33,4241.15,Scheduled,Partially Paid
TRX01352,REQ03540,WST00897,C032,C060,2026-09-09,2767.01,509.09,52252.66,5126.66,Delivered,Partially Paid
TRX01353,REQ03541,WST00897,C032,C060,2026-06-13,2414.47,431.99,29889.98,4002.33,Delivered,Paid
TRX01354,REQ03542,WST00897,C002,C060,2026-06-18,3408.63,416.41,29091.5,3408.42,Delivered,Paid
TRX01355,REQ03544,WST00897,C029,C060,2026-07-26,2399.41,481.37,46173.4,1939.43,Delivered,Pending
TRX01356,REQ03546,WST00898,C024,C060,2026-07-15,1330.15,192.48,10784.86,2156.64,Scheduled,Paid
TRX01357,REQ03550,WST00899,C017,C060,2026-07-06,344.84,491.88,4778.48,589.99,In Transit,Paid
TRX01358,REQ03551,WST00899,C059,C060,2026-09-17,168.65,425.69,2287.89,315.55,Delivered,Pending
TRX01359,REQ03552,WST00900,C001,C060,2026-06-23,852.57,150.19,12785.73,1654.39,Delivered,Paid
TRX01360,REQ03554,WST00900,C035,C060,2026-07-06,1254.27,128.93,18975.38,2477.35,Delivered,Paid
TRX01361,REQ03556,WST00900,C032,C060,2026-07-01,489.74,121.09,10150.79,832.72,In Transit,Paid
TRX01362,REQ03561,WST00902,C032,C060,2026-09-12,845.4,197.38,8228.88,1190.48,Delivered,Paid
TRX01363,REQ03563,WST00902,C013,C060,2026-07-18,189.7,215.35,2581.31,83.35,Scheduled,Pending
TRX01364,REQ03564,WST00902,C014,C060,2026-08-31,619.34,212.52,12871.56,670.17,Delivered,Paid
TRX01365,REQ03565,WST00902,C011,C060,2026-09-04,201.88,177.03,4415.84,357.75,In Transit,Paid
TRX01366,REQ03567,WST00903,C014,C060,2026-07-24,1238.2,36.55,16242.47,1163.17,Delivered,Paid
TRX01367,REQ03568,WST00903,C055,C060,2026-06-19,1623.21,37.41,20071.32,3267.47,Scheduled,Paid
TRX01368,REQ03575,WST00904,C006,C060,2026-09-23,1018.96,14.89,14965.64,764.78,Delivered,Paid
TRX01369,REQ03576,WST00905,C005,C060,2026-07-10,1465.85,510.84,21584.94,3449.81,Scheduled,Partially Paid
TRX01370,REQ03580,WST00905,C022,C060,2026-09-20,539.06,416.03,8208.38,1127.73,Scheduled,Paid
TRX01371,REQ03581,WST00905,C012,C060,2026-07-26,368.01,385.56,8924.85,472.04,Delivered,Paid
TRX01372,REQ03582,WST00906,C046,C060,2026-07-10,147.77,276.82,1270.1,280.87,Delivered,Paid
TRX01373,REQ03583,WST00906,C047,C060,2026-07-24,83.1,286.12,1176.57,150.35,Delivered,Paid
TRX01374,REQ03585,WST00906,C039,C060,2026-08-03,229.03,296.67,5071.69,189.21,In Transit,Paid
TRX01375,REQ03588,WST00907,C009,C060,2026-06-24,1119.34,463.88,12277.49,1837.33,Delivered,Pending
TRX01376,REQ03589,WST00907,C001,C060,2026-09-19,2469.38,396.76,54511.45,5837.42,Delivered,Paid
TRX01377,REQ03590,WST00907,C022,C060,2026-06-25,917.81,371.66,18403.27,2167.3,Delivered,Pending
TRX01378,REQ03592,WST00907,C007,C060,2026-08-25,1602.34,366.21,23666.64,2815.9,Delivered,Paid
TRX01379,REQ03593,WST00907,C005,C060,2026-06-30,1259.68,367.32,24971.97,1300.46,Delivered,Paid
TRX01380,REQ03595,WST00908,C040,C060,2026-09-21,3589.66,460.38,68785.66,4180.68,In Transit,Paid
TRX01381,REQ03598,WST00908,C057,C060,2026-07-02,3030.31,413.31,31821.16,4004.62,Delivered,Paid
TRX01382,REQ03601,WST00909,C033,C060,2026-08-09,1078.25,279.36,9288.68,1306.85,Scheduled,Paid
TRX01383,REQ03608,WST00911,C050,C060,2026-09-20,3566.4,461.39,40732.76,1816.7,Delivered,Paid
TRX01384,REQ03610,WST00911,C003,C060,2026-07-03,2775.3,441.51,47793.64,6777.59,In Transit,Paid
TRX01385,REQ03611,WST00912,C010,C060,2026-08-15,1258.33,412.49,30187.77,2579.13,Delivered,Paid
TRX01386,REQ03614,WST00912,C047,C060,2026-06-09,1695.14,402.79,20557.07,4096.35,Delivered,Paid
