waste_id,material_id,plant_id,company_id,quantity,unit,purity_percentage,availability_date,expiry_date,storage_condition,urgency,asking_price_per_unit,listing_status,carbon_saving_score,created_at
WST00001,M001,P001,C001,3298.44,litre,88.21,2026-09-28,2026-11-15,Cold Storage,Low,47.5,Active,30.01,2026-09-13 09:16:46.906701
WST00002,M001,P001,C001,4251.57,litre,92.94,2026-10-08,2026-11-12,Outdoor Storage,Medium,197.71,Reserved,97.93,2026-09-13 09:16:46.906701
WST00003,M002,P001,C001,252.67,kg,63.0,2026-09-21,2026-11-14,Covered Warehouse,High,322.18,Active,93.22,2026-09-13 09:16:46.906701
WST00004,M002,P001,C001,3428.0,litre,98.1,2026-09-28,2026-11-01,Indoor Storage,Low,398.56,Expired,71.64,2026-09-13 09:16:46.906701
WST00005,M003,P001,C001,4790.9,kg,90.8,2026-09-26,2026-10-24,Indoor Storage,Medium,277.95,Expired,32.84,2026-09-13 09:16:46.906701
WST00006,M003,P001,C001,2185.92,kg,73.56,2026-09-29,2026-11-05,Cold Storage,High,342.77,Sold,18.25,2026-09-13 09:16:46.906701
WST00007,M004,P002,C002,4598.81,ton,72.27,2026-10-02,2026-10-27,Indoor Storage,Medium,378.47,Sold,90.69,2026-09-13 09:16:46.906701
WST00008,M004,P002,C002,4961.76,litre,84.9,2026-09-13,2026-10-24,Dry Storage,High,18.05,Expired,69.39,2026-09-13 09:16:46.906701
WST00009,M004,P002,C002,584.85,piece,91.75,2026-09-28,2026-11-20,Indoor Storage,Medium,183.56,Active,64.14,2026-09-13 09:16:46.906701
WST00010,M005,P002,C002,3033.24,piece,80.23,2026-10-13,2026-11-08,Cold Storage,Low,325.41,Expired,85.32,2026-09-13 09:16:46.906701
WST00011,M005,P002,C002,1228.25,ton,69.91,2026-10-01,2026-11-14,Outdoor Storage,Medium,399.58,Expired,70.28,2026-09-13 09:16:46.906701
WST00012,M005,P002,C002,1314.01,piece,72.27,2026-10-06,2026-11-10,Indoor Storage,Medium,300.56,Sold,99.72,2026-09-13 09:16:46.906701
WST00013,M006,P002,C002,2668.07,litre,69.17,2026-09-21,2026-10-30,Indoor Storage,Low,129.74,Expired,55.71,2026-09-13 09:16:46.907873
WST00014,M006,P002,C002,2827.21,litre,92.85,2026-10-11,2026-11-28,Outdoor Storage,High,414.04,Active,74.9,2026-09-13 09:16:46.907873
WST00015,M007,P003,C003,2380.76,piece,72.5,2026-10-02,2026-11-07,Covered Warehouse,Medium,335.47,Reserved,34.71,2026-09-13 09:16:46.907873
WST00016,M007,P003,C003,3167.28,piece,71.97,2026-09-24,2026-11-08,Cold Storage,Low,313.63,Active,94.2,2026-09-13 09:16:46.907873
WST00017,M008,P003,C003,3879.33,ton,62.48,2026-10-05,2026-11-25,Covered Warehouse,Medium,342.58,Expired,43.87,2026-09-13 09:16:46.907873
WST00018,M008,P003,C003,392.54,litre,97.26,2026-09-14,2026-10-01,Indoor Storage,High,104.74,Active,94.29,2026-09-13 09:16:46.907873
WST00019,M008,P003,C003,216.18,piece,93.04,2026-09-21,2026-11-05,Dry Storage,High,209.56,Sold,39.67,2026-09-13 09:16:46.907873
WST00020,M009,P003,C003,4396.39,piece,60.71,2026-10-12,2026-12-10,Outdoor Storage,High,348.08,Sold,14.73,2026-09-13 09:16:46.907873
WST00021,M009,P003,C003,3788.39,kg,65.32,2026-09-14,2026-11-01,Outdoor Storage,High,295.5,Active,15.82,2026-09-13 09:16:46.907873
WST00022,M010,P003,C003,4334.03,piece,80.36,2026-10-08,2026-11-17,Covered Warehouse,High,476.06,Expired,95.2,2026-09-13 09:16:46.907873
WST00023,M010,P003,C003,2403.46,piece,92.51,2026-09-29,2026-11-26,Dry Storage,High,77.47,Expired,62.67,2026-09-13 09:16:46.907873
WST00024,M010,P003,C003,1008.11,litre,63.98,2026-10-05,2026-11-03,Outdoor Storage,High,424.58,Reserved,72.13,2026-09-13 09:16:46.907873
WST00025,M011,P004,C004,1905.75,piece,60.12,2026-09-16,2026-11-10,Covered Warehouse,High,172.27,Active,67.42,2026-09-13 09:16:46.907873
WST00026,M011,P004,C004,325.35,ton,97.94,2026-10-02,2026-10-21,Cold Storage,Medium,487.93,Reserved,33.08,2026-09-13 09:16:46.907873
WST00027,M011,P004,C004,2176.61,litre,67.59,2026-10-04,2026-11-04,Covered Warehouse,Medium,380.83,Expired,84.99,2026-09-13 09:16:46.907873
WST00028,M012,P004,C004,4085.13,litre,91.43,2026-10-12,2026-11-24,Outdoor Storage,Medium,407.16,Sold,23.35,2026-09-13 09:16:46.907873
WST00029,M012,P004,C004,906.35,kg,82.03,2026-10-05,2026-11-30,Outdoor Storage,Medium,159.36,Reserved,45.41,2026-09-13 09:16:46.907873
WST00030,M013,P004,C004,3563.43,litre,64.53,2026-10-03,2026-11-11,Cold Storage,Low,314.7,Reserved,70.46,2026-09-13 09:16:46.907873
WST00031,M013,P004,C004,1354.83,piece,82.97,2026-09-26,2026-11-03,Cold Storage,Low,364.34,Reserved,75.33,2026-09-13 09:16:46.907873
WST00032,M014,P005,C005,692.83,kg,84.25,2026-10-07,2026-11-13,Covered Warehouse,Low,379.82,Reserved,30.94,2026-09-13 09:16:46.907873
WST00033,M014,P005,C005,1449.13,litre,90.92,2026-10-04,2026-11-10,Cold Storage,Medium,220.26,Active,78.75,2026-09-13 09:16:46.907873
WST00034,M014,P005,C005,2612.54,piece,78.94,2026-10-06,2026-11-04,Outdoor Storage,Medium,115.33,Active,45.32,2026-09-13 09:16:46.907873
WST00035,M015,P005,C005,4421.83,litre,90.05,2026-09-22,2026-11-20,Indoor Storage,High,467.0,Reserved,60.05,2026-09-13 09:16:46.907873
WST00036,M015,P005,C005,1138.14,ton,96.31,2026-09-18,2026-11-17,Covered Warehouse,Medium,135.77,Active,39.51,2026-09-13 09:16:46.907873
WST00037,M015,P005,C005,3952.96,piece,81.76,2026-09-16,2026-10-20,Dry Storage,High,349.05,Sold,89.3,2026-09-13 09:16:46.907873
WST00038,M016,P006,C005,1943.6,piece,85.37,2026-09-18,2026-11-06,Indoor Storage,Low,350.51,Active,83.73,2026-09-13 09:16:46.908877
WST00039,M016,P006,C005,4052.64,piece,87.89,2026-10-05,2026-11-03,Outdoor Storage,Low,21.91,Reserved,45.04,2026-09-13 09:16:46.908877
WST00040,M017,P006,C005,850.87,ton,62.96,2026-10-08,2026-11-28,Cold Storage,Low,358.35,Active,22.32,2026-09-13 09:16:46.908877
WST00041,M017,P006,C005,4947.5,ton,83.93,2026-10-13,2026-12-09,Covered Warehouse,Medium,104.09,Reserved,26.82,2026-09-13 09:16:46.908877
WST00042,M018,P006,C005,2970.9,kg,85.48,2026-09-20,2026-10-16,Dry Storage,Medium,69.18,Reserved,39.57,2026-09-13 09:16:46.908877
WST00043,M018,P006,C005,2565.18,ton,90.56,2026-09-30,2026-10-15,Outdoor Storage,Medium,359.13,Expired,93.15,2026-09-13 09:16:46.908877
WST00044,M019,P007,C006,3391.46,kg,73.53,2026-09-22,2026-10-31,Indoor Storage,Low,389.62,Reserved,17.81,2026-09-13 09:16:46.908877
WST00045,M019,P007,C006,1113.33,piece,78.93,2026-09-21,2026-10-07,Covered Warehouse,High,395.96,Sold,35.92,2026-09-13 09:16:46.908877
WST00046,M020,P007,C006,2906.15,kg,84.99,2026-09-20,2026-10-16,Dry Storage,High,425.21,Active,57.22,2026-09-13 09:16:46.908877
WST00047,M020,P007,C006,4296.91,litre,89.98,2026-10-08,2026-11-09,Covered Warehouse,High,52.35,Reserved,36.07,2026-09-13 09:16:46.908877
WST00048,M021,P007,C006,4666.53,litre,88.99,2026-10-12,2026-11-01,Covered Warehouse,High,196.5,Expired,90.47,2026-09-13 09:16:46.908877
WST00049,M021,P007,C006,4862.1,litre,78.75,2026-09-28,2026-10-30,Indoor Storage,Medium,368.91,Expired,17.09,2026-09-13 09:16:46.908877
WST00050,M021,P007,C006,1076.63,litre,91.99,2026-10-03,2026-11-05,Dry Storage,Low,325.71,Expired,51.13,2026-09-13 09:16:46.908877
WST00051,M022,P007,C006,1605.4,litre,67.24,2026-10-12,2026-11-26,Cold Storage,High,297.44,Active,39.94,2026-09-13 09:16:46.908877
WST00052,M022,P007,C006,922.78,kg,66.45,2026-10-04,2026-10-30,Cold Storage,High,411.06,Reserved,16.87,2026-09-13 09:16:46.908877
WST00053,M023,P007,C006,2542.83,piece,76.19,2026-09-14,2026-10-05,Dry Storage,High,109.16,Sold,62.82,2026-09-13 09:16:46.908877
WST00054,M023,P007,C006,429.43,kg,76.61,2026-09-21,2026-10-31,Cold Storage,Low,399.31,Active,70.55,2026-09-13 09:16:46.908877
WST00055,M023,P007,C006,337.98,piece,71.02,2026-09-26,2026-10-14,Outdoor Storage,High,195.79,Active,55.08,2026-09-13 09:16:46.908877
WST00056,M024,P008,C007,1453.94,litre,63.26,2026-10-08,2026-10-23,Cold Storage,High,455.17,Expired,88.62,2026-09-13 09:16:46.908877
WST00057,M024,P008,C007,3630.49,piece,96.95,2026-09-24,2026-10-24,Outdoor Storage,High,397.56,Expired,19.32,2026-09-13 09:16:46.908877
WST00058,M024,P008,C007,350.67,ton,69.77,2026-10-03,2026-11-12,Indoor Storage,Medium,189.96,Sold,76.81,2026-09-13 09:16:46.908877
WST00059,M025,P008,C007,4516.25,litre,78.6,2026-09-25,2026-10-31,Outdoor Storage,High,58.05,Reserved,88.12,2026-09-13 09:16:46.908877
WST00060,M025,P008,C007,4344.31,ton,84.3,2026-09-23,2026-10-25,Indoor Storage,High,90.74,Sold,27.95,2026-09-13 09:16:46.908877
WST00061,M025,P008,C007,3178.6,kg,84.38,2026-09-19,2026-11-15,Covered Warehouse,High,211.89,Expired,92.72,2026-09-13 09:16:46.908877
WST00062,M026,P008,C007,3920.23,ton,95.44,2026-09-30,2026-11-12,Outdoor Storage,Low,84.17,Reserved,17.52,2026-09-13 09:16:46.908877
WST00063,M026,P008,C007,2230.15,kg,67.99,2026-09-24,2026-10-27,Outdoor Storage,High,411.11,Expired,92.09,2026-09-13 09:16:46.909880
WST00064,M027,P009,C008,1155.42,litre,90.44,2026-10-11,2026-12-01,Cold Storage,Low,81.11,Reserved,70.61,2026-09-13 09:16:46.909880
WST00065,M027,P009,C008,2511.89,kg,85.3,2026-09-23,2026-11-08,Cold Storage,Medium,137.79,Expired,25.09,2026-09-13 09:16:46.909880
WST00066,M027,P009,C008,537.52,kg,94.73,2026-10-06,2026-11-21,Cold Storage,Low,77.5,Reserved,30.87,2026-09-13 09:16:46.909880
WST00067,M028,P009,C008,4338.61,ton,74.24,2026-09-15,2026-10-26,Covered Warehouse,Low,394.62,Sold,70.84,2026-09-13 09:16:46.909880
WST00068,M028,P009,C008,1480.57,kg,78.36,2026-10-05,2026-11-22,Cold Storage,Medium,421.67,Sold,65.46,2026-09-13 09:16:46.909880
WST00069,M029,P009,C008,593.42,piece,84.57,2026-09-22,2026-10-20,Outdoor Storage,High,367.87,Reserved,33.09,2026-09-13 09:16:46.909880
WST00070,M029,P009,C008,3548.29,piece,60.13,2026-09-13,2026-10-19,Dry Storage,High,335.33,Reserved,60.19,2026-09-13 09:16:46.909880
WST00071,M029,P009,C008,126.5,piece,97.25,2026-09-21,2026-11-17,Covered Warehouse,Medium,160.78,Sold,94.24,2026-09-13 09:16:46.909880
WST00072,M030,P009,C008,134.04,litre,83.1,2026-09-18,2026-10-07,Cold Storage,Low,230.82,Expired,22.38,2026-09-13 09:16:46.909880
WST00073,M030,P009,C008,4628.44,litre,93.09,2026-10-08,2026-12-03,Cold Storage,High,361.76,Active,53.59,2026-09-13 09:16:46.909880
WST00074,M031,P010,C008,557.12,ton,72.52,2026-10-07,2026-11-08,Cold Storage,Low,74.12,Expired,34.46,2026-09-13 09:16:46.909880
WST00075,M031,P010,C008,3412.1,litre,60.68,2026-10-09,2026-11-24,Indoor Storage,High,33.85,Active,68.07,2026-09-13 09:16:46.909880
WST00076,M032,P010,C008,4710.4,piece,95.04,2026-10-12,2026-11-08,Indoor Storage,High,354.83,Sold,97.86,2026-09-13 09:16:46.909880
WST00077,M032,P010,C008,3716.37,kg,84.21,2026-09-22,2026-10-15,Indoor Storage,Medium,348.05,Reserved,21.93,2026-09-13 09:16:46.909880
WST00078,M033,P011,C009,2712.1,litre,61.03,2026-09-13,2026-10-24,Cold Storage,Low,440.99,Active,52.41,2026-09-13 09:16:46.909880
WST00079,M033,P011,C009,3157.53,litre,76.06,2026-09-21,2026-10-31,Dry Storage,Medium,113.01,Expired,16.17,2026-09-13 09:16:46.909880
WST00080,M034,P011,C009,1448.83,ton,78.96,2026-09-25,2026-11-13,Dry Storage,Low,351.24,Sold,79.13,2026-09-13 09:16:46.909880
WST00081,M034,P011,C009,4758.59,litre,81.71,2026-10-10,2026-10-26,Dry Storage,Low,446.09,Expired,83.99,2026-09-13 09:16:46.909880
WST00082,M034,P011,C009,1253.31,ton,66.34,2026-09-22,2026-11-17,Outdoor Storage,Low,23.92,Sold,25.93,2026-09-13 09:16:46.909880
WST00083,M035,P011,C009,152.38,kg,97.37,2026-09-13,2026-11-03,Dry Storage,Medium,235.36,Reserved,57.91,2026-09-13 09:16:46.909880
WST00084,M035,P011,C009,814.32,kg,63.24,2026-09-15,2026-10-20,Outdoor Storage,Medium,465.58,Reserved,88.75,2026-09-13 09:16:46.909880
WST00085,M036,P011,C009,1902.38,litre,97.99,2026-10-11,2026-10-30,Dry Storage,High,17.04,Sold,96.32,2026-09-13 09:16:46.909880
WST00086,M036,P011,C009,3782.68,litre,69.99,2026-09-26,2026-10-26,Dry Storage,Medium,220.61,Reserved,37.13,2026-09-13 09:16:46.909880
WST00087,M037,P012,C009,942.9,kg,67.12,2026-10-01,2026-11-18,Dry Storage,High,464.26,Expired,94.0,2026-09-13 09:16:46.910882
WST00088,M037,P012,C009,2686.89,piece,81.05,2026-10-04,2026-11-12,Outdoor Storage,Medium,469.47,Active,20.54,2026-09-13 09:16:46.910882
WST00089,M037,P012,C009,1919.35,kg,98.45,2026-09-21,2026-10-10,Indoor Storage,Low,140.63,Active,32.08,2026-09-13 09:16:46.910882
WST00090,M038,P012,C009,683.94,piece,67.86,2026-09-21,2026-10-18,Outdoor Storage,Medium,224.24,Reserved,50.18,2026-09-13 09:16:46.910882
WST00091,M038,P012,C009,4872.75,litre,68.32,2026-10-12,2026-11-09,Cold Storage,Low,270.26,Reserved,31.46,2026-09-13 09:16:46.910882
WST00092,M038,P012,C009,1297.24,litre,98.85,2026-10-01,2026-10-22,Dry Storage,Low,99.5,Sold,43.75,2026-09-13 09:16:46.910882
WST00093,M039,P013,C010,718.85,piece,69.64,2026-09-22,2026-11-02,Outdoor Storage,Low,109.97,Expired,28.34,2026-09-13 09:16:46.910882
WST00094,M039,P013,C010,4431.43,litre,98.36,2026-10-04,2026-12-03,Outdoor Storage,Low,482.71,Reserved,15.7,2026-09-13 09:16:46.910882
WST00095,M039,P013,C010,525.35,ton,73.94,2026-09-14,2026-10-24,Indoor Storage,High,308.31,Reserved,90.8,2026-09-13 09:16:46.910882
WST00096,M040,P013,C010,200.54,piece,91.69,2026-10-01,2026-11-02,Cold Storage,High,207.02,Reserved,15.7,2026-09-13 09:16:46.910882
WST00097,M040,P013,C010,2209.04,piece,97.85,2026-09-27,2026-11-19,Dry Storage,Low,446.26,Active,74.5,2026-09-13 09:16:46.910882
WST00098,M040,P013,C010,3389.34,litre,67.38,2026-09-28,2026-11-03,Cold Storage,Low,38.69,Active,12.67,2026-09-13 09:16:46.910882
WST00099,M041,P013,C010,4655.34,litre,95.69,2026-10-09,2026-10-30,Cold Storage,High,76.72,Expired,80.75,2026-09-13 09:16:46.910882
WST00100,M041,P013,C010,3039.62,ton,71.2,2026-09-20,2026-10-28,Dry Storage,Low,82.3,Sold,54.34,2026-09-13 09:16:46.910882
WST00101,M042,P013,C010,1780.1,ton,86.77,2026-10-01,2026-10-28,Indoor Storage,Low,264.58,Sold,27.13,2026-09-13 09:16:46.910882
WST00102,M042,P013,C010,2135.79,ton,91.97,2026-09-21,2026-11-18,Covered Warehouse,Low,102.7,Active,51.07,2026-09-13 09:16:46.910882
WST00103,M043,P014,C011,2737.38,kg,82.28,2026-09-27,2026-10-28,Indoor Storage,Low,227.37,Active,86.19,2026-09-13 09:16:46.910882
WST00104,M043,P014,C011,2471.91,kg,92.99,2026-09-29,2026-10-18,Cold Storage,High,136.59,Expired,76.67,2026-09-13 09:16:46.910882
WST00105,M044,P014,C011,1864.59,litre,89.92,2026-10-02,2026-11-06,Covered Warehouse,Medium,83.02,Sold,70.36,2026-09-13 09:16:46.910882
WST00106,M044,P014,C011,3635.96,ton,64.35,2026-09-15,2026-10-30,Cold Storage,Medium,203.73,Active,76.99,2026-09-13 09:16:46.910882
WST00107,M044,P014,C011,3502.85,piece,71.99,2026-09-21,2026-10-09,Covered Warehouse,High,144.12,Active,42.99,2026-09-13 09:16:46.910882
WST00108,M045,P014,C011,3086.21,piece,63.78,2026-09-22,2026-10-19,Dry Storage,High,54.26,Active,80.61,2026-09-13 09:16:46.910882
WST00109,M045,P014,C011,4671.52,piece,86.98,2026-10-09,2026-11-07,Dry Storage,Medium,298.22,Active,95.9,2026-09-13 09:16:46.910882
WST00110,M045,P014,C011,1283.11,litre,69.68,2026-09-23,2026-10-31,Indoor Storage,Medium,204.12,Sold,72.89,2026-09-13 09:16:46.910882
WST00111,M046,P015,C012,2901.12,litre,85.99,2026-09-21,2026-10-22,Covered Warehouse,Low,49.07,Active,31.92,2026-09-13 09:16:46.910882
WST00112,M046,P015,C012,118.24,ton,62.81,2026-09-18,2026-11-03,Outdoor Storage,High,335.54,Sold,73.08,2026-09-13 09:16:46.910882
WST00113,M047,P015,C012,1745.0,ton,66.21,2026-10-07,2026-12-02,Outdoor Storage,Medium,409.47,Sold,74.36,2026-09-13 09:16:46.910882
WST00114,M047,P015,C012,3352.86,ton,79.98,2026-09-22,2026-11-12,Cold Storage,Medium,43.55,Sold,47.71,2026-09-13 09:16:46.910882
WST00115,M047,P015,C012,1208.67,litre,92.79,2026-09-27,2026-10-28,Indoor Storage,High,142.87,Active,11.01,2026-09-13 09:16:46.910882
WST00116,M048,P015,C012,1906.1,kg,69.68,2026-09-14,2026-10-28,Covered Warehouse,Medium,335.04,Expired,86.49,2026-09-13 09:16:46.911885
WST00117,M048,P015,C012,860.61,litre,93.95,2026-09-27,2026-11-11,Dry Storage,High,468.24,Active,90.84,2026-09-13 09:16:46.911885
WST00118,M049,P016,C013,247.4,ton,64.62,2026-10-10,2026-11-15,Indoor Storage,Medium,350.81,Sold,45.48,2026-09-13 09:16:46.911885
WST00119,M049,P016,C013,4165.38,kg,92.86,2026-10-09,2026-11-15,Outdoor Storage,Medium,220.69,Sold,51.56,2026-09-13 09:16:46.911885
WST00120,M049,P016,C013,3587.74,kg,86.74,2026-09-24,2026-10-30,Covered Warehouse,Medium,411.91,Active,70.32,2026-09-13 09:16:46.911885
WST00121,M050,P016,C013,4920.45,kg,73.06,2026-10-08,2026-10-27,Indoor Storage,Low,306.18,Active,68.36,2026-09-13 09:16:46.911885
WST00122,M050,P016,C013,4870.31,litre,80.23,2026-10-10,2026-12-03,Indoor Storage,Medium,298.92,Active,64.74,2026-09-13 09:16:46.911885
WST00123,M051,P016,C013,3783.74,kg,64.02,2026-09-25,2026-10-29,Covered Warehouse,Medium,337.06,Expired,90.21,2026-09-13 09:16:46.911885
WST00124,M051,P016,C013,4772.2,kg,92.42,2026-09-18,2026-10-23,Outdoor Storage,Low,126.47,Active,15.88,2026-09-13 09:16:46.911885
WST00125,M051,P016,C013,2434.88,kg,66.22,2026-10-07,2026-10-23,Indoor Storage,Low,156.96,Reserved,50.92,2026-09-13 09:16:46.911885
WST00126,M052,P016,C013,3878.79,kg,61.2,2026-09-21,2026-10-20,Covered Warehouse,Low,350.74,Reserved,88.95,2026-09-13 09:16:46.911885
WST00127,M052,P016,C013,4979.99,ton,60.19,2026-09-14,2026-10-14,Outdoor Storage,Medium,75.29,Expired,42.45,2026-09-13 09:16:46.911885
WST00128,M052,P016,C013,1193.44,litre,67.09,2026-09-21,2026-11-08,Outdoor Storage,High,135.95,Sold,86.18,2026-09-13 09:16:46.911885
WST00129,M053,P017,C013,2973.24,ton,61.62,2026-09-21,2026-10-19,Dry Storage,High,172.65,Active,46.8,2026-09-13 09:16:46.911885
WST00130,M053,P017,C013,1276.41,litre,81.38,2026-09-23,2026-11-03,Outdoor Storage,Medium,230.46,Sold,67.77,2026-09-13 09:16:46.911885
WST00131,M053,P017,C013,769.55,litre,77.56,2026-09-30,2026-11-07,Dry Storage,Low,145.29,Expired,22.11,2026-09-13 09:16:46.911885
WST00132,M054,P017,C013,3924.76,litre,74.16,2026-09-22,2026-11-11,Covered Warehouse,Low,91.01,Sold,84.47,2026-09-13 09:16:46.911885
WST00133,M054,P017,C013,2576.08,ton,74.52,2026-09-28,2026-11-19,Cold Storage,High,193.87,Sold,82.15,2026-09-13 09:16:46.911885
WST00134,M055,P017,C013,1766.35,piece,68.75,2026-09-18,2026-10-24,Covered Warehouse,Medium,279.46,Reserved,54.66,2026-09-13 09:16:46.911885
WST00135,M055,P017,C013,622.24,ton,74.75,2026-10-12,2026-11-21,Cold Storage,High,84.35,Active,99.44,2026-09-13 09:16:46.911885
WST00136,M056,P017,C013,2536.14,litre,88.75,2026-09-17,2026-10-28,Cold Storage,High,483.79,Sold,57.53,2026-09-13 09:16:46.911885
WST00137,M056,P017,C013,527.74,litre,79.69,2026-09-23,2026-11-20,Dry Storage,Medium,438.05,Expired,10.47,2026-09-13 09:16:46.911885
WST00138,M056,P017,C013,1926.88,kg,73.86,2026-09-23,2026-10-21,Indoor Storage,Low,19.71,Reserved,34.17,2026-09-13 09:16:46.911885
WST00139,M057,P018,C014,4190.17,ton,69.06,2026-10-02,2026-12-01,Dry Storage,Low,49.41,Sold,67.81,2026-09-13 09:16:46.911885
WST00140,M057,P018,C014,4641.64,kg,91.85,2026-09-27,2026-11-01,Outdoor Storage,Medium,113.88,Reserved,61.49,2026-09-13 09:16:46.911885
WST00141,M057,P018,C014,854.99,litre,88.26,2026-10-08,2026-12-01,Outdoor Storage,Low,209.28,Active,74.74,2026-09-13 09:16:46.911885
WST00142,M058,P018,C014,1412.99,piece,92.16,2026-09-14,2026-11-06,Outdoor Storage,Medium,182.27,Expired,84.06,2026-09-13 09:16:46.912893
WST00143,M058,P018,C014,2179.68,ton,80.03,2026-09-15,2026-11-02,Dry Storage,Low,157.25,Sold,93.76,2026-09-13 09:16:46.912893
WST00144,M058,P018,C014,1536.26,litre,66.69,2026-10-02,2026-10-30,Cold Storage,Medium,131.2,Sold,22.12,2026-09-13 09:16:46.912893
WST00145,M059,P018,C014,1733.13,ton,77.15,2026-09-25,2026-10-26,Cold Storage,High,254.36,Expired,53.51,2026-09-13 09:16:46.912893
WST00146,M059,P018,C014,4936.11,ton,62.33,2026-09-17,2026-11-02,Indoor Storage,Low,356.16,Expired,37.93,2026-09-13 09:16:46.912893
WST00147,M060,P019,C014,3727.45,piece,86.12,2026-09-17,2026-10-13,Covered Warehouse,High,401.4,Sold,15.24,2026-09-13 09:16:46.912893
WST00148,M060,P019,C014,819.9,kg,66.26,2026-09-14,2026-10-11,Outdoor Storage,Medium,384.2,Sold,28.21,2026-09-13 09:16:46.912893
WST00149,M061,P019,C014,3675.87,kg,82.09,2026-09-15,2026-11-08,Outdoor Storage,High,383.58,Expired,60.36,2026-09-13 09:16:46.912893
WST00150,M061,P019,C014,3101.71,kg,81.57,2026-09-29,2026-11-12,Indoor Storage,Medium,342.52,Expired,19.18,2026-09-13 09:16:46.912893
WST00151,M062,P019,C014,1982.52,kg,69.35,2026-09-29,2026-11-02,Dry Storage,High,394.8,Active,48.33,2026-09-13 09:16:46.912893
WST00152,M062,P019,C014,125.32,piece,85.78,2026-10-12,2026-11-17,Cold Storage,Medium,169.51,Sold,91.64,2026-09-13 09:16:46.912893
WST00153,M063,P020,C014,2825.76,litre,68.93,2026-09-26,2026-10-17,Indoor Storage,Medium,386.21,Expired,57.54,2026-09-13 09:16:46.912893
WST00154,M063,P020,C014,4158.84,kg,81.52,2026-10-06,2026-10-30,Indoor Storage,High,274.93,Reserved,71.0,2026-09-13 09:16:46.912893
WST00155,M064,P020,C014,2534.32,ton,72.74,2026-10-13,2026-11-02,Dry Storage,Medium,382.29,Expired,72.17,2026-09-13 09:16:46.912893
WST00156,M064,P020,C014,2361.63,piece,65.77,2026-09-26,2026-10-17,Cold Storage,High,260.8,Reserved,28.45,2026-09-13 09:16:46.912893
WST00157,M065,P021,C015,3759.59,litre,77.92,2026-09-20,2026-10-08,Outdoor Storage,Medium,16.26,Expired,55.24,2026-09-13 09:16:46.912893
WST00158,M065,P021,C015,1997.27,piece,97.26,2026-10-11,2026-11-05,Outdoor Storage,Low,319.08,Expired,10.77,2026-09-13 09:16:46.912893
WST00159,M066,P021,C015,3510.91,litre,64.34,2026-09-13,2026-10-15,Indoor Storage,High,277.24,Expired,49.96,2026-09-13 09:16:46.912893
WST00160,M066,P021,C015,3088.2,kg,79.99,2026-09-22,2026-10-07,Outdoor Storage,High,307.64,Sold,38.35,2026-09-13 09:16:46.912893
WST00161,M067,P021,C015,2020.81,ton,76.51,2026-10-07,2026-11-29,Dry Storage,Medium,479.95,Sold,49.05,2026-09-13 09:16:46.912893
WST00162,M067,P021,C015,4199.94,litre,62.5,2026-09-28,2026-11-26,Dry Storage,Medium,207.05,Active,34.36,2026-09-13 09:16:46.912893
WST00163,M068,P022,C015,2804.46,ton,69.86,2026-09-19,2026-11-15,Dry Storage,Low,381.63,Sold,80.46,2026-09-13 09:16:46.912893
WST00164,M068,P022,C015,3822.23,litre,94.1,2026-10-07,2026-11-25,Indoor Storage,High,147.46,Active,66.98,2026-09-13 09:16:46.912893
WST00165,M069,P022,C015,2763.73,ton,97.93,2026-09-15,2026-10-05,Indoor Storage,Low,164.98,Sold,47.76,2026-09-13 09:16:46.913895
WST00166,M069,P022,C015,4345.55,kg,97.59,2026-09-19,2026-10-16,Indoor Storage,High,37.7,Reserved,98.29,2026-09-13 09:16:46.913895
WST00167,M070,P022,C015,4305.53,piece,92.17,2026-10-03,2026-10-25,Indoor Storage,High,193.35,Reserved,63.16,2026-09-13 09:16:46.913895
WST00168,M070,P022,C015,1999.0,ton,88.14,2026-09-20,2026-10-07,Cold Storage,Medium,14.76,Reserved,32.67,2026-09-13 09:16:46.913895
WST00169,M070,P022,C015,1504.63,kg,86.6,2026-10-02,2026-10-30,Cold Storage,Medium,224.52,Expired,39.26,2026-09-13 09:16:46.913895
WST00170,M071,P023,C016,2458.16,ton,78.36,2026-09-28,2026-10-22,Covered Warehouse,Low,91.1,Active,28.54,2026-09-13 09:16:46.913895
WST00171,M071,P023,C016,2498.16,ton,92.72,2026-10-12,2026-11-17,Covered Warehouse,Low,499.8,Reserved,39.43,2026-09-13 09:16:46.913895
WST00172,M072,P023,C016,4967.01,piece,90.94,2026-10-12,2026-11-26,Covered Warehouse,Low,436.54,Expired,82.08,2026-09-13 09:16:46.913895
WST00173,M072,P023,C016,3307.77,kg,93.4,2026-09-14,2026-11-13,Covered Warehouse,Medium,421.36,Active,27.75,2026-09-13 09:16:46.913895
WST00174,M072,P023,C016,509.29,piece,80.75,2026-09-26,2026-11-15,Indoor Storage,High,422.33,Active,69.93,2026-09-13 09:16:46.913895
WST00175,M073,P023,C016,2856.31,piece,85.07,2026-09-20,2026-10-29,Cold Storage,Medium,325.05,Sold,76.96,2026-09-13 09:16:46.913895
WST00176,M073,P023,C016,2902.91,piece,92.67,2026-09-22,2026-10-09,Outdoor Storage,High,331.18,Sold,67.58,2026-09-13 09:16:46.913895
WST00177,M073,P023,C016,3942.98,piece,78.83,2026-09-19,2026-11-06,Outdoor Storage,High,407.91,Expired,29.77,2026-09-13 09:16:46.913895
WST00178,M074,P024,C016,4303.56,piece,93.65,2026-09-19,2026-11-13,Dry Storage,High,346.12,Sold,43.87,2026-09-13 09:16:46.913895
WST00179,M074,P024,C016,1065.19,kg,83.39,2026-09-20,2026-10-15,Cold Storage,Medium,237.21,Active,77.67,2026-09-13 09:16:46.913895
WST00180,M074,P024,C016,1756.25,kg,83.68,2026-10-08,2026-11-25,Indoor Storage,High,421.77,Active,40.81,2026-09-13 09:16:46.913895
WST00181,M075,P024,C016,2483.14,ton,65.52,2026-10-03,2026-11-19,Indoor Storage,Medium,83.53,Expired,44.05,2026-09-13 09:16:46.913895
WST00182,M075,P024,C016,1466.75,ton,70.68,2026-09-25,2026-11-09,Indoor Storage,Medium,284.01,Expired,92.57,2026-09-13 09:16:46.913895
WST00183,M075,P024,C016,1123.61,kg,79.55,2026-09-14,2026-10-25,Covered Warehouse,Medium,310.78,Expired,92.7,2026-09-13 09:16:46.913895
WST00184,M076,P024,C016,322.5,piece,78.41,2026-09-14,2026-10-20,Indoor Storage,High,12.77,Expired,31.14,2026-09-13 09:16:46.913895
WST00185,M076,P024,C016,4805.74,kg,90.79,2026-09-24,2026-10-30,Indoor Storage,High,375.38,Expired,84.09,2026-09-13 09:16:46.913895
WST00186,M076,P024,C016,3294.27,kg,91.74,2026-09-13,2026-10-11,Dry Storage,Medium,295.76,Active,46.46,2026-09-13 09:16:46.913895
WST00187,M077,P025,C017,4961.86,litre,84.24,2026-10-12,2026-11-10,Indoor Storage,Medium,123.48,Expired,74.37,2026-09-13 09:16:46.913895
WST00188,M077,P025,C017,3241.03,litre,82.79,2026-09-28,2026-11-17,Dry Storage,Medium,22.26,Expired,26.58,2026-09-13 09:16:46.913895
WST00189,M077,P025,C017,4257.33,kg,73.29,2026-09-20,2026-10-05,Outdoor Storage,High,29.79,Reserved,98.9,2026-09-13 09:16:46.913895
WST00190,M078,P025,C017,4298.44,kg,60.13,2026-10-03,2026-10-20,Cold Storage,High,184.87,Active,36.44,2026-09-13 09:16:46.913895
WST00191,M078,P025,C017,3255.72,kg,67.56,2026-10-11,2026-11-30,Cold Storage,Medium,7.75,Reserved,41.69,2026-09-13 09:16:46.913895
WST00192,M079,P025,C017,1088.04,litre,84.41,2026-09-18,2026-11-12,Covered Warehouse,High,322.06,Sold,29.71,2026-09-13 09:16:46.914898
WST00193,M079,P025,C017,4199.83,litre,92.1,2026-09-25,2026-10-31,Outdoor Storage,Low,328.47,Reserved,36.87,2026-09-13 09:16:46.914898
WST00194,M080,P025,C017,3351.41,ton,88.09,2026-09-27,2026-10-18,Indoor Storage,High,167.07,Active,80.22,2026-09-13 09:16:46.914898
WST00195,M080,P025,C017,2839.19,ton,89.54,2026-10-05,2026-11-15,Covered Warehouse,Low,457.76,Active,75.11,2026-09-13 09:16:46.914898
WST00196,M080,P025,C017,2456.58,kg,87.0,2026-10-01,2026-11-29,Cold Storage,Medium,241.22,Expired,70.01,2026-09-13 09:16:46.914898
WST00197,M081,P025,C017,2743.04,piece,73.1,2026-09-16,2026-10-13,Outdoor Storage,Low,456.31,Sold,12.01,2026-09-13 09:16:46.914898
WST00198,M081,P025,C017,3753.67,ton,69.41,2026-09-29,2026-10-23,Outdoor Storage,High,336.21,Active,12.06,2026-09-13 09:16:46.914898
WST00199,M082,P026,C017,712.17,ton,83.9,2026-09-24,2026-10-22,Cold Storage,Medium,483.63,Active,50.8,2026-09-13 09:16:46.914898
WST00200,M082,P026,C017,1690.36,litre,80.41,2026-09-20,2026-11-11,Covered Warehouse,Medium,458.88,Reserved,21.37,2026-09-13 09:16:46.914898
WST00201,M083,P026,C017,4987.04,piece,98.53,2026-10-05,2026-11-16,Indoor Storage,High,231.79,Active,27.96,2026-09-13 09:16:46.914898
WST00202,M083,P026,C017,2421.96,ton,68.47,2026-10-05,2026-11-28,Covered Warehouse,Low,334.66,Active,76.73,2026-09-13 09:16:46.914898
WST00203,M083,P026,C017,363.16,litre,61.5,2026-09-30,2026-11-29,Indoor Storage,High,106.0,Expired,19.57,2026-09-13 09:16:46.914898
WST00204,M084,P026,C017,458.41,ton,92.79,2026-09-28,2026-11-10,Cold Storage,High,73.98,Sold,57.46,2026-09-13 09:16:46.914898
WST00205,M084,P026,C017,1273.22,ton,64.03,2026-10-02,2026-11-30,Cold Storage,Low,216.82,Expired,18.28,2026-09-13 09:16:46.914898
WST00206,M084,P026,C017,4589.04,litre,67.35,2026-10-07,2026-11-03,Covered Warehouse,Medium,313.81,Sold,61.45,2026-09-13 09:16:46.914898
WST00207,M085,P026,C017,2038.84,kg,96.18,2026-10-13,2026-11-16,Indoor Storage,High,328.39,Sold,81.18,2026-09-13 09:16:46.914898
WST00208,M085,P026,C017,4567.0,piece,64.87,2026-10-07,2026-11-05,Cold Storage,Low,63.55,Sold,79.01,2026-09-13 09:16:46.914898
WST00209,M085,P026,C017,2086.08,ton,68.91,2026-10-11,2026-11-17,Dry Storage,High,68.91,Sold,38.85,2026-09-13 09:16:46.914898
WST00210,M086,P026,C017,4786.57,piece,74.44,2026-09-14,2026-11-04,Dry Storage,High,379.25,Reserved,86.3,2026-09-13 09:16:46.914898
WST00211,M086,P026,C017,3884.72,kg,96.49,2026-10-10,2026-11-15,Covered Warehouse,High,476.13,Sold,25.68,2026-09-13 09:16:46.914898
WST00212,M087,P027,C018,780.18,litre,98.95,2026-09-14,2026-09-30,Covered Warehouse,Medium,404.03,Expired,79.54,2026-09-13 09:16:46.914898
WST00213,M087,P027,C018,1116.83,litre,60.24,2026-10-05,2026-10-24,Outdoor Storage,High,104.75,Expired,24.59,2026-09-13 09:16:46.914898
WST00214,M087,P027,C018,1090.03,ton,77.29,2026-10-01,2026-11-03,Dry Storage,High,431.25,Expired,82.52,2026-09-13 09:16:46.914898
WST00215,M088,P027,C018,3859.74,piece,75.19,2026-09-27,2026-11-01,Dry Storage,Low,471.53,Reserved,34.26,2026-09-13 09:16:46.914898
WST00216,M088,P027,C018,3643.64,litre,98.5,2026-10-08,2026-11-03,Indoor Storage,Low,322.97,Expired,71.25,2026-09-13 09:16:46.914898
WST00217,M089,P027,C018,4603.56,kg,92.89,2026-09-13,2026-11-05,Covered Warehouse,High,270.03,Sold,75.85,2026-09-13 09:16:46.914898
WST00218,M089,P027,C018,3609.48,piece,71.5,2026-09-16,2026-10-22,Dry Storage,Low,334.74,Reserved,29.3,2026-09-13 09:16:46.914898
WST00219,M090,P028,C018,599.7,ton,91.57,2026-10-01,2026-10-19,Covered Warehouse,High,58.55,Reserved,14.63,2026-09-13 09:16:46.915901
WST00220,M090,P028,C018,2749.03,litre,88.57,2026-09-24,2026-11-22,Indoor Storage,High,147.53,Sold,84.77,2026-09-13 09:16:46.915901
WST00221,M090,P028,C018,3039.34,piece,71.17,2026-10-11,2026-11-12,Outdoor Storage,High,234.47,Sold,90.36,2026-09-13 09:16:46.915901
WST00222,M091,P028,C018,4146.98,kg,80.8,2026-09-18,2026-11-07,Cold Storage,Medium,107.64,Sold,48.42,2026-09-13 09:16:46.915901
WST00223,M091,P028,C018,1149.25,piece,70.99,2026-09-14,2026-10-29,Cold Storage,Low,483.39,Sold,68.85,2026-09-13 09:16:46.915901
WST00224,M092,P028,C018,3244.03,ton,89.85,2026-10-09,2026-11-16,Outdoor Storage,Medium,286.59,Active,65.89,2026-09-13 09:16:46.915901
WST00225,M092,P028,C018,2456.28,litre,61.41,2026-09-23,2026-11-12,Indoor Storage,High,439.75,Reserved,37.96,2026-09-13 09:16:46.915901
WST00226,M092,P028,C018,2827.73,kg,90.5,2026-09-13,2026-10-24,Indoor Storage,Medium,260.05,Expired,54.16,2026-09-13 09:16:46.915901
WST00227,M093,P029,C018,1168.84,kg,98.74,2026-09-27,2026-11-10,Dry Storage,Medium,259.25,Active,54.88,2026-09-13 09:16:46.915901
WST00228,M093,P029,C018,4745.89,litre,91.39,2026-10-07,2026-10-29,Dry Storage,Low,301.95,Reserved,69.98,2026-09-13 09:16:46.915901
WST00229,M093,P029,C018,1878.74,kg,89.7,2026-09-13,2026-11-06,Indoor Storage,Medium,373.37,Reserved,68.59,2026-09-13 09:16:46.915901
WST00230,M094,P029,C018,4816.35,piece,93.6,2026-09-16,2026-11-05,Indoor Storage,High,143.16,Active,16.54,2026-09-13 09:16:46.915901
WST00231,M094,P029,C018,1428.53,ton,73.77,2026-10-07,2026-11-10,Indoor Storage,High,491.54,Reserved,46.17,2026-09-13 09:16:46.915901
WST00232,M094,P029,C018,4251.25,kg,70.01,2026-09-28,2026-11-19,Indoor Storage,Medium,403.56,Sold,42.5,2026-09-13 09:16:46.915901
WST00233,M095,P029,C018,4213.23,piece,82.16,2026-09-23,2026-10-10,Cold Storage,Low,490.14,Expired,98.05,2026-09-13 09:16:46.915901
WST00234,M095,P029,C018,3244.77,litre,75.07,2026-09-16,2026-10-28,Dry Storage,Medium,173.45,Reserved,32.5,2026-09-13 09:16:46.915901
WST00235,M095,P029,C018,3679.77,piece,83.38,2026-09-20,2026-11-09,Covered Warehouse,High,466.53,Sold,59.5,2026-09-13 09:16:46.915901
WST00236,M096,P030,C019,1779.48,ton,97.82,2026-09-17,2026-11-10,Indoor Storage,High,163.74,Active,24.88,2026-09-13 09:16:46.915901
WST00237,M096,P030,C019,552.48,litre,84.98,2026-09-24,2026-11-22,Covered Warehouse,High,117.89,Active,14.11,2026-09-13 09:16:46.915901
WST00238,M096,P030,C019,469.35,ton,75.51,2026-09-17,2026-10-20,Dry Storage,Medium,83.61,Active,13.89,2026-09-13 09:16:46.915901
WST00239,M097,P030,C019,4476.83,litre,84.56,2026-09-15,2026-11-11,Dry Storage,High,460.47,Reserved,65.2,2026-09-13 09:16:46.915901
WST00240,M097,P030,C019,936.82,piece,64.1,2026-10-13,2026-11-09,Dry Storage,Medium,204.44,Active,60.78,2026-09-13 09:16:46.915901
WST00241,M098,P031,C019,4017.59,ton,77.61,2026-10-13,2026-12-10,Cold Storage,Low,138.29,Active,73.39,2026-09-13 09:16:46.915901
WST00242,M098,P031,C019,3681.26,litre,62.26,2026-09-30,2026-10-28,Covered Warehouse,Medium,194.94,Sold,66.78,2026-09-13 09:16:46.915901
WST00243,M098,P031,C019,3682.19,kg,64.53,2026-10-13,2026-12-03,Covered Warehouse,Low,470.62,Reserved,44.86,2026-09-13 09:16:46.915901
WST00244,M099,P031,C019,3336.38,ton,65.77,2026-10-13,2026-11-02,Cold Storage,High,384.52,Reserved,33.32,2026-09-13 09:16:46.915901
WST00245,M099,P031,C019,3137.2,kg,71.48,2026-09-27,2026-11-13,Outdoor Storage,Low,360.1,Sold,76.98,2026-09-13 09:16:46.915901
WST00246,M100,P032,C019,1815.05,kg,97.59,2026-09-28,2026-11-03,Dry Storage,High,268.45,Reserved,74.97,2026-09-13 09:16:46.915901
WST00247,M100,P032,C019,4179.87,piece,60.4,2026-09-17,2026-11-08,Indoor Storage,Low,52.68,Reserved,78.55,2026-09-13 09:16:46.915901
WST00248,M101,P032,C019,615.71,ton,92.55,2026-09-21,2026-10-26,Covered Warehouse,High,290.75,Reserved,35.65,2026-09-13 09:16:46.916925
WST00249,M101,P032,C019,977.81,kg,91.32,2026-10-05,2026-10-25,Covered Warehouse,Low,257.13,Active,44.28,2026-09-13 09:16:46.916925
WST00250,M101,P032,C019,2541.02,kg,61.83,2026-09-17,2026-10-19,Outdoor Storage,High,105.98,Reserved,22.33,2026-09-13 09:16:46.916925
WST00251,M102,P032,C019,4287.36,ton,68.41,2026-09-23,2026-11-15,Covered Warehouse,Medium,467.66,Active,29.35,2026-09-13 09:16:46.916925
WST00252,M102,P032,C019,3605.09,litre,76.69,2026-09-26,2026-10-22,Cold Storage,Medium,433.01,Active,73.88,2026-09-13 09:16:46.916925
WST00253,M103,P032,C019,4848.53,kg,95.78,2026-09-29,2026-11-13,Cold Storage,Low,150.53,Sold,66.34,2026-09-13 09:16:46.916925
WST00254,M103,P032,C019,218.87,ton,93.86,2026-09-15,2026-10-16,Outdoor Storage,Medium,19.09,Expired,67.59,2026-09-13 09:16:46.916925
WST00255,M104,P033,C020,1018.74,litre,84.28,2026-09-18,2026-10-10,Cold Storage,Low,449.12,Expired,52.66,2026-09-13 09:16:46.916925
WST00256,M104,P033,C020,2281.35,piece,65.86,2026-10-13,2026-11-29,Covered Warehouse,High,488.9,Sold,42.73,2026-09-13 09:16:46.916925
WST00257,M104,P033,C020,2197.65,litre,66.42,2026-09-14,2026-10-28,Indoor Storage,Medium,72.42,Active,13.29,2026-09-13 09:16:46.916925
WST00258,M105,P033,C020,4083.09,piece,92.62,2026-10-10,2026-11-04,Outdoor Storage,High,150.14,Sold,85.48,2026-09-13 09:16:46.916925
WST00259,M105,P033,C020,4074.01,ton,97.99,2026-10-10,2026-11-20,Covered Warehouse,High,116.63,Reserved,47.13,2026-09-13 09:16:46.916925
WST00260,M106,P033,C020,782.78,litre,87.79,2026-09-29,2026-10-18,Cold Storage,High,45.4,Expired,66.65,2026-09-13 09:16:46.916925
WST00261,M106,P033,C020,109.6,piece,80.38,2026-09-28,2026-11-07,Covered Warehouse,Low,53.48,Active,23.83,2026-09-13 09:16:46.916925
WST00262,M107,P034,C020,2091.09,ton,90.09,2026-09-14,2026-10-09,Indoor Storage,Low,252.17,Sold,28.73,2026-09-13 09:16:46.916925
WST00263,M107,P034,C020,4855.09,kg,96.83,2026-09-17,2026-11-05,Dry Storage,High,42.98,Expired,26.55,2026-09-13 09:16:46.916925
WST00264,M107,P034,C020,3010.82,ton,60.55,2026-10-12,2026-11-20,Dry Storage,Medium,350.92,Expired,35.29,2026-09-13 09:16:46.916925
WST00265,M108,P034,C020,3344.86,piece,69.77,2026-09-15,2026-11-08,Indoor Storage,High,302.74,Active,42.93,2026-09-13 09:16:46.916925
WST00266,M108,P034,C020,851.06,kg,86.06,2026-09-13,2026-10-03,Covered Warehouse,Low,320.65,Sold,76.03,2026-09-13 09:16:46.916925
WST00267,M109,P035,C021,4869.69,litre,80.16,2026-09-16,2026-11-03,Cold Storage,High,70.46,Reserved,43.24,2026-09-13 09:16:46.916925
WST00268,M109,P035,C021,4362.63,ton,75.44,2026-10-09,2026-12-02,Cold Storage,Low,73.04,Expired,18.56,2026-09-13 09:16:46.916925
WST00269,M110,P035,C021,1174.2,kg,67.05,2026-09-20,2026-10-06,Covered Warehouse,Medium,76.94,Expired,80.34,2026-09-13 09:16:46.916925
WST00270,M110,P035,C021,2278.21,ton,85.56,2026-10-12,2026-10-31,Dry Storage,Low,497.04,Active,58.33,2026-09-13 09:16:46.916925
WST00271,M111,P035,C021,4690.13,ton,90.38,2026-09-18,2026-11-02,Outdoor Storage,High,341.92,Expired,60.35,2026-09-13 09:16:46.916925
WST00272,M111,P035,C021,825.86,ton,77.88,2026-09-30,2026-11-22,Outdoor Storage,High,91.71,Reserved,77.94,2026-09-13 09:16:46.916925
WST00273,M112,P035,C021,1291.97,litre,80.93,2026-09-27,2026-10-18,Outdoor Storage,Medium,257.84,Active,66.79,2026-09-13 09:16:46.916925
WST00274,M112,P035,C021,836.74,ton,97.76,2026-10-12,2026-10-29,Cold Storage,Medium,133.17,Reserved,28.34,2026-09-13 09:16:46.916925
WST00275,M112,P035,C021,553.73,kg,74.05,2026-10-03,2026-11-17,Outdoor Storage,High,463.55,Expired,81.63,2026-09-13 09:16:46.916925
WST00276,M113,P036,C022,3671.32,litre,89.93,2026-10-01,2026-10-26,Indoor Storage,Medium,399.17,Reserved,37.75,2026-09-13 09:16:46.916925
WST00277,M113,P036,C022,470.26,piece,66.92,2026-10-03,2026-10-24,Covered Warehouse,High,296.51,Reserved,56.88,2026-09-13 09:16:46.916925
WST00278,M114,P036,C022,2629.68,kg,85.26,2026-10-07,2026-11-16,Outdoor Storage,High,143.13,Expired,47.78,2026-09-13 09:16:46.916925
WST00279,M114,P036,C022,559.33,kg,60.22,2026-09-15,2026-11-03,Covered Warehouse,Medium,313.2,Active,76.01,2026-09-13 09:16:46.916925
WST00280,M115,P036,C022,2741.9,kg,68.76,2026-10-03,2026-11-21,Dry Storage,High,295.61,Reserved,89.71,2026-09-13 09:16:46.916925
WST00281,M115,P036,C022,3638.94,kg,97.28,2026-09-16,2026-11-13,Dry Storage,Low,292.63,Active,80.02,2026-09-13 09:16:46.916925
WST00282,M116,P037,C022,4058.17,kg,98.5,2026-10-12,2026-11-29,Dry Storage,High,31.98,Reserved,73.04,2026-09-13 09:16:46.916925
WST00283,M116,P037,C022,2318.16,litre,69.74,2026-09-15,2026-10-24,Outdoor Storage,Medium,31.39,Sold,52.61,2026-09-13 09:16:46.918396
WST00284,M116,P037,C022,2426.28,piece,96.69,2026-09-25,2026-11-21,Indoor Storage,Low,77.87,Active,17.25,2026-09-13 09:16:46.918396
WST00285,M117,P037,C022,4644.51,litre,97.5,2026-10-10,2026-11-12,Indoor Storage,Medium,212.61,Sold,57.47,2026-09-13 09:16:46.918396
WST00286,M117,P037,C022,1163.19,ton,91.26,2026-09-15,2026-10-01,Indoor Storage,Medium,338.71,Active,54.49,2026-09-13 09:16:46.918396
WST00287,M117,P037,C022,4767.65,litre,61.56,2026-09-13,2026-10-28,Cold Storage,Medium,400.3,Active,13.05,2026-09-13 09:16:46.918396
WST00288,M118,P037,C022,2422.29,piece,97.76,2026-10-04,2026-10-23,Covered Warehouse,High,189.08,Expired,30.82,2026-09-13 09:16:46.918396
WST00289,M118,P037,C022,1308.6,kg,70.24,2026-09-22,2026-11-09,Covered Warehouse,Low,13.99,Active,47.53,2026-09-13 09:16:46.918396
WST00290,M118,P037,C022,4079.64,litre,68.74,2026-09-16,2026-10-18,Dry Storage,High,317.04,Sold,46.98,2026-09-13 09:16:46.918396
WST00291,M119,P038,C022,4021.47,ton,68.43,2026-09-14,2026-10-20,Outdoor Storage,High,236.1,Active,13.63,2026-09-13 09:16:46.918396
WST00292,M119,P038,C022,677.18,piece,75.31,2026-10-06,2026-10-23,Dry Storage,Medium,390.72,Expired,93.32,2026-09-13 09:16:46.918396
WST00293,M120,P038,C022,1349.73,kg,80.59,2026-10-08,2026-12-03,Covered Warehouse,High,242.0,Sold,96.43,2026-09-13 09:16:46.918396
WST00294,M120,P038,C022,1598.19,kg,61.64,2026-09-21,2026-11-05,Cold Storage,Low,305.64,Active,83.91,2026-09-13 09:16:46.918396
WST00295,M121,P038,C022,4141.5,piece,91.26,2026-09-17,2026-11-14,Outdoor Storage,Medium,39.07,Expired,83.27,2026-09-13 09:16:46.918396
WST00296,M121,P038,C022,2900.56,piece,73.33,2026-10-04,2026-11-19,Dry Storage,Low,115.38,Active,20.08,2026-09-13 09:16:46.918396
WST00297,M122,P038,C022,3774.65,kg,75.99,2026-10-12,2026-11-29,Dry Storage,Low,123.14,Sold,85.44,2026-09-13 09:16:46.918396
WST00298,M122,P038,C022,1027.78,kg,97.3,2026-09-19,2026-10-15,Outdoor Storage,High,301.25,Expired,39.24,2026-09-13 09:16:46.918396
WST00299,M122,P038,C022,1486.28,kg,80.2,2026-09-26,2026-10-24,Indoor Storage,High,87.63,Expired,25.38,2026-09-13 09:16:46.918396
WST00300,M123,P039,C023,3836.3,piece,75.89,2026-09-13,2026-11-12,Covered Warehouse,High,224.43,Sold,81.67,2026-09-13 09:16:46.918396
WST00301,M123,P039,C023,3402.07,kg,90.77,2026-09-26,2026-11-10,Covered Warehouse,Medium,158.38,Active,66.37,2026-09-13 09:16:46.918396
WST00302,M123,P039,C023,3858.59,kg,85.53,2026-09-20,2026-10-20,Outdoor Storage,High,298.3,Active,71.33,2026-09-13 09:16:46.918396
WST00303,M124,P039,C023,4911.1,piece,75.59,2026-09-16,2026-10-14,Dry Storage,Medium,315.47,Active,66.45,2026-09-13 09:16:46.918396
WST00304,M124,P039,C023,2096.36,kg,71.72,2026-09-17,2026-10-08,Cold Storage,Low,436.59,Sold,41.07,2026-09-13 09:16:46.918396
WST00305,M125,P039,C023,730.97,litre,77.55,2026-10-08,2026-12-05,Outdoor Storage,Low,400.74,Active,70.46,2026-09-13 09:16:46.918396
WST00306,M125,P039,C023,1188.41,kg,93.44,2026-10-05,2026-11-20,Outdoor Storage,Medium,456.02,Reserved,75.93,2026-09-13 09:16:46.918396
WST00307,M125,P039,C023,2144.49,ton,63.64,2026-09-21,2026-10-30,Covered Warehouse,High,383.31,Expired,33.78,2026-09-13 09:16:46.918396
WST00308,M126,P039,C023,1852.33,kg,78.44,2026-10-09,2026-12-03,Indoor Storage,Medium,416.28,Active,68.9,2026-09-13 09:16:46.918396
WST00309,M126,P039,C023,2156.29,ton,86.55,2026-09-27,2026-10-23,Cold Storage,High,378.32,Expired,79.73,2026-09-13 09:16:46.918396
WST00310,M127,P040,C024,823.0,litre,62.5,2026-10-10,2026-11-26,Cold Storage,Medium,375.87,Active,71.32,2026-09-13 09:16:46.918396
WST00311,M127,P040,C024,2564.96,piece,91.64,2026-09-27,2026-10-22,Indoor Storage,High,431.95,Sold,81.9,2026-09-13 09:16:46.918396
WST00312,M127,P040,C024,1044.31,kg,96.05,2026-09-23,2026-11-16,Indoor Storage,High,185.77,Sold,81.27,2026-09-13 09:16:46.919489
WST00313,M128,P040,C024,718.74,kg,93.82,2026-09-21,2026-10-21,Outdoor Storage,Medium,26.36,Sold,78.8,2026-09-13 09:16:46.919489
WST00314,M128,P040,C024,3300.37,piece,74.03,2026-09-20,2026-10-17,Dry Storage,Medium,132.08,Reserved,95.51,2026-09-13 09:16:46.919489
WST00315,M129,P040,C024,3829.77,litre,92.24,2026-09-29,2026-11-02,Dry Storage,Medium,102.17,Expired,48.79,2026-09-13 09:16:46.919489
WST00316,M129,P040,C024,1707.48,kg,93.88,2026-10-12,2026-11-08,Indoor Storage,Medium,74.5,Reserved,37.27,2026-09-13 09:16:46.919489
WST00317,M130,P040,C024,1451.6,kg,69.08,2026-09-16,2026-11-05,Dry Storage,High,72.34,Active,31.52,2026-09-13 09:16:46.919489
WST00318,M130,P040,C024,3701.3,litre,88.44,2026-10-07,2026-11-18,Covered Warehouse,High,57.97,Active,70.41,2026-09-13 09:16:46.919489
WST00319,M130,P040,C024,499.54,litre,63.07,2026-10-02,2026-11-24,Covered Warehouse,High,391.0,Reserved,98.3,2026-09-13 09:16:46.919489
WST00320,M131,P041,C024,313.32,piece,66.94,2026-09-29,2026-11-26,Dry Storage,Medium,486.89,Expired,90.23,2026-09-13 09:16:46.919489
WST00321,M131,P041,C024,2122.9,kg,79.69,2026-10-07,2026-11-16,Covered Warehouse,High,499.42,Reserved,50.89,2026-09-13 09:16:46.919489
WST00322,M132,P041,C024,1628.19,piece,63.42,2026-10-01,2026-10-20,Cold Storage,Medium,64.63,Sold,31.76,2026-09-13 09:16:46.919489
WST00323,M132,P041,C024,4763.42,piece,90.2,2026-09-14,2026-10-20,Dry Storage,Low,369.72,Sold,40.95,2026-09-13 09:16:46.919489
WST00324,M133,P041,C024,629.98,kg,66.44,2026-10-04,2026-11-10,Covered Warehouse,Low,206.72,Reserved,15.07,2026-09-13 09:16:46.919489
WST00325,M133,P041,C024,4773.73,litre,61.45,2026-09-22,2026-10-17,Outdoor Storage,Low,141.86,Reserved,45.78,2026-09-13 09:16:46.919489
WST00326,M134,P042,C024,4665.92,piece,84.54,2026-10-11,2026-10-28,Indoor Storage,High,303.88,Active,42.36,2026-09-13 09:16:46.919489
WST00327,M134,P042,C024,3712.43,ton,79.36,2026-10-03,2026-10-20,Cold Storage,High,259.49,Expired,98.89,2026-09-13 09:16:46.919489
WST00328,M135,P042,C024,4722.57,kg,93.99,2026-09-18,2026-11-10,Cold Storage,Medium,445.94,Active,82.04,2026-09-13 09:16:46.919489
WST00329,M135,P042,C024,4181.25,ton,67.63,2026-10-03,2026-11-20,Cold Storage,Medium,254.54,Sold,61.57,2026-09-13 09:16:46.919489
WST00330,M136,P042,C024,4782.13,piece,63.44,2026-10-09,2026-11-04,Indoor Storage,Low,476.58,Sold,49.79,2026-09-13 09:16:46.919489
WST00331,M136,P042,C024,4871.06,kg,71.95,2026-09-20,2026-10-30,Outdoor Storage,High,313.0,Reserved,22.16,2026-09-13 09:16:46.919489
WST00332,M137,P043,C025,648.42,litre,97.94,2026-09-25,2026-10-18,Cold Storage,Medium,453.8,Active,63.13,2026-09-13 09:16:46.919489
WST00333,M137,P043,C025,4098.69,kg,63.81,2026-09-17,2026-10-21,Indoor Storage,Low,271.9,Expired,11.38,2026-09-13 09:16:46.919489
WST00334,M137,P043,C025,4234.61,ton,87.73,2026-10-01,2026-10-28,Cold Storage,Medium,348.56,Sold,62.12,2026-09-13 09:16:46.919489
WST00335,M138,P043,C025,2975.29,kg,79.89,2026-10-04,2026-11-27,Indoor Storage,Medium,70.64,Expired,37.91,2026-09-13 09:16:46.919489
WST00336,M138,P043,C025,3346.34,piece,86.58,2026-09-25,2026-10-14,Cold Storage,Low,326.28,Reserved,93.96,2026-09-13 09:16:46.919489
WST00337,M139,P043,C025,4351.98,litre,94.06,2026-10-05,2026-12-04,Covered Warehouse,Low,398.65,Active,54.18,2026-09-13 09:16:46.920492
WST00338,M139,P043,C025,335.64,litre,77.61,2026-10-12,2026-11-11,Covered Warehouse,High,88.77,Active,75.38,2026-09-13 09:16:46.920492
WST00339,M140,P044,C025,2546.76,kg,87.4,2026-10-02,2026-11-22,Indoor Storage,Medium,129.5,Expired,65.6,2026-09-13 09:16:46.920492
WST00340,M140,P044,C025,4454.85,kg,82.96,2026-09-29,2026-11-12,Dry Storage,Low,38.54,Sold,45.54,2026-09-13 09:16:46.920492
WST00341,M140,P044,C025,1158.96,litre,97.17,2026-09-30,2026-10-29,Cold Storage,High,305.8,Sold,80.07,2026-09-13 09:16:46.920492
WST00342,M141,P044,C025,661.55,kg,90.65,2026-09-23,2026-10-21,Dry Storage,High,335.73,Sold,22.25,2026-09-13 09:16:46.920492
WST00343,M141,P044,C025,410.14,piece,79.25,2026-10-02,2026-11-10,Cold Storage,Low,198.35,Sold,44.54,2026-09-13 09:16:46.920492
WST00344,M142,P044,C025,371.88,piece,83.28,2026-09-14,2026-09-29,Indoor Storage,Low,52.82,Active,96.75,2026-09-13 09:16:46.920492
WST00345,M142,P044,C025,2426.36,ton,62.21,2026-09-14,2026-10-17,Covered Warehouse,Medium,252.73,Reserved,54.76,2026-09-13 09:16:46.920492
WST00346,M142,P044,C025,1642.94,litre,61.49,2026-09-22,2026-10-09,Covered Warehouse,Low,153.87,Sold,94.6,2026-09-13 09:16:46.920492
WST00347,M143,P044,C025,478.32,ton,74.54,2026-09-22,2026-11-20,Cold Storage,Low,276.28,Active,77.59,2026-09-13 09:16:46.920492
WST00348,M143,P044,C025,2461.1,ton,91.03,2026-10-05,2026-10-25,Indoor Storage,High,320.69,Active,16.36,2026-09-13 09:16:46.920492
WST00349,M143,P044,C025,3937.51,kg,77.06,2026-10-07,2026-10-27,Outdoor Storage,High,189.25,Expired,19.34,2026-09-13 09:16:46.920492
WST00350,M144,P045,C026,1707.89,ton,90.55,2026-10-10,2026-12-01,Covered Warehouse,Low,141.57,Reserved,10.82,2026-09-13 09:16:46.920492
WST00351,M144,P045,C026,804.4,litre,69.86,2026-09-19,2026-10-14,Covered Warehouse,Low,16.71,Reserved,84.0,2026-09-13 09:16:46.920492
WST00352,M144,P045,C026,3942.23,kg,98.7,2026-10-13,2026-11-09,Indoor Storage,Medium,62.71,Active,43.91,2026-09-13 09:16:46.920492
WST00353,M145,P045,C026,3322.93,piece,71.69,2026-10-05,2026-11-07,Outdoor Storage,Low,124.41,Active,99.45,2026-09-13 09:16:46.920492
WST00354,M145,P045,C026,2438.88,ton,68.15,2026-09-28,2026-10-20,Indoor Storage,Medium,150.12,Expired,41.57,2026-09-13 09:16:46.920492
WST00355,M146,P045,C026,1073.95,kg,82.05,2026-09-20,2026-11-06,Outdoor Storage,Low,203.03,Active,50.63,2026-09-13 09:16:46.920492
WST00356,M146,P045,C026,2402.0,kg,72.71,2026-09-18,2026-11-10,Cold Storage,Low,237.37,Reserved,22.74,2026-09-13 09:16:46.920492
WST00357,M146,P045,C026,1446.32,ton,71.53,2026-09-17,2026-10-05,Cold Storage,High,61.16,Active,30.7,2026-09-13 09:16:46.920492
WST00358,M147,P045,C026,412.41,piece,69.88,2026-09-15,2026-09-30,Dry Storage,Low,53.67,Sold,74.06,2026-09-13 09:16:46.920492
WST00359,M147,P045,C026,4990.87,litre,70.18,2026-10-09,2026-10-28,Covered Warehouse,High,372.34,Expired,38.62,2026-09-13 09:16:46.920492
WST00360,M147,P045,C026,1070.64,litre,81.18,2026-09-25,2026-11-10,Cold Storage,Low,176.82,Reserved,84.52,2026-09-13 09:16:46.920492
WST00361,M148,P046,C026,3269.35,litre,64.76,2026-09-27,2026-11-02,Dry Storage,High,474.14,Sold,86.68,2026-09-13 09:16:46.920492
WST00362,M148,P046,C026,2287.79,ton,65.37,2026-10-10,2026-11-06,Covered Warehouse,Low,122.19,Sold,33.87,2026-09-13 09:16:46.920492
WST00363,M148,P046,C026,1701.88,litre,87.94,2026-09-14,2026-11-01,Cold Storage,Low,169.2,Expired,45.85,2026-09-13 09:16:46.920492
WST00364,M149,P046,C026,3997.29,piece,97.48,2026-10-11,2026-11-19,Cold Storage,Medium,446.47,Reserved,38.16,2026-09-13 09:16:46.920492
WST00365,M149,P046,C026,2061.17,ton,89.66,2026-09-25,2026-11-14,Covered Warehouse,High,299.06,Expired,69.4,2026-09-13 09:16:46.921494
WST00366,M150,P046,C026,3743.8,piece,90.23,2026-09-16,2026-11-11,Dry Storage,High,134.65,Expired,18.18,2026-09-13 09:16:46.921494
WST00367,M150,P046,C026,1649.28,litre,89.35,2026-09-25,2026-11-15,Dry Storage,High,471.74,Active,40.73,2026-09-13 09:16:46.921494
WST00368,M150,P046,C026,3141.92,ton,87.71,2026-10-09,2026-12-07,Covered Warehouse,High,235.49,Active,66.37,2026-09-13 09:16:46.921494
WST00369,M151,P047,C027,4700.52,piece,81.22,2026-09-24,2026-11-23,Indoor Storage,High,149.61,Expired,76.6,2026-09-13 09:16:46.921494
WST00370,M151,P047,C027,4826.59,ton,92.12,2026-10-07,2026-11-03,Indoor Storage,High,214.1,Active,36.53,2026-09-13 09:16:46.921494
WST00371,M152,P047,C027,4559.84,piece,88.04,2026-10-03,2026-11-20,Outdoor Storage,Medium,346.88,Sold,43.44,2026-09-13 09:16:46.921494
WST00372,M152,P047,C027,351.66,ton,93.56,2026-09-26,2026-11-12,Dry Storage,Medium,420.22,Sold,36.49,2026-09-13 09:16:46.921494
WST00373,M152,P047,C027,2624.83,kg,65.12,2026-10-12,2026-11-22,Dry Storage,High,420.59,Sold,85.68,2026-09-13 09:16:46.921494
WST00374,M153,P047,C027,3769.49,piece,60.45,2026-09-22,2026-10-12,Indoor Storage,High,365.01,Reserved,32.45,2026-09-13 09:16:46.921494
WST00375,M153,P047,C027,3430.02,ton,72.02,2026-09-28,2026-10-29,Cold Storage,Low,267.15,Sold,56.89,2026-09-13 09:16:46.921494
WST00376,M153,P047,C027,4470.16,kg,62.98,2026-09-15,2026-10-05,Cold Storage,High,447.05,Expired,56.89,2026-09-13 09:16:46.921494
WST00377,M154,P047,C027,701.2,litre,85.08,2026-10-12,2026-12-02,Covered Warehouse,Medium,358.32,Reserved,51.69,2026-09-13 09:16:46.921494
WST00378,M154,P047,C027,656.76,piece,97.13,2026-09-15,2026-11-12,Dry Storage,High,403.37,Reserved,15.38,2026-09-13 09:16:46.921494
WST00379,M154,P047,C027,3384.33,kg,92.85,2026-09-23,2026-11-02,Covered Warehouse,High,307.31,Sold,55.73,2026-09-13 09:16:46.921494
WST00380,M155,P048,C027,4094.83,litre,82.17,2026-10-06,2026-11-01,Cold Storage,Low,160.4,Sold,57.85,2026-09-13 09:16:46.921494
WST00381,M155,P048,C027,1904.07,ton,83.74,2026-10-08,2026-11-15,Outdoor Storage,Low,278.44,Active,58.81,2026-09-13 09:16:46.921494
WST00382,M155,P048,C027,2670.56,ton,70.69,2026-09-17,2026-10-24,Outdoor Storage,Low,317.67,Sold,62.96,2026-09-13 09:16:46.921494
WST00383,M156,P048,C027,431.74,piece,65.06,2026-09-25,2026-11-23,Outdoor Storage,Medium,297.64,Expired,63.24,2026-09-13 09:16:46.921494
WST00384,M156,P048,C027,3698.02,ton,83.6,2026-10-08,2026-11-26,Cold Storage,High,110.08,Expired,38.84,2026-09-13 09:16:46.921494
WST00385,M157,P048,C027,220.17,litre,79.94,2026-10-03,2026-10-21,Dry Storage,Low,467.77,Reserved,44.21,2026-09-13 09:16:46.921494
WST00386,M157,P048,C027,3492.53,piece,96.57,2026-09-13,2026-09-29,Outdoor Storage,Medium,91.2,Active,71.86,2026-09-13 09:16:46.921494
WST00387,M157,P048,C027,4150.78,ton,74.75,2026-09-15,2026-11-11,Dry Storage,Medium,114.06,Sold,50.74,2026-09-13 09:16:46.921494
WST00388,M158,P048,C027,1574.37,litre,68.14,2026-09-16,2026-10-11,Cold Storage,High,471.54,Expired,51.35,2026-09-13 09:16:46.921494
WST00389,M158,P048,C027,964.5,litre,92.13,2026-10-13,2026-12-06,Cold Storage,Low,285.25,Expired,12.13,2026-09-13 09:16:46.921494
WST00390,M159,P049,C027,4823.17,kg,94.45,2026-10-04,2026-11-19,Covered Warehouse,Low,243.73,Expired,79.27,2026-09-13 09:16:46.921494
WST00391,M159,P049,C027,3683.59,kg,89.24,2026-09-16,2026-11-14,Dry Storage,Low,115.3,Sold,79.06,2026-09-13 09:16:46.921494
WST00392,M160,P049,C027,1029.81,piece,79.76,2026-10-13,2026-11-26,Dry Storage,High,59.51,Sold,98.61,2026-09-13 09:16:46.922505
WST00393,M160,P049,C027,2919.44,kg,91.47,2026-10-04,2026-10-20,Cold Storage,Medium,481.53,Sold,67.48,2026-09-13 09:16:46.922505
WST00394,M160,P049,C027,2965.91,litre,87.25,2026-10-11,2026-12-08,Dry Storage,Low,402.43,Expired,21.15,2026-09-13 09:16:46.922505
WST00395,M161,P049,C027,694.72,kg,76.73,2026-09-24,2026-10-22,Indoor Storage,High,338.32,Sold,28.32,2026-09-13 09:16:46.922505
WST00396,M161,P049,C027,1564.91,kg,84.76,2026-10-02,2026-11-02,Covered Warehouse,High,234.98,Active,91.35,2026-09-13 09:16:46.922505
WST00397,M162,P049,C027,2784.23,litre,70.1,2026-10-06,2026-11-29,Outdoor Storage,High,258.35,Active,68.71,2026-09-13 09:16:46.922505
WST00398,M162,P049,C027,1048.75,ton,95.21,2026-09-26,2026-11-24,Outdoor Storage,High,230.53,Sold,56.23,2026-09-13 09:16:46.922505
WST00399,M163,P050,C028,623.56,ton,85.07,2026-09-26,2026-10-13,Indoor Storage,Medium,142.47,Sold,22.44,2026-09-13 09:16:46.922505
WST00400,M163,P050,C028,4924.41,litre,86.74,2026-10-10,2026-11-09,Indoor Storage,Medium,278.13,Active,21.65,2026-09-13 09:16:46.922505
WST00401,M163,P050,C028,2336.91,ton,64.25,2026-10-06,2026-11-22,Cold Storage,Medium,238.59,Reserved,20.06,2026-09-13 09:16:46.922505
WST00402,M164,P050,C028,4894.55,piece,94.83,2026-09-25,2026-11-15,Indoor Storage,High,367.29,Reserved,64.98,2026-09-13 09:16:46.922505
WST00403,M164,P050,C028,1880.73,piece,74.16,2026-10-08,2026-11-02,Covered Warehouse,High,19.87,Reserved,57.22,2026-09-13 09:16:46.922505
WST00404,M165,P051,C028,1112.81,kg,97.6,2026-10-06,2026-10-29,Dry Storage,Medium,288.39,Active,93.81,2026-09-13 09:16:46.922505
WST00405,M165,P051,C028,4844.86,ton,77.76,2026-10-03,2026-11-01,Covered Warehouse,High,368.36,Sold,63.88,2026-09-13 09:16:46.922505
WST00406,M165,P051,C028,2113.35,piece,80.02,2026-09-23,2026-10-28,Indoor Storage,Medium,429.12,Active,92.37,2026-09-13 09:16:46.922505
WST00407,M166,P051,C028,3502.26,piece,91.9,2026-09-20,2026-10-27,Covered Warehouse,Low,108.22,Expired,12.03,2026-09-13 09:16:46.922505
WST00408,M166,P051,C028,2713.56,ton,72.34,2026-09-26,2026-11-23,Covered Warehouse,Medium,133.41,Sold,52.7,2026-09-13 09:16:46.922505
WST00409,M167,P051,C028,3245.85,litre,74.45,2026-09-13,2026-11-04,Dry Storage,Low,65.92,Expired,84.54,2026-09-13 09:16:46.922505
WST00410,M167,P051,C028,3015.91,kg,62.39,2026-09-23,2026-10-08,Outdoor Storage,Low,287.35,Reserved,28.24,2026-09-13 09:16:46.922505
WST00411,M167,P051,C028,3674.94,piece,95.44,2026-09-16,2026-10-04,Outdoor Storage,High,171.76,Sold,99.65,2026-09-13 09:16:46.922505
WST00412,M168,P051,C028,1191.02,piece,96.72,2026-10-01,2026-10-30,Covered Warehouse,High,47.12,Expired,62.84,2026-09-13 09:16:46.922505
WST00413,M168,P051,C028,4807.31,piece,74.64,2026-09-20,2026-11-01,Covered Warehouse,High,95.9,Reserved,97.44,2026-09-13 09:16:46.922505
WST00414,M168,P051,C028,1417.66,ton,88.73,2026-10-11,2026-11-11,Covered Warehouse,Medium,316.92,Expired,38.81,2026-09-13 09:16:46.922505
WST00415,M169,P052,C028,225.95,litre,70.56,2026-10-02,2026-11-21,Cold Storage,Low,222.14,Active,14.47,2026-09-13 09:16:46.922505
WST00416,M169,P052,C028,451.48,kg,70.46,2026-09-29,2026-10-22,Cold Storage,Low,15.63,Sold,68.71,2026-09-13 09:16:46.922505
WST00417,M169,P052,C028,3106.71,piece,86.05,2026-10-04,2026-11-16,Outdoor Storage,Medium,426.88,Sold,94.54,2026-09-13 09:16:46.922505
WST00418,M170,P052,C028,4455.65,ton,90.72,2026-09-13,2026-10-18,Cold Storage,Low,428.43,Active,42.23,2026-09-13 09:16:46.923512
WST00419,M170,P052,C028,2702.83,ton,70.31,2026-09-25,2026-10-15,Outdoor Storage,High,394.17,Active,88.69,2026-09-13 09:16:46.923512
WST00420,M170,P052,C028,4187.62,piece,90.96,2026-10-11,2026-10-31,Indoor Storage,Medium,416.59,Expired,77.71,2026-09-13 09:16:46.923512
WST00421,M171,P053,C029,653.79,kg,86.22,2026-10-11,2026-11-16,Outdoor Storage,Medium,377.92,Active,31.79,2026-09-13 09:16:46.923512
WST00422,M171,P053,C029,4604.03,piece,85.02,2026-10-07,2026-11-29,Dry Storage,High,275.2,Active,21.38,2026-09-13 09:16:46.923512
WST00423,M171,P053,C029,4103.06,litre,92.35,2026-10-06,2026-11-21,Covered Warehouse,Low,148.76,Active,36.38,2026-09-13 09:16:46.923512
WST00424,M172,P053,C029,606.63,piece,75.48,2026-09-13,2026-11-04,Cold Storage,Low,469.77,Sold,40.18,2026-09-13 09:16:46.923512
WST00425,M172,P053,C029,2053.31,kg,80.12,2026-09-17,2026-11-13,Dry Storage,Medium,401.48,Reserved,41.49,2026-09-13 09:16:46.923512
WST00426,M173,P053,C029,4330.32,litre,85.8,2026-10-06,2026-10-25,Outdoor Storage,High,385.44,Expired,54.49,2026-09-13 09:16:46.923512
WST00427,M173,P053,C029,1368.59,litre,83.73,2026-09-15,2026-10-06,Covered Warehouse,High,303.17,Active,77.51,2026-09-13 09:16:46.923512
WST00428,M174,P053,C029,2873.18,litre,95.88,2026-10-05,2026-11-29,Cold Storage,High,309.57,Expired,83.19,2026-09-13 09:16:46.923512
WST00429,M174,P053,C029,3194.32,litre,78.79,2026-09-20,2026-10-10,Dry Storage,Medium,78.03,Active,97.3,2026-09-13 09:16:46.923512
WST00430,M175,P054,C029,4186.6,kg,66.36,2026-09-25,2026-11-07,Covered Warehouse,High,144.92,Expired,78.32,2026-09-13 09:16:46.923512
WST00431,M175,P054,C029,3063.3,piece,76.64,2026-10-07,2026-11-23,Indoor Storage,Low,286.89,Active,61.02,2026-09-13 09:16:46.923512
WST00432,M176,P054,C029,3535.83,piece,76.35,2026-09-20,2026-10-11,Cold Storage,Medium,448.77,Expired,38.57,2026-09-13 09:16:46.923512
WST00433,M176,P054,C029,4111.43,ton,90.07,2026-10-01,2026-11-09,Covered Warehouse,Low,192.04,Reserved,13.53,2026-09-13 09:16:46.923512
WST00434,M177,P054,C029,973.87,litre,94.0,2026-09-22,2026-11-10,Outdoor Storage,Medium,492.59,Expired,66.84,2026-09-13 09:16:46.923512
WST00435,M177,P054,C029,892.35,litre,62.95,2026-09-27,2026-10-18,Cold Storage,Low,57.95,Sold,25.17,2026-09-13 09:16:46.923512
WST00436,M178,P054,C029,235.35,piece,78.1,2026-09-30,2026-11-19,Outdoor Storage,Low,23.4,Expired,66.4,2026-09-13 09:16:46.923512
WST00437,M178,P054,C029,1079.8,piece,96.8,2026-09-19,2026-11-02,Dry Storage,High,391.72,Reserved,80.33,2026-09-13 09:16:46.923512
WST00438,M178,P054,C029,3027.74,ton,81.24,2026-09-29,2026-11-23,Covered Warehouse,Low,376.77,Expired,28.23,2026-09-13 09:16:46.923512
WST00439,M179,P055,C029,756.09,litre,67.06,2026-09-21,2026-11-15,Indoor Storage,Low,205.23,Expired,78.68,2026-09-13 09:16:46.923512
WST00440,M179,P055,C029,181.08,piece,68.71,2026-10-02,2026-11-22,Outdoor Storage,Medium,93.45,Reserved,46.3,2026-09-13 09:16:46.923512
WST00441,M180,P055,C029,1193.13,ton,75.22,2026-09-16,2026-11-11,Covered Warehouse,Medium,224.15,Reserved,34.5,2026-09-13 09:16:46.923512
WST00442,M180,P055,C029,212.48,litre,98.33,2026-09-15,2026-10-04,Indoor Storage,High,91.22,Active,67.49,2026-09-13 09:16:46.923512
WST00443,M180,P055,C029,4704.04,ton,71.64,2026-09-20,2026-10-06,Outdoor Storage,High,26.81,Sold,61.3,2026-09-13 09:16:46.923512
WST00444,M181,P055,C029,643.78,piece,78.61,2026-10-07,2026-12-03,Covered Warehouse,High,465.69,Active,77.35,2026-09-13 09:16:46.923512
WST00445,M181,P055,C029,3451.56,kg,82.62,2026-09-20,2026-10-05,Dry Storage,High,277.41,Reserved,47.52,2026-09-13 09:16:46.923512
WST00446,M182,P055,C029,1552.16,kg,82.18,2026-10-12,2026-11-24,Dry Storage,Medium,79.76,Active,43.27,2026-09-13 09:16:46.924650
WST00447,M182,P055,C029,4871.21,litre,63.71,2026-09-23,2026-11-20,Dry Storage,Low,467.01,Reserved,44.97,2026-09-13 09:16:46.924650
WST00448,M183,P056,C030,3736.46,ton,83.55,2026-10-12,2026-11-07,Dry Storage,Low,370.4,Active,99.05,2026-09-13 09:16:46.924650
WST00449,M183,P056,C030,1489.67,ton,60.56,2026-09-16,2026-10-07,Indoor Storage,Low,67.46,Expired,92.05,2026-09-13 09:16:46.924650
WST00450,M183,P056,C030,1069.01,ton,82.97,2026-10-13,2026-11-20,Covered Warehouse,Medium,275.07,Active,87.01,2026-09-13 09:16:46.924650
WST00451,M184,P056,C030,4743.2,litre,66.0,2026-09-30,2026-11-04,Indoor Storage,Low,211.31,Reserved,47.94,2026-09-13 09:16:46.924650
WST00452,M184,P056,C030,1590.42,ton,98.99,2026-09-26,2026-10-25,Outdoor Storage,High,17.34,Expired,48.87,2026-09-13 09:16:46.924650
WST00453,M184,P056,C030,2070.46,litre,82.51,2026-10-06,2026-11-17,Outdoor Storage,High,104.59,Sold,34.25,2026-09-13 09:16:46.924650
WST00454,M185,P056,C030,1722.5,litre,76.84,2026-09-30,2026-11-13,Outdoor Storage,High,158.96,Active,94.76,2026-09-13 09:16:46.924650
WST00455,M185,P056,C030,2607.94,litre,89.51,2026-09-23,2026-10-27,Indoor Storage,Low,65.03,Active,32.95,2026-09-13 09:16:46.924650
WST00456,M185,P056,C030,4400.87,kg,86.6,2026-10-03,2026-11-11,Dry Storage,Medium,169.28,Sold,47.81,2026-09-13 09:16:46.924650
WST00457,M186,P057,C030,2044.1,litre,71.87,2026-09-23,2026-10-29,Dry Storage,Medium,359.25,Active,71.7,2026-09-13 09:16:46.924650
WST00458,M186,P057,C030,1569.22,piece,68.52,2026-09-17,2026-10-17,Dry Storage,Low,235.96,Active,41.39,2026-09-13 09:16:46.924650
WST00459,M187,P057,C030,684.3,piece,67.96,2026-10-02,2026-11-23,Indoor Storage,Medium,261.15,Expired,54.24,2026-09-13 09:16:46.924650
WST00460,M187,P057,C030,2898.01,kg,87.92,2026-09-28,2026-11-22,Covered Warehouse,Low,102.14,Sold,68.32,2026-09-13 09:16:46.924650
WST00461,M187,P057,C030,3689.3,kg,93.72,2026-09-21,2026-10-07,Outdoor Storage,Medium,96.96,Active,40.73,2026-09-13 09:16:46.924650
WST00462,M188,P057,C030,4853.93,ton,81.13,2026-09-13,2026-10-04,Covered Warehouse,Low,474.4,Active,25.22,2026-09-13 09:16:46.924650
WST00463,M188,P057,C030,3795.45,kg,66.75,2026-10-12,2026-12-04,Cold Storage,High,14.72,Active,87.07,2026-09-13 09:16:46.924650
WST00464,M188,P057,C030,3101.95,litre,68.11,2026-10-12,2026-12-04,Dry Storage,Low,224.69,Reserved,28.38,2026-09-13 09:16:46.924650
WST00465,M189,P058,C031,923.53,litre,67.26,2026-09-19,2026-10-17,Outdoor Storage,High,353.46,Sold,70.94,2026-09-13 09:16:46.924650
WST00466,M189,P058,C031,3336.11,ton,73.0,2026-09-22,2026-10-17,Dry Storage,Low,473.4,Expired,65.64,2026-09-13 09:16:46.924650
WST00467,M190,P058,C031,3961.59,ton,68.23,2026-09-16,2026-11-05,Cold Storage,Low,407.18,Active,91.04,2026-09-13 09:16:46.924650
WST00468,M190,P058,C031,4540.63,kg,78.8,2026-09-27,2026-10-20,Covered Warehouse,High,85.87,Sold,42.09,2026-09-13 09:16:46.924650
WST00469,M190,P058,C031,4178.8,kg,83.27,2026-10-13,2026-12-10,Dry Storage,Medium,215.77,Reserved,61.96,2026-09-13 09:16:46.924650
WST00470,M191,P058,C031,2304.35,piece,76.05,2026-09-20,2026-11-19,Cold Storage,Low,271.53,Expired,64.33,2026-09-13 09:16:46.924650
WST00471,M191,P058,C031,1423.41,litre,92.53,2026-09-15,2026-09-30,Dry Storage,Low,80.22,Reserved,53.72,2026-09-13 09:16:46.924650
WST00472,M192,P058,C031,897.84,ton,63.62,2026-10-03,2026-11-29,Outdoor Storage,Low,315.43,Active,93.64,2026-09-13 09:16:46.924650
WST00473,M192,P058,C031,2451.83,ton,84.93,2026-09-19,2026-10-13,Indoor Storage,Low,432.55,Sold,25.05,2026-09-13 09:16:46.924650
WST00474,M193,P059,C032,2614.46,piece,61.95,2026-09-21,2026-11-06,Outdoor Storage,Medium,318.04,Sold,28.83,2026-09-13 09:16:46.924650
WST00475,M193,P059,C032,2847.93,ton,87.83,2026-09-25,2026-10-17,Cold Storage,Low,443.37,Expired,50.83,2026-09-13 09:16:46.924650
WST00476,M193,P059,C032,3492.68,kg,76.87,2026-09-13,2026-10-20,Indoor Storage,High,97.72,Expired,19.14,2026-09-13 09:16:46.924650
WST00477,M194,P059,C032,2495.19,litre,94.95,2026-09-23,2026-11-04,Cold Storage,Low,226.19,Active,95.99,2026-09-13 09:16:46.924650
WST00478,M194,P059,C032,3431.89,piece,71.41,2026-10-05,2026-10-22,Indoor Storage,Medium,201.66,Reserved,43.49,2026-09-13 09:16:46.924650
WST00479,M195,P059,C032,1897.21,piece,63.68,2026-10-04,2026-11-09,Outdoor Storage,Low,404.07,Reserved,16.78,2026-09-13 09:16:46.924650
WST00480,M195,P059,C032,232.63,litre,69.65,2026-09-23,2026-10-11,Indoor Storage,High,375.95,Reserved,86.62,2026-09-13 09:16:46.924650
WST00481,M196,P060,C033,1770.09,ton,65.78,2026-10-04,2026-11-27,Covered Warehouse,Low,344.29,Expired,70.29,2026-09-13 09:16:46.924650
WST00482,M196,P060,C033,4018.27,ton,66.07,2026-09-25,2026-10-19,Dry Storage,Low,327.65,Expired,50.78,2026-09-13 09:16:46.924650
WST00483,M196,P060,C033,2399.53,litre,84.34,2026-09-13,2026-10-08,Dry Storage,Medium,169.9,Expired,46.32,2026-09-13 09:16:46.925976
WST00484,M197,P060,C033,611.83,litre,69.6,2026-09-20,2026-10-23,Outdoor Storage,Low,264.31,Active,83.09,2026-09-13 09:16:46.925976
WST00485,M197,P060,C033,3983.16,ton,64.04,2026-09-23,2026-10-20,Indoor Storage,High,124.25,Active,70.2,2026-09-13 09:16:46.925976
WST00486,M198,P061,C034,4813.34,piece,83.73,2026-09-19,2026-11-09,Covered Warehouse,Medium,465.42,Expired,54.73,2026-09-13 09:16:46.925976
WST00487,M198,P061,C034,2585.51,piece,74.96,2026-09-25,2026-11-12,Cold Storage,Medium,338.07,Sold,18.29,2026-09-13 09:16:46.925976
WST00488,M198,P061,C034,713.76,ton,95.55,2026-09-21,2026-11-10,Dry Storage,Low,449.42,Active,76.11,2026-09-13 09:16:46.925976
WST00489,M199,P061,C034,2221.25,kg,63.11,2026-10-13,2026-11-30,Covered Warehouse,Low,138.98,Reserved,68.76,2026-09-13 09:16:46.925976
WST00490,M199,P061,C034,1923.22,ton,69.68,2026-09-14,2026-10-27,Outdoor Storage,Low,204.62,Expired,29.67,2026-09-13 09:16:46.925976
WST00491,M199,P061,C034,4534.88,litre,76.92,2026-10-13,2026-11-28,Cold Storage,Low,349.35,Reserved,80.23,2026-09-13 09:16:46.925976
WST00492,M200,P061,C034,1447.63,ton,76.95,2026-10-12,2026-11-11,Outdoor Storage,Low,356.31,Reserved,74.36,2026-09-13 09:16:46.925976
WST00493,M200,P061,C034,4810.17,kg,78.1,2026-09-17,2026-10-26,Cold Storage,Low,383.08,Sold,83.59,2026-09-13 09:16:46.925976
WST00494,M201,P062,C034,4136.35,litre,68.52,2026-10-11,2026-12-06,Indoor Storage,High,338.0,Active,34.73,2026-09-13 09:16:46.925976
WST00495,M201,P062,C034,211.72,piece,70.81,2026-10-03,2026-11-20,Cold Storage,Medium,425.01,Reserved,73.36,2026-09-13 09:16:46.925976
WST00496,M202,P062,C034,347.53,ton,95.02,2026-10-05,2026-11-21,Outdoor Storage,Low,118.91,Reserved,29.76,2026-09-13 09:16:46.925976
WST00497,M202,P062,C034,2583.59,piece,76.15,2026-10-08,2026-12-02,Covered Warehouse,High,234.68,Active,81.28,2026-09-13 09:16:46.925976
WST00498,M203,P062,C034,4523.53,litre,68.76,2026-09-21,2026-10-31,Indoor Storage,High,224.09,Active,24.55,2026-09-13 09:16:46.925976
WST00499,M203,P062,C034,4206.52,piece,86.84,2026-09-19,2026-11-14,Dry Storage,Low,205.2,Sold,55.42,2026-09-13 09:16:46.925976
WST00500,M203,P062,C034,761.05,ton,88.48,2026-10-03,2026-11-08,Cold Storage,Low,79.57,Expired,80.51,2026-09-13 09:16:46.925976
WST00501,M204,P062,C034,2079.36,litre,78.28,2026-09-24,2026-11-05,Covered Warehouse,Medium,133.4,Sold,17.17,2026-09-13 09:16:46.925976
WST00502,M204,P062,C034,1703.01,piece,70.2,2026-10-11,2026-11-20,Indoor Storage,Medium,373.88,Active,62.57,2026-09-13 09:16:46.925976
WST00503,M205,P062,C034,983.69,kg,92.17,2026-09-20,2026-10-12,Dry Storage,Medium,398.06,Sold,78.85,2026-09-13 09:16:46.925976
WST00504,M205,P062,C034,283.75,kg,70.45,2026-10-12,2026-12-07,Dry Storage,Medium,145.74,Active,45.27,2026-09-13 09:16:46.925976
WST00505,M206,P063,C035,3772.24,ton,61.06,2026-09-28,2026-11-11,Dry Storage,Medium,219.23,Reserved,85.89,2026-09-13 09:16:46.925976
WST00506,M206,P063,C035,3104.71,ton,79.2,2026-09-21,2026-10-29,Dry Storage,Low,217.93,Active,28.01,2026-09-13 09:16:46.925976
WST00507,M206,P063,C035,4042.31,kg,80.21,2026-09-23,2026-10-27,Covered Warehouse,Low,11.42,Active,95.98,2026-09-13 09:16:46.925976
WST00508,M207,P063,C035,371.02,ton,66.66,2026-09-13,2026-10-24,Dry Storage,High,231.09,Reserved,37.49,2026-09-13 09:16:46.925976
WST00509,M207,P063,C035,1598.48,ton,73.3,2026-10-11,2026-11-23,Dry Storage,Low,128.21,Active,29.63,2026-09-13 09:16:46.926980
WST00510,M208,P064,C036,3827.64,litre,84.0,2026-09-18,2026-10-11,Indoor Storage,Low,378.72,Reserved,63.38,2026-09-13 09:16:46.926980
WST00511,M208,P064,C036,3774.6,kg,88.78,2026-10-11,2026-12-08,Covered Warehouse,Low,311.5,Sold,95.84,2026-09-13 09:16:46.926980
WST00512,M209,P064,C036,1281.24,ton,75.37,2026-09-24,2026-11-23,Indoor Storage,Low,252.97,Sold,41.16,2026-09-13 09:16:46.926980
WST00513,M209,P064,C036,2050.07,ton,73.89,2026-10-12,2026-11-14,Dry Storage,Medium,448.5,Sold,53.28,2026-09-13 09:16:46.926980
WST00514,M209,P064,C036,3273.87,kg,63.18,2026-10-05,2026-10-29,Indoor Storage,Low,85.66,Sold,73.31,2026-09-13 09:16:46.926980
WST00515,M210,P064,C036,863.73,ton,73.29,2026-10-10,2026-11-18,Cold Storage,High,247.74,Active,43.04,2026-09-13 09:16:46.926980
WST00516,M210,P064,C036,1884.27,litre,74.16,2026-09-18,2026-10-25,Covered Warehouse,Medium,235.43,Expired,95.34,2026-09-13 09:16:46.926980
WST00517,M211,P064,C036,3104.59,ton,70.6,2026-09-28,2026-10-18,Outdoor Storage,Low,322.11,Expired,85.82,2026-09-13 09:16:46.926980
WST00518,M211,P064,C036,4977.99,kg,80.4,2026-10-02,2026-11-11,Dry Storage,Low,249.88,Expired,96.53,2026-09-13 09:16:46.926980
WST00519,M212,P065,C036,3698.61,kg,63.82,2026-10-04,2026-11-11,Covered Warehouse,Low,235.71,Sold,45.13,2026-09-13 09:16:46.926980
WST00520,M212,P065,C036,1666.93,ton,66.37,2026-09-16,2026-11-14,Indoor Storage,High,80.51,Active,53.36,2026-09-13 09:16:46.926980
WST00521,M212,P065,C036,3952.67,piece,72.95,2026-09-17,2026-10-18,Indoor Storage,High,169.97,Reserved,14.18,2026-09-13 09:16:46.926980
WST00522,M213,P065,C036,1127.98,litre,88.67,2026-09-17,2026-10-20,Dry Storage,Medium,195.43,Sold,20.34,2026-09-13 09:16:46.926980
WST00523,M213,P065,C036,3318.27,kg,65.69,2026-09-19,2026-10-08,Covered Warehouse,High,25.05,Expired,98.05,2026-09-13 09:16:46.926980
WST00524,M214,P065,C036,4065.66,ton,72.02,2026-09-17,2026-11-06,Dry Storage,Medium,261.21,Expired,10.7,2026-09-13 09:16:46.926980
WST00525,M214,P065,C036,4561.19,ton,92.69,2026-09-15,2026-10-23,Indoor Storage,Low,393.9,Sold,46.91,2026-09-13 09:16:46.926980
WST00526,M214,P065,C036,2879.06,piece,66.75,2026-09-30,2026-11-23,Outdoor Storage,Low,390.79,Expired,36.61,2026-09-13 09:16:46.926980
WST00527,M215,P066,C037,810.04,litre,72.54,2026-10-01,2026-11-01,Covered Warehouse,Medium,279.24,Sold,22.01,2026-09-13 09:16:46.926980
WST00528,M215,P066,C037,2975.83,litre,80.92,2026-09-15,2026-10-22,Cold Storage,High,7.81,Reserved,77.62,2026-09-13 09:16:46.926980
WST00529,M216,P066,C037,760.79,kg,85.42,2026-10-03,2026-10-26,Covered Warehouse,Medium,181.89,Sold,68.41,2026-09-13 09:16:46.926980
WST00530,M216,P066,C037,3989.84,kg,89.58,2026-10-09,2026-12-06,Covered Warehouse,Low,432.33,Active,56.17,2026-09-13 09:16:46.926980
WST00531,M216,P066,C037,3571.22,kg,61.55,2026-09-17,2026-10-17,Cold Storage,Medium,128.27,Sold,60.9,2026-09-13 09:16:46.926980
WST00532,M217,P067,C038,1486.05,ton,75.16,2026-10-13,2026-11-12,Cold Storage,Low,243.6,Expired,16.72,2026-09-13 09:16:46.926980
WST00533,M217,P067,C038,755.22,piece,91.06,2026-09-19,2026-10-18,Indoor Storage,Low,454.72,Expired,11.31,2026-09-13 09:16:46.926980
WST00534,M218,P067,C038,2134.27,ton,75.63,2026-10-08,2026-11-09,Indoor Storage,Low,432.51,Sold,45.0,2026-09-13 09:16:46.926980
WST00535,M218,P067,C038,1670.35,litre,84.2,2026-10-11,2026-11-13,Cold Storage,High,318.69,Reserved,46.58,2026-09-13 09:16:46.926980
WST00536,M218,P067,C038,2828.83,ton,68.25,2026-10-06,2026-11-05,Cold Storage,Medium,63.73,Active,59.68,2026-09-13 09:16:46.927982
WST00537,M219,P067,C038,3934.78,litre,93.83,2026-09-18,2026-10-20,Cold Storage,Low,116.69,Expired,93.74,2026-09-13 09:16:46.927982
WST00538,M219,P067,C038,620.24,piece,60.45,2026-10-08,2026-11-06,Dry Storage,Low,293.39,Active,71.73,2026-09-13 09:16:46.927982
WST00539,M220,P067,C038,4447.19,litre,84.71,2026-10-06,2026-12-05,Cold Storage,Low,457.89,Reserved,88.72,2026-09-13 09:16:46.927982
WST00540,M220,P067,C038,3791.85,ton,80.54,2026-09-14,2026-10-12,Indoor Storage,Low,494.52,Reserved,13.49,2026-09-13 09:16:46.927982
WST00541,M220,P067,C038,4813.88,ton,92.68,2026-09-21,2026-11-04,Covered Warehouse,High,333.33,Reserved,36.08,2026-09-13 09:16:46.927982
WST00542,M221,P068,C039,2459.06,piece,70.88,2026-10-03,2026-11-07,Dry Storage,Low,180.49,Active,20.13,2026-09-13 09:16:46.927982
WST00543,M221,P068,C039,1064.06,ton,84.81,2026-10-13,2026-11-09,Dry Storage,High,483.01,Expired,65.93,2026-09-13 09:16:46.927982
WST00544,M222,P068,C039,1147.73,kg,88.29,2026-10-03,2026-11-14,Outdoor Storage,High,83.74,Expired,97.5,2026-09-13 09:16:46.927982
WST00545,M222,P068,C039,4916.77,ton,61.25,2026-09-18,2026-10-07,Indoor Storage,Medium,259.69,Reserved,24.01,2026-09-13 09:16:46.927982
WST00546,M223,P068,C039,1969.12,kg,83.8,2026-10-13,2026-11-25,Indoor Storage,Low,300.42,Expired,64.44,2026-09-13 09:16:46.927982
WST00547,M223,P068,C039,1370.89,ton,79.82,2026-09-15,2026-10-29,Indoor Storage,Low,186.18,Active,93.37,2026-09-13 09:16:46.927982
WST00548,M224,P068,C039,817.79,litre,81.65,2026-09-15,2026-11-02,Outdoor Storage,Medium,186.29,Active,24.8,2026-09-13 09:16:46.927982
WST00549,M224,P068,C039,2190.23,piece,75.01,2026-09-22,2026-11-14,Outdoor Storage,Medium,414.73,Reserved,49.41,2026-09-13 09:16:46.927982
WST00550,M224,P068,C039,3236.7,litre,75.54,2026-09-16,2026-10-29,Outdoor Storage,Low,411.64,Sold,27.89,2026-09-13 09:16:46.927982
WST00551,M225,P069,C039,1068.39,kg,63.41,2026-09-19,2026-10-26,Cold Storage,Low,230.44,Sold,72.16,2026-09-13 09:16:46.927982
WST00552,M225,P069,C039,2604.52,kg,72.43,2026-10-06,2026-12-05,Dry Storage,Medium,276.54,Expired,82.48,2026-09-13 09:16:46.927982
WST00553,M226,P069,C039,2167.15,kg,61.34,2026-10-05,2026-11-14,Outdoor Storage,Low,271.2,Expired,97.66,2026-09-13 09:16:46.927982
WST00554,M226,P069,C039,1676.56,ton,89.59,2026-09-27,2026-11-04,Indoor Storage,Low,317.0,Sold,93.41,2026-09-13 09:16:46.927982
WST00555,M227,P069,C039,4208.71,litre,60.77,2026-10-09,2026-12-07,Outdoor Storage,Low,70.96,Active,40.8,2026-09-13 09:16:46.927982
WST00556,M227,P069,C039,2576.17,piece,60.96,2026-09-29,2026-11-28,Covered Warehouse,Low,325.88,Expired,16.51,2026-09-13 09:16:46.927982
WST00557,M227,P069,C039,255.15,piece,67.38,2026-09-18,2026-11-09,Cold Storage,Low,450.89,Active,75.25,2026-09-13 09:16:46.927982
WST00558,M228,P069,C039,3807.85,litre,93.21,2026-09-26,2026-11-22,Indoor Storage,Medium,28.68,Sold,91.2,2026-09-13 09:16:46.927982
WST00559,M228,P069,C039,2230.46,litre,82.7,2026-09-19,2026-10-14,Cold Storage,Medium,185.78,Expired,62.81,2026-09-13 09:16:46.927982
WST00560,M229,P070,C039,626.83,litre,86.13,2026-09-20,2026-10-21,Covered Warehouse,High,291.17,Expired,51.39,2026-09-13 09:16:46.927982
WST00561,M229,P070,C039,4036.66,kg,87.32,2026-10-10,2026-11-21,Dry Storage,High,33.75,Sold,91.13,2026-09-13 09:16:46.928985
WST00562,M229,P070,C039,2910.09,litre,60.28,2026-09-30,2026-11-08,Covered Warehouse,Low,144.25,Expired,71.99,2026-09-13 09:16:46.928985
WST00563,M230,P070,C039,1452.68,piece,96.26,2026-09-30,2026-10-26,Dry Storage,Low,210.69,Reserved,95.4,2026-09-13 09:16:46.928985
WST00564,M230,P070,C039,4802.98,kg,93.53,2026-09-27,2026-11-01,Dry Storage,High,444.61,Sold,12.94,2026-09-13 09:16:46.928985
WST00565,M231,P071,C040,3238.33,kg,92.38,2026-09-22,2026-10-17,Indoor Storage,High,420.46,Sold,10.81,2026-09-13 09:16:46.928985
WST00566,M231,P071,C040,4371.73,litre,70.18,2026-09-27,2026-11-03,Outdoor Storage,Medium,476.61,Sold,51.92,2026-09-13 09:16:46.928985
WST00567,M232,P071,C040,151.17,ton,69.61,2026-09-25,2026-10-21,Cold Storage,Low,96.93,Sold,99.17,2026-09-13 09:16:46.928985
WST00568,M232,P071,C040,2588.11,litre,97.35,2026-09-27,2026-11-20,Outdoor Storage,High,315.32,Reserved,17.45,2026-09-13 09:16:46.928985
WST00569,M233,P072,C041,562.21,ton,91.26,2026-10-05,2026-11-06,Dry Storage,Medium,215.26,Reserved,50.56,2026-09-13 09:16:46.928985
WST00570,M233,P072,C041,1356.02,piece,62.73,2026-10-06,2026-10-28,Outdoor Storage,Low,408.36,Reserved,75.99,2026-09-13 09:16:46.928985
WST00571,M233,P072,C041,3844.34,piece,93.94,2026-09-21,2026-11-13,Indoor Storage,Medium,443.53,Reserved,69.0,2026-09-13 09:16:46.928985
WST00572,M234,P072,C041,3356.28,kg,63.15,2026-10-08,2026-10-31,Covered Warehouse,Medium,249.09,Active,37.6,2026-09-13 09:16:46.928985
WST00573,M234,P072,C041,519.96,kg,97.46,2026-10-08,2026-11-16,Outdoor Storage,High,222.04,Expired,43.18,2026-09-13 09:16:46.928985
WST00574,M235,P072,C041,592.49,ton,93.11,2026-09-22,2026-11-19,Indoor Storage,High,163.03,Expired,89.31,2026-09-13 09:16:46.928985
WST00575,M235,P072,C041,1753.02,litre,70.75,2026-09-18,2026-11-11,Covered Warehouse,Low,38.69,Active,34.22,2026-09-13 09:16:46.928985
WST00576,M235,P072,C041,2950.69,kg,66.01,2026-10-04,2026-10-25,Indoor Storage,Medium,449.78,Sold,42.83,2026-09-13 09:16:46.928985
WST00577,M236,P072,C041,4186.73,kg,98.83,2026-09-30,2026-10-29,Indoor Storage,Low,338.23,Expired,28.86,2026-09-13 09:16:46.928985
WST00578,M236,P072,C041,2803.21,kg,82.97,2026-09-22,2026-10-25,Covered Warehouse,High,230.92,Expired,72.16,2026-09-13 09:16:46.928985
WST00579,M236,P072,C041,2650.37,ton,92.85,2026-09-19,2026-10-15,Cold Storage,Low,198.32,Sold,17.69,2026-09-13 09:16:46.928985
WST00580,M237,P073,C042,1766.99,piece,83.99,2026-09-25,2026-11-15,Indoor Storage,Low,191.46,Expired,48.24,2026-09-13 09:16:46.928985
WST00581,M237,P073,C042,3899.82,kg,82.59,2026-10-07,2026-11-05,Outdoor Storage,Medium,16.1,Reserved,55.58,2026-09-13 09:16:46.928985
WST00582,M238,P073,C042,2912.22,kg,96.27,2026-10-01,2026-10-29,Dry Storage,Medium,145.01,Reserved,54.77,2026-09-13 09:16:46.928985
WST00583,M238,P073,C042,4943.33,ton,66.3,2026-09-29,2026-10-21,Outdoor Storage,Medium,78.31,Sold,64.7,2026-09-13 09:16:46.928985
WST00584,M239,P074,C043,993.69,litre,92.48,2026-09-14,2026-10-09,Cold Storage,Medium,395.62,Expired,94.51,2026-09-13 09:16:46.928985
WST00585,M239,P074,C043,4645.23,kg,93.02,2026-09-30,2026-11-04,Outdoor Storage,Medium,279.04,Sold,98.21,2026-09-13 09:16:46.928985
WST00586,M239,P074,C043,4350.04,kg,62.8,2026-10-08,2026-11-02,Indoor Storage,Low,80.81,Expired,12.65,2026-09-13 09:16:46.928985
WST00587,M240,P074,C043,4550.95,piece,62.56,2026-10-04,2026-11-10,Outdoor Storage,Medium,400.62,Reserved,19.61,2026-09-13 09:16:46.929988
WST00588,M240,P074,C043,3376.2,piece,90.84,2026-10-10,2026-11-25,Cold Storage,High,13.89,Expired,44.77,2026-09-13 09:16:46.929988
WST00589,M241,P075,C043,2210.14,litre,81.3,2026-09-25,2026-10-14,Indoor Storage,Medium,280.28,Expired,31.5,2026-09-13 09:16:46.929988
WST00590,M241,P075,C043,3717.42,piece,79.74,2026-09-19,2026-10-27,Dry Storage,High,47.44,Active,21.68,2026-09-13 09:16:46.929988
WST00591,M242,P075,C043,578.08,litre,73.7,2026-09-23,2026-11-20,Indoor Storage,Low,484.17,Reserved,41.97,2026-09-13 09:16:46.929988
WST00592,M242,P075,C043,562.64,ton,74.13,2026-09-17,2026-10-19,Covered Warehouse,Medium,87.35,Reserved,15.08,2026-09-13 09:16:46.929988
WST00593,M242,P075,C043,4083.43,kg,71.72,2026-09-23,2026-10-20,Cold Storage,Low,471.73,Active,12.37,2026-09-13 09:16:46.929988
WST00594,M243,P075,C043,3443.37,ton,80.96,2026-09-24,2026-10-28,Cold Storage,High,284.43,Expired,46.73,2026-09-13 09:16:46.929988
WST00595,M243,P075,C043,1318.11,kg,76.13,2026-09-30,2026-11-04,Cold Storage,Medium,356.36,Sold,37.09,2026-09-13 09:16:46.929988
WST00596,M244,P075,C043,356.15,piece,97.74,2026-09-15,2026-10-14,Dry Storage,Medium,497.99,Active,51.6,2026-09-13 09:16:46.929988
WST00597,M244,P075,C043,1528.74,kg,78.71,2026-09-30,2026-10-24,Dry Storage,High,379.24,Active,69.8,2026-09-13 09:16:46.929988
WST00598,M244,P075,C043,2717.96,piece,74.55,2026-10-05,2026-11-19,Dry Storage,Medium,473.15,Reserved,67.03,2026-09-13 09:16:46.929988
WST00599,M245,P076,C043,2886.53,litre,81.87,2026-09-28,2026-10-26,Indoor Storage,Low,390.63,Active,26.34,2026-09-13 09:16:46.929988
WST00600,M245,P076,C043,2729.3,ton,91.87,2026-10-09,2026-11-07,Cold Storage,Low,362.8,Active,99.71,2026-09-13 09:16:46.929988
WST00601,M245,P076,C043,2390.86,litre,95.81,2026-09-20,2026-11-09,Cold Storage,Medium,57.54,Sold,77.8,2026-09-13 09:16:46.929988
WST00602,M246,P076,C043,3674.94,litre,97.64,2026-10-12,2026-11-05,Dry Storage,Low,65.14,Reserved,47.24,2026-09-13 09:16:46.929988
WST00603,M246,P076,C043,3319.77,piece,76.8,2026-09-13,2026-10-14,Indoor Storage,High,304.81,Expired,24.06,2026-09-13 09:16:46.929988
WST00604,M247,P076,C043,569.97,piece,69.5,2026-09-26,2026-11-19,Dry Storage,Low,88.73,Expired,74.77,2026-09-13 09:16:46.929988
WST00605,M247,P076,C043,3158.25,ton,90.19,2026-10-11,2026-12-09,Dry Storage,Low,227.07,Active,19.51,2026-09-13 09:16:46.929988
WST00606,M247,P076,C043,4865.29,ton,78.55,2026-09-13,2026-10-22,Outdoor Storage,Low,288.46,Reserved,97.72,2026-09-13 09:16:46.929988
WST00607,M248,P077,C044,4734.2,ton,72.54,2026-09-30,2026-11-29,Indoor Storage,Low,24.97,Active,23.66,2026-09-13 09:16:46.929988
WST00608,M248,P077,C044,4562.53,ton,64.08,2026-09-30,2026-10-29,Cold Storage,Low,400.84,Active,94.41,2026-09-13 09:16:46.929988
WST00609,M249,P077,C044,1052.52,litre,87.76,2026-10-13,2026-12-11,Covered Warehouse,Medium,309.92,Sold,79.62,2026-09-13 09:16:46.929988
WST00610,M249,P077,C044,2429.05,kg,90.97,2026-09-30,2026-10-27,Outdoor Storage,High,142.2,Reserved,13.27,2026-09-13 09:16:46.929988
WST00611,M249,P077,C044,2515.65,litre,77.54,2026-09-27,2026-11-14,Outdoor Storage,Medium,289.65,Reserved,58.09,2026-09-13 09:16:46.929988
WST00612,M250,P078,C044,321.45,kg,64.45,2026-10-04,2026-11-25,Cold Storage,High,137.27,Active,64.39,2026-09-13 09:16:46.929988
WST00613,M250,P078,C044,2442.35,litre,72.8,2026-09-19,2026-11-03,Covered Warehouse,High,275.85,Active,55.01,2026-09-13 09:16:46.929988
WST00614,M250,P078,C044,3058.6,ton,92.47,2026-10-12,2026-12-08,Outdoor Storage,Medium,47.92,Reserved,48.66,2026-09-13 09:16:46.929988
WST00615,M251,P078,C044,178.91,ton,82.68,2026-10-06,2026-11-20,Indoor Storage,High,206.57,Active,22.09,2026-09-13 09:16:46.930988
WST00616,M251,P078,C044,2858.84,piece,94.8,2026-09-27,2026-10-20,Outdoor Storage,Low,22.22,Reserved,33.26,2026-09-13 09:16:46.930988
WST00617,M252,P078,C044,3665.3,litre,80.23,2026-10-04,2026-11-14,Dry Storage,High,34.55,Reserved,78.81,2026-09-13 09:16:46.930988
WST00618,M252,P078,C044,2948.62,ton,70.19,2026-10-08,2026-11-24,Covered Warehouse,High,415.37,Sold,80.88,2026-09-13 09:16:46.930988
WST00619,M252,P078,C044,3682.64,kg,78.08,2026-10-06,2026-10-30,Dry Storage,Medium,104.96,Reserved,44.24,2026-09-13 09:16:46.930988
WST00620,M253,P078,C044,2538.51,kg,88.73,2026-09-14,2026-10-14,Indoor Storage,Low,56.25,Sold,84.29,2026-09-13 09:16:46.930988
WST00621,M253,P078,C044,1136.34,kg,87.74,2026-09-21,2026-10-11,Indoor Storage,High,303.93,Reserved,85.85,2026-09-13 09:16:46.930988
WST00622,M253,P078,C044,3674.86,litre,63.88,2026-09-28,2026-10-14,Indoor Storage,High,33.26,Sold,46.38,2026-09-13 09:16:46.930988
WST00623,M254,P079,C045,1455.08,kg,74.69,2026-09-13,2026-10-29,Covered Warehouse,Medium,208.77,Reserved,12.39,2026-09-13 09:16:46.930988
WST00624,M254,P079,C045,2782.29,litre,74.37,2026-09-25,2026-10-20,Cold Storage,Medium,337.7,Reserved,39.51,2026-09-13 09:16:46.930988
WST00625,M255,P079,C045,367.37,ton,87.18,2026-10-01,2026-11-25,Outdoor Storage,Low,39.84,Sold,71.83,2026-09-13 09:16:46.930988
WST00626,M255,P079,C045,2285.53,kg,80.45,2026-10-10,2026-12-03,Indoor Storage,Medium,32.54,Sold,69.18,2026-09-13 09:16:46.930988
WST00627,M256,P079,C045,3433.06,piece,70.97,2026-09-24,2026-10-30,Dry Storage,High,366.53,Sold,97.09,2026-09-13 09:16:46.930988
WST00628,M256,P079,C045,515.52,piece,67.12,2026-10-03,2026-10-24,Dry Storage,High,253.92,Expired,82.57,2026-09-13 09:16:46.930988
WST00629,M257,P080,C046,4267.68,litre,77.99,2026-09-22,2026-11-19,Outdoor Storage,Low,450.73,Reserved,37.58,2026-09-13 09:16:46.930988
WST00630,M257,P080,C046,3707.8,kg,69.55,2026-10-07,2026-11-16,Outdoor Storage,High,206.57,Expired,21.92,2026-09-13 09:16:46.930988
WST00631,M257,P080,C046,1318.77,kg,87.71,2026-10-07,2026-12-03,Outdoor Storage,Low,171.28,Expired,26.15,2026-09-13 09:16:46.930988
WST00632,M258,P080,C046,2783.65,litre,87.8,2026-10-13,2026-12-04,Dry Storage,High,155.95,Active,68.74,2026-09-13 09:16:46.930988
WST00633,M258,P080,C046,1565.85,piece,76.67,2026-09-18,2026-10-23,Cold Storage,Medium,320.75,Expired,18.26,2026-09-13 09:16:46.930988
WST00634,M259,P080,C046,1737.73,ton,84.41,2026-09-19,2026-10-09,Covered Warehouse,Low,285.53,Sold,10.91,2026-09-13 09:16:46.930988
WST00635,M259,P080,C046,1366.04,piece,98.92,2026-09-15,2026-10-25,Covered Warehouse,High,68.38,Reserved,18.48,2026-09-13 09:16:46.930988
WST00636,M260,P081,C046,2991.44,piece,62.51,2026-09-17,2026-10-16,Dry Storage,High,498.68,Active,85.16,2026-09-13 09:16:46.930988
WST00637,M260,P081,C046,1586.67,piece,94.08,2026-10-10,2026-11-27,Dry Storage,Medium,153.23,Reserved,42.45,2026-09-13 09:16:46.930988
WST00638,M261,P081,C046,2610.64,piece,87.07,2026-10-11,2026-11-06,Cold Storage,Low,158.91,Sold,86.63,2026-09-13 09:16:46.930988
WST00639,M261,P081,C046,235.59,litre,88.29,2026-10-13,2026-11-18,Indoor Storage,Medium,253.8,Sold,38.14,2026-09-13 09:16:46.930988
WST00640,M262,P081,C046,2667.17,litre,69.12,2026-09-25,2026-11-23,Cold Storage,Low,143.54,Expired,47.34,2026-09-13 09:16:46.931991
WST00641,M262,P081,C046,4145.14,kg,95.39,2026-09-29,2026-11-19,Indoor Storage,Medium,184.54,Active,36.48,2026-09-13 09:16:46.931991
WST00642,M262,P081,C046,530.19,ton,98.8,2026-10-06,2026-11-14,Indoor Storage,High,290.7,Active,60.59,2026-09-13 09:16:46.931991
WST00643,M263,P081,C046,4259.75,piece,95.77,2026-09-23,2026-11-11,Dry Storage,High,358.99,Expired,89.07,2026-09-13 09:16:46.931991
WST00644,M263,P081,C046,4721.71,piece,73.8,2026-10-02,2026-11-27,Covered Warehouse,Low,440.81,Active,74.84,2026-09-13 09:16:46.931991
WST00645,M264,P082,C046,1463.42,piece,60.41,2026-09-17,2026-10-18,Covered Warehouse,Medium,54.26,Sold,92.04,2026-09-13 09:16:46.931991
WST00646,M264,P082,C046,254.95,litre,83.44,2026-09-30,2026-11-03,Cold Storage,Low,188.07,Sold,16.91,2026-09-13 09:16:46.931991
WST00647,M265,P082,C046,4070.33,piece,62.3,2026-09-26,2026-11-09,Dry Storage,Low,40.14,Sold,82.32,2026-09-13 09:16:46.931991
WST00648,M265,P082,C046,827.92,kg,86.55,2026-10-03,2026-11-05,Dry Storage,Medium,119.9,Reserved,45.76,2026-09-13 09:16:46.931991
WST00649,M266,P082,C046,665.78,ton,78.67,2026-09-23,2026-10-17,Covered Warehouse,Low,279.51,Expired,22.93,2026-09-13 09:16:46.931991
WST00650,M266,P082,C046,1915.99,kg,73.94,2026-10-13,2026-11-30,Cold Storage,Medium,243.97,Reserved,67.11,2026-09-13 09:16:46.931991
WST00651,M266,P082,C046,4078.99,litre,78.57,2026-10-09,2026-12-01,Outdoor Storage,Medium,155.5,Expired,44.93,2026-09-13 09:16:46.931991
WST00652,M267,P082,C046,3653.02,kg,93.71,2026-09-24,2026-10-17,Cold Storage,Medium,225.17,Reserved,61.68,2026-09-13 09:16:46.931991
WST00653,M267,P082,C046,3838.85,ton,92.29,2026-09-20,2026-11-12,Cold Storage,Low,98.1,Reserved,92.36,2026-09-13 09:16:46.931991
WST00654,M268,P083,C047,1977.69,piece,77.9,2026-09-25,2026-11-02,Indoor Storage,Medium,74.68,Reserved,31.66,2026-09-13 09:16:46.931991
WST00655,M268,P083,C047,3965.2,ton,74.2,2026-10-06,2026-11-16,Dry Storage,High,58.59,Active,91.79,2026-09-13 09:16:46.931991
WST00656,M268,P083,C047,813.12,piece,71.97,2026-09-29,2026-11-08,Cold Storage,High,267.98,Reserved,83.93,2026-09-13 09:16:46.931991
WST00657,M269,P083,C047,4884.81,litre,95.7,2026-10-10,2026-11-12,Dry Storage,Medium,178.51,Active,66.57,2026-09-13 09:16:46.931991
WST00658,M269,P083,C047,4091.29,litre,79.48,2026-10-06,2026-11-29,Outdoor Storage,Low,10.77,Sold,90.56,2026-09-13 09:16:46.931991
WST00659,M270,P084,C047,2024.14,ton,71.17,2026-09-30,2026-11-23,Outdoor Storage,High,124.54,Active,28.13,2026-09-13 09:16:46.931991
WST00660,M270,P084,C047,632.86,litre,85.65,2026-09-21,2026-10-19,Dry Storage,Low,328.59,Reserved,17.85,2026-09-13 09:16:46.931991
WST00661,M271,P084,C047,430.35,ton,65.84,2026-10-06,2026-11-28,Covered Warehouse,High,472.39,Expired,31.99,2026-09-13 09:16:46.931991
WST00662,M271,P084,C047,3532.54,kg,91.27,2026-09-21,2026-10-11,Indoor Storage,Low,406.01,Reserved,88.93,2026-09-13 09:16:46.931991
WST00663,M271,P084,C047,2131.41,litre,70.55,2026-09-24,2026-10-27,Dry Storage,Low,174.2,Active,69.91,2026-09-13 09:16:46.931991
WST00664,M272,P084,C047,1061.2,litre,90.34,2026-09-16,2026-10-17,Indoor Storage,High,464.01,Sold,63.73,2026-09-13 09:16:46.931991
WST00665,M272,P084,C047,4746.73,litre,66.52,2026-09-26,2026-10-17,Outdoor Storage,High,286.98,Sold,78.58,2026-09-13 09:16:46.931991
WST00666,M272,P084,C047,236.62,ton,62.01,2026-09-24,2026-10-13,Indoor Storage,Medium,384.92,Reserved,39.27,2026-09-13 09:16:46.931991
WST00667,M273,P084,C047,4088.6,ton,64.38,2026-10-01,2026-10-29,Dry Storage,High,7.96,Reserved,48.55,2026-09-13 09:16:46.932993
WST00668,M273,P084,C047,4728.3,piece,63.06,2026-09-22,2026-10-30,Cold Storage,Medium,476.95,Sold,46.64,2026-09-13 09:16:46.932993
WST00669,M274,P085,C048,1730.81,ton,67.1,2026-10-13,2026-10-31,Indoor Storage,Low,75.92,Reserved,22.88,2026-09-13 09:16:46.932993
WST00670,M274,P085,C048,2784.14,ton,78.76,2026-10-08,2026-11-01,Cold Storage,Medium,353.13,Active,64.41,2026-09-13 09:16:46.932993
WST00671,M274,P085,C048,3826.93,ton,70.7,2026-10-11,2026-11-16,Covered Warehouse,Medium,272.83,Expired,74.32,2026-09-13 09:16:46.932993
WST00672,M275,P085,C048,4948.62,litre,77.66,2026-10-13,2026-12-10,Dry Storage,Low,107.79,Active,40.92,2026-09-13 09:16:46.932993
WST00673,M275,P085,C048,1822.25,kg,86.26,2026-10-13,2026-12-06,Indoor Storage,Low,485.44,Expired,96.45,2026-09-13 09:16:46.932993
WST00674,M276,P085,C048,4675.07,ton,84.86,2026-10-13,2026-11-14,Outdoor Storage,Low,197.6,Active,81.31,2026-09-13 09:16:46.932993
WST00675,M276,P085,C048,3243.39,ton,65.53,2026-09-24,2026-10-25,Indoor Storage,Low,251.81,Reserved,96.01,2026-09-13 09:16:46.932993
WST00676,M277,P085,C048,4972.78,piece,81.64,2026-09-14,2026-11-06,Covered Warehouse,Low,145.08,Active,81.78,2026-09-13 09:16:46.932993
WST00677,M277,P085,C048,4625.2,piece,72.99,2026-09-25,2026-10-26,Outdoor Storage,Low,97.24,Sold,61.87,2026-09-13 09:16:46.932993
WST00678,M277,P085,C048,4204.79,kg,71.79,2026-09-25,2026-11-15,Indoor Storage,High,294.53,Sold,94.0,2026-09-13 09:16:46.932993
WST00679,M278,P086,C048,1694.61,ton,64.06,2026-09-18,2026-10-17,Dry Storage,Low,229.43,Active,86.72,2026-09-13 09:16:46.932993
WST00680,M278,P086,C048,923.91,piece,86.8,2026-10-13,2026-11-04,Cold Storage,Low,371.92,Expired,72.91,2026-09-13 09:16:46.932993
WST00681,M278,P086,C048,1247.85,litre,66.46,2026-09-18,2026-10-21,Dry Storage,Low,146.98,Reserved,66.61,2026-09-13 09:16:46.932993
WST00682,M279,P086,C048,665.78,litre,61.54,2026-09-16,2026-10-16,Outdoor Storage,Low,324.0,Reserved,14.83,2026-09-13 09:16:46.932993
WST00683,M279,P086,C048,654.1,litre,84.71,2026-09-22,2026-11-08,Indoor Storage,Medium,202.7,Reserved,62.46,2026-09-13 09:16:46.932993
WST00684,M279,P086,C048,4880.08,piece,86.04,2026-09-25,2026-11-11,Indoor Storage,Low,361.41,Reserved,99.91,2026-09-13 09:16:46.932993
WST00685,M280,P086,C048,4839.34,kg,69.0,2026-10-11,2026-10-31,Indoor Storage,High,445.87,Expired,10.5,2026-09-13 09:16:46.932993
WST00686,M280,P086,C048,4106.73,ton,69.4,2026-09-27,2026-10-14,Indoor Storage,Low,293.21,Active,59.95,2026-09-13 09:16:46.932993
WST00687,M281,P086,C048,2855.47,kg,62.59,2026-10-06,2026-11-16,Indoor Storage,Medium,48.67,Reserved,41.84,2026-09-13 09:16:46.932993
WST00688,M281,P086,C048,2260.62,litre,82.42,2026-09-24,2026-10-21,Outdoor Storage,High,388.6,Active,95.33,2026-09-13 09:16:46.932993
WST00689,M282,P087,C048,2450.04,kg,98.58,2026-10-02,2026-11-03,Cold Storage,Medium,400.4,Reserved,45.36,2026-09-13 09:16:46.932993
WST00690,M282,P087,C048,2941.97,ton,68.21,2026-10-05,2026-11-18,Covered Warehouse,Low,166.57,Reserved,96.52,2026-09-13 09:16:46.932993
WST00691,M282,P087,C048,4769.02,piece,77.99,2026-10-07,2026-12-05,Cold Storage,Low,105.89,Sold,84.26,2026-09-13 09:16:46.932993
WST00692,M283,P087,C048,3564.87,kg,85.88,2026-09-28,2026-11-27,Cold Storage,Medium,99.05,Reserved,23.01,2026-09-13 09:16:46.932993
WST00693,M283,P087,C048,1911.39,ton,87.38,2026-10-05,2026-11-15,Cold Storage,Low,287.62,Sold,46.74,2026-09-13 09:16:46.932993
WST00694,M283,P087,C048,2265.45,litre,71.21,2026-10-03,2026-11-25,Cold Storage,High,361.87,Sold,39.66,2026-09-13 09:16:46.933993
WST00695,M284,P088,C049,867.3,piece,73.83,2026-09-27,2026-10-26,Dry Storage,High,144.91,Active,10.37,2026-09-13 09:16:46.933993
WST00696,M284,P088,C049,1968.19,ton,61.28,2026-10-12,2026-11-03,Indoor Storage,Medium,159.88,Reserved,63.35,2026-09-13 09:16:46.933993
WST00697,M285,P088,C049,3108.34,kg,86.02,2026-09-27,2026-10-25,Cold Storage,Medium,435.64,Reserved,70.62,2026-09-13 09:16:46.933993
WST00698,M285,P088,C049,2360.31,kg,87.89,2026-10-08,2026-11-21,Cold Storage,Medium,214.23,Expired,91.04,2026-09-13 09:16:46.933993
WST00699,M285,P088,C049,982.92,piece,62.9,2026-10-05,2026-11-30,Outdoor Storage,High,79.73,Active,34.38,2026-09-13 09:16:46.933993
WST00700,M286,P089,C049,4706.23,piece,98.68,2026-09-22,2026-10-12,Cold Storage,High,119.74,Reserved,68.33,2026-09-13 09:16:46.933993
WST00701,M286,P089,C049,2174.53,ton,66.72,2026-10-03,2026-11-08,Dry Storage,High,337.86,Expired,94.01,2026-09-13 09:16:46.933993
WST00702,M286,P089,C049,1642.07,litre,80.9,2026-09-18,2026-11-09,Outdoor Storage,Low,40.6,Sold,29.95,2026-09-13 09:16:46.933993
WST00703,M287,P089,C049,2826.88,litre,83.87,2026-09-23,2026-11-11,Covered Warehouse,High,353.55,Active,24.53,2026-09-13 09:16:46.934497
WST00704,M287,P089,C049,644.75,ton,67.92,2026-09-19,2026-10-12,Cold Storage,Medium,5.65,Expired,38.16,2026-09-13 09:16:46.934497
WST00705,M288,P089,C049,3111.38,litre,77.67,2026-09-24,2026-11-08,Outdoor Storage,High,96.37,Reserved,55.78,2026-09-13 09:16:46.934497
WST00706,M288,P089,C049,879.31,litre,69.83,2026-09-25,2026-11-24,Indoor Storage,Low,357.59,Sold,29.03,2026-09-13 09:16:46.934497
WST00707,M289,P090,C050,1265.48,piece,93.2,2026-09-14,2026-10-26,Indoor Storage,Low,254.53,Reserved,13.34,2026-09-13 09:16:46.934497
WST00708,M289,P090,C050,2292.58,kg,77.93,2026-10-13,2026-11-27,Indoor Storage,High,286.91,Expired,14.12,2026-09-13 09:16:46.934497
WST00709,M290,P090,C050,2000.86,piece,97.55,2026-09-29,2026-11-09,Cold Storage,Low,384.85,Reserved,42.71,2026-09-13 09:16:46.934497
WST00710,M290,P090,C050,2994.05,ton,98.84,2026-09-24,2026-10-24,Indoor Storage,Medium,143.69,Expired,98.07,2026-09-13 09:16:46.934497
WST00711,M291,P090,C050,4295.97,kg,87.64,2026-09-13,2026-10-19,Outdoor Storage,Medium,448.7,Expired,96.05,2026-09-13 09:16:46.934497
WST00712,M291,P090,C050,3276.23,kg,96.12,2026-09-24,2026-11-21,Cold Storage,Low,161.86,Expired,68.94,2026-09-13 09:16:46.934497
WST00713,M292,P090,C050,3189.34,ton,86.66,2026-10-10,2026-11-26,Cold Storage,Low,142.69,Reserved,43.55,2026-09-13 09:16:46.934497
WST00714,M292,P090,C050,4571.86,ton,78.71,2026-09-15,2026-10-08,Indoor Storage,Low,223.16,Reserved,28.85,2026-09-13 09:16:46.934497
WST00715,M293,P091,C050,3704.03,litre,72.75,2026-09-21,2026-10-09,Covered Warehouse,High,14.56,Active,37.15,2026-09-13 09:16:46.934497
WST00716,M293,P091,C050,3944.45,ton,71.24,2026-09-26,2026-10-14,Outdoor Storage,Medium,405.52,Active,43.11,2026-09-13 09:16:46.934497
WST00717,M294,P091,C050,4533.33,ton,60.03,2026-09-30,2026-10-22,Dry Storage,Medium,140.84,Expired,41.14,2026-09-13 09:16:46.934497
WST00718,M294,P091,C050,559.91,kg,95.26,2026-10-10,2026-11-20,Indoor Storage,High,174.34,Sold,11.51,2026-09-13 09:16:46.934497
WST00719,M294,P091,C050,3916.33,piece,97.81,2026-10-11,2026-12-05,Covered Warehouse,High,423.82,Expired,86.66,2026-09-13 09:16:46.934497
WST00720,M295,P092,C051,4467.48,piece,78.19,2026-10-06,2026-10-31,Cold Storage,Low,186.61,Reserved,70.04,2026-09-13 09:16:46.934497
WST00721,M295,P092,C051,3296.39,piece,86.48,2026-09-13,2026-10-21,Indoor Storage,Low,255.25,Expired,72.32,2026-09-13 09:16:46.934497
WST00722,M295,P092,C051,4603.13,piece,71.25,2026-09-30,2026-11-27,Outdoor Storage,High,395.95,Sold,24.21,2026-09-13 09:16:46.934497
WST00723,M296,P092,C051,2271.26,kg,95.68,2026-10-08,2026-11-18,Covered Warehouse,High,280.38,Expired,44.89,2026-09-13 09:16:46.934497
WST00724,M296,P092,C051,3478.03,kg,81.96,2026-09-20,2026-10-07,Covered Warehouse,Medium,449.95,Sold,32.46,2026-09-13 09:16:46.934497
WST00725,M296,P092,C051,2954.91,piece,69.09,2026-10-07,2026-11-01,Covered Warehouse,Low,224.98,Reserved,42.05,2026-09-13 09:16:46.934497
WST00726,M297,P092,C051,973.89,piece,77.28,2026-10-07,2026-11-17,Dry Storage,High,94.55,Expired,40.66,2026-09-13 09:16:46.934497
WST00727,M297,P092,C051,1079.57,piece,80.91,2026-10-10,2026-11-09,Outdoor Storage,High,257.7,Active,53.68,2026-09-13 09:16:46.934497
WST00728,M298,P092,C051,202.61,litre,86.31,2026-10-10,2026-11-20,Outdoor Storage,Medium,424.66,Expired,60.33,2026-09-13 09:16:46.935520
WST00729,M298,P092,C051,549.29,litre,62.51,2026-09-19,2026-11-05,Cold Storage,Medium,270.65,Reserved,68.05,2026-09-13 09:16:46.935520
WST00730,M298,P092,C051,1549.9,piece,61.11,2026-10-04,2026-11-29,Indoor Storage,Low,104.68,Sold,37.06,2026-09-13 09:16:46.935520
WST00731,M299,P093,C051,2479.65,kg,98.48,2026-09-21,2026-10-06,Covered Warehouse,Low,417.66,Active,47.86,2026-09-13 09:16:46.935520
WST00732,M299,P093,C051,3640.81,litre,96.05,2026-10-06,2026-10-31,Outdoor Storage,Low,82.19,Sold,61.98,2026-09-13 09:16:46.935520
WST00733,M299,P093,C051,2793.13,ton,61.16,2026-09-13,2026-10-16,Cold Storage,Medium,34.47,Sold,87.34,2026-09-13 09:16:46.935520
WST00734,M300,P093,C051,3904.18,piece,98.43,2026-10-11,2026-11-17,Outdoor Storage,Medium,447.16,Expired,91.12,2026-09-13 09:16:46.935520
WST00735,M300,P093,C051,3868.51,kg,71.56,2026-10-06,2026-11-14,Cold Storage,Low,163.18,Reserved,96.38,2026-09-13 09:16:46.935520
WST00736,M301,P093,C051,1519.02,piece,69.58,2026-09-30,2026-11-20,Cold Storage,Low,76.17,Active,57.56,2026-09-13 09:16:46.935520
WST00737,M301,P093,C051,3991.77,kg,89.56,2026-10-03,2026-11-25,Outdoor Storage,High,476.68,Active,71.18,2026-09-13 09:16:46.935520
WST00738,M301,P093,C051,4053.18,piece,75.59,2026-10-10,2026-11-26,Indoor Storage,Medium,452.19,Sold,33.36,2026-09-13 09:16:46.935520
WST00739,M302,P094,C051,176.44,litre,85.38,2026-09-13,2026-10-02,Indoor Storage,Medium,221.34,Active,40.1,2026-09-13 09:16:46.935520
WST00740,M302,P094,C051,1747.05,litre,65.44,2026-10-03,2026-10-19,Outdoor Storage,High,317.15,Expired,10.67,2026-09-13 09:16:46.935520
WST00741,M302,P094,C051,1640.89,litre,91.63,2026-09-24,2026-11-13,Outdoor Storage,Low,46.05,Sold,30.27,2026-09-13 09:16:46.935520
WST00742,M303,P094,C051,2966.49,kg,68.67,2026-09-28,2026-10-31,Indoor Storage,Medium,378.33,Active,23.53,2026-09-13 09:16:46.935520
WST00743,M303,P094,C051,3996.62,kg,92.96,2026-09-17,2026-11-07,Dry Storage,Low,26.08,Expired,72.47,2026-09-13 09:16:46.935520
WST00744,M303,P094,C051,621.3,kg,83.49,2026-09-28,2026-11-21,Cold Storage,Medium,71.78,Expired,44.05,2026-09-13 09:16:46.935520
WST00745,M304,P094,C051,687.22,piece,96.4,2026-10-03,2026-12-01,Indoor Storage,Low,376.55,Expired,98.65,2026-09-13 09:16:46.935520
WST00746,M304,P094,C051,2596.77,piece,71.47,2026-09-26,2026-10-21,Covered Warehouse,High,426.25,Sold,92.26,2026-09-13 09:16:46.935520
WST00747,M305,P094,C051,740.5,kg,96.84,2026-09-18,2026-11-11,Indoor Storage,Medium,428.9,Active,49.61,2026-09-13 09:16:46.935520
WST00748,M305,P094,C051,4731.69,piece,86.07,2026-09-24,2026-10-25,Covered Warehouse,High,111.46,Active,45.06,2026-09-13 09:16:46.935520
WST00749,M305,P094,C051,3471.9,litre,81.23,2026-09-18,2026-10-07,Cold Storage,Low,30.13,Reserved,67.77,2026-09-13 09:16:46.935520
WST00750,M306,P095,C052,772.87,ton,62.23,2026-09-14,2026-10-19,Dry Storage,Medium,104.06,Active,75.84,2026-09-13 09:16:46.935520
WST00751,M306,P095,C052,364.93,ton,67.01,2026-09-16,2026-11-08,Indoor Storage,High,186.77,Active,53.31,2026-09-13 09:16:46.935520
WST00752,M306,P095,C052,2083.27,litre,73.17,2026-09-22,2026-11-11,Dry Storage,High,484.14,Reserved,51.91,2026-09-13 09:16:46.935520
WST00753,M307,P095,C052,4342.96,litre,98.01,2026-09-26,2026-11-03,Covered Warehouse,Medium,343.44,Reserved,97.73,2026-09-13 09:16:46.935520
WST00754,M307,P095,C052,4939.79,piece,77.94,2026-09-19,2026-11-08,Outdoor Storage,Low,119.28,Sold,97.38,2026-09-13 09:16:46.935520
WST00755,M308,P095,C052,2416.63,piece,77.38,2026-09-23,2026-10-20,Dry Storage,High,224.73,Expired,75.41,2026-09-13 09:16:46.936523
WST00756,M308,P095,C052,848.8,kg,88.05,2026-10-02,2026-11-27,Covered Warehouse,Low,276.72,Sold,28.05,2026-09-13 09:16:46.936523
WST00757,M308,P095,C052,4116.24,litre,65.14,2026-10-06,2026-12-05,Outdoor Storage,Medium,430.82,Sold,65.31,2026-09-13 09:16:46.936523
WST00758,M309,P096,C052,2252.04,kg,95.25,2026-09-17,2026-11-12,Indoor Storage,High,258.12,Expired,58.87,2026-09-13 09:16:46.936523
WST00759,M309,P096,C052,954.29,litre,82.16,2026-10-13,2026-11-07,Dry Storage,Medium,380.08,Expired,19.82,2026-09-13 09:16:46.936523
WST00760,M309,P096,C052,3080.02,piece,61.24,2026-09-16,2026-10-03,Cold Storage,High,293.94,Reserved,41.48,2026-09-13 09:16:46.936523
WST00761,M310,P096,C052,1138.27,kg,97.05,2026-10-04,2026-11-27,Outdoor Storage,High,32.3,Sold,53.58,2026-09-13 09:16:46.936523
WST00762,M310,P096,C052,1835.36,piece,94.15,2026-09-26,2026-10-24,Indoor Storage,High,240.71,Sold,54.62,2026-09-13 09:16:46.936523
WST00763,M310,P096,C052,4415.6,piece,62.74,2026-09-15,2026-11-02,Cold Storage,Low,47.7,Reserved,18.18,2026-09-13 09:16:46.936523
WST00764,M311,P097,C052,2675.17,kg,80.43,2026-10-11,2026-11-10,Covered Warehouse,High,155.2,Expired,16.06,2026-09-13 09:16:46.936523
WST00765,M311,P097,C052,3385.18,kg,73.54,2026-10-04,2026-12-01,Cold Storage,Medium,146.4,Sold,67.43,2026-09-13 09:16:46.936523
WST00766,M312,P097,C052,2892.1,kg,68.07,2026-09-15,2026-10-16,Indoor Storage,Medium,298.62,Expired,26.02,2026-09-13 09:16:46.936523
WST00767,M312,P097,C052,2194.25,litre,73.34,2026-10-09,2026-11-13,Outdoor Storage,Medium,8.35,Sold,29.01,2026-09-13 09:16:46.936523
WST00768,M312,P097,C052,242.18,ton,67.43,2026-09-15,2026-10-16,Dry Storage,Medium,24.98,Active,63.7,2026-09-13 09:16:46.936523
WST00769,M313,P098,C053,3387.7,ton,61.0,2026-09-19,2026-11-18,Indoor Storage,Low,50.63,Active,54.43,2026-09-13 09:16:46.936523
WST00770,M313,P098,C053,3408.7,piece,86.12,2026-09-21,2026-11-05,Outdoor Storage,Low,378.15,Active,46.0,2026-09-13 09:16:46.936523
WST00771,M313,P098,C053,1164.55,ton,84.23,2026-10-11,2026-11-28,Dry Storage,Low,322.9,Expired,70.66,2026-09-13 09:16:46.936523
WST00772,M314,P098,C053,1974.24,litre,72.76,2026-10-08,2026-11-16,Outdoor Storage,Low,184.71,Sold,19.31,2026-09-13 09:16:46.936523
WST00773,M314,P098,C053,4697.03,litre,66.24,2026-10-01,2026-11-05,Covered Warehouse,Low,217.38,Sold,74.89,2026-09-13 09:16:46.936523
WST00774,M314,P098,C053,1556.88,litre,97.46,2026-10-02,2026-10-17,Indoor Storage,High,5.34,Reserved,35.05,2026-09-13 09:16:46.936523
WST00775,M315,P098,C053,1315.24,piece,63.35,2026-10-10,2026-11-12,Cold Storage,Low,232.9,Active,27.65,2026-09-13 09:16:46.936523
WST00776,M315,P098,C053,4417.4,litre,77.46,2026-10-04,2026-10-25,Indoor Storage,Medium,490.87,Expired,19.34,2026-09-13 09:16:46.936523
WST00777,M315,P098,C053,1982.79,litre,74.57,2026-09-22,2026-10-09,Indoor Storage,High,47.15,Sold,29.75,2026-09-13 09:16:46.936523
WST00778,M316,P098,C053,2726.68,ton,77.51,2026-10-01,2026-10-16,Outdoor Storage,Low,344.43,Expired,47.03,2026-09-13 09:16:46.936523
WST00779,M316,P098,C053,3238.81,piece,73.57,2026-09-24,2026-11-04,Covered Warehouse,High,8.32,Reserved,94.93,2026-09-13 09:16:46.936523
WST00780,M316,P098,C053,4452.79,piece,70.96,2026-09-23,2026-10-19,Dry Storage,Low,243.35,Reserved,20.35,2026-09-13 09:16:46.936523
WST00781,M317,P099,C053,2925.14,litre,74.76,2026-09-28,2026-11-03,Indoor Storage,Low,421.5,Sold,68.81,2026-09-13 09:16:46.936523
WST00782,M317,P099,C053,966.54,ton,77.69,2026-10-06,2026-10-31,Outdoor Storage,Low,299.88,Active,13.24,2026-09-13 09:16:46.936523
WST00783,M318,P099,C053,4103.23,piece,89.22,2026-10-12,2026-11-30,Cold Storage,High,126.36,Expired,97.34,2026-09-13 09:16:46.936523
WST00784,M318,P099,C053,4676.8,kg,64.67,2026-09-18,2026-10-10,Covered Warehouse,Medium,417.23,Reserved,34.25,2026-09-13 09:16:46.937549
WST00785,M319,P100,C054,4675.47,ton,64.81,2026-09-22,2026-10-28,Outdoor Storage,Low,209.67,Sold,66.29,2026-09-13 09:16:46.937549
WST00786,M319,P100,C054,3551.52,litre,64.87,2026-09-14,2026-11-03,Outdoor Storage,Medium,201.84,Reserved,72.09,2026-09-13 09:16:46.937549
WST00787,M320,P100,C054,653.31,ton,76.46,2026-10-13,2026-11-28,Covered Warehouse,High,17.45,Sold,50.34,2026-09-13 09:16:46.937549
WST00788,M320,P100,C054,4709.62,kg,85.13,2026-09-24,2026-11-05,Dry Storage,Medium,408.83,Sold,63.27,2026-09-13 09:16:46.937549
WST00789,M320,P100,C054,3837.61,litre,76.39,2026-10-09,2026-10-29,Dry Storage,Medium,149.23,Reserved,73.74,2026-09-13 09:16:46.937549
WST00790,M321,P100,C054,4570.0,ton,75.08,2026-09-24,2026-10-29,Outdoor Storage,Medium,472.36,Active,12.39,2026-09-13 09:16:46.937549
WST00791,M321,P100,C054,4156.42,piece,84.78,2026-09-13,2026-10-28,Cold Storage,Low,231.05,Reserved,56.12,2026-09-13 09:16:46.937549
WST00792,M322,P100,C054,2209.5,kg,88.55,2026-10-01,2026-11-08,Cold Storage,High,13.76,Reserved,20.18,2026-09-13 09:16:46.937549
WST00793,M322,P100,C054,1681.92,kg,69.33,2026-10-01,2026-10-30,Outdoor Storage,Medium,482.39,Expired,13.38,2026-09-13 09:16:46.937549
WST00794,M323,P101,C054,3200.15,piece,73.97,2026-09-28,2026-10-16,Dry Storage,High,274.7,Active,76.49,2026-09-13 09:16:46.937549
WST00795,M323,P101,C054,4619.71,litre,75.97,2026-09-18,2026-11-16,Indoor Storage,High,434.05,Reserved,80.05,2026-09-13 09:16:46.937549
WST00796,M323,P101,C054,3923.01,piece,73.99,2026-09-19,2026-10-29,Dry Storage,Low,156.91,Reserved,26.43,2026-09-13 09:16:46.937549
WST00797,M324,P101,C054,3458.38,kg,81.78,2026-10-11,2026-10-31,Cold Storage,High,435.73,Sold,26.02,2026-09-13 09:16:46.937549
WST00798,M324,P101,C054,3072.63,ton,87.49,2026-10-06,2026-11-01,Dry Storage,Medium,305.62,Reserved,74.23,2026-09-13 09:16:46.937549
WST00799,M324,P101,C054,3441.12,litre,78.9,2026-09-27,2026-11-10,Cold Storage,Low,366.99,Sold,38.81,2026-09-13 09:16:46.937549
WST00800,M325,P101,C054,2587.5,litre,81.4,2026-10-02,2026-11-10,Cold Storage,High,478.15,Active,29.43,2026-09-13 09:16:46.937549
WST00801,M325,P101,C054,3729.48,ton,76.77,2026-09-26,2026-11-19,Cold Storage,Medium,136.01,Expired,90.89,2026-09-13 09:16:46.937549
WST00802,M325,P101,C054,202.33,kg,83.43,2026-09-23,2026-10-14,Outdoor Storage,Medium,412.17,Expired,73.66,2026-09-13 09:16:46.937549
WST00803,M326,P101,C054,3074.9,ton,95.45,2026-09-18,2026-10-14,Covered Warehouse,High,102.55,Expired,25.18,2026-09-13 09:16:46.937549
WST00804,M326,P101,C054,2196.9,kg,94.3,2026-09-27,2026-11-23,Covered Warehouse,Low,270.29,Reserved,69.02,2026-09-13 09:16:46.937549
WST00805,M327,P101,C054,2525.74,litre,81.25,2026-09-30,2026-11-03,Dry Storage,High,343.58,Active,68.39,2026-09-13 09:16:46.937549
WST00806,M327,P101,C054,4667.74,kg,68.2,2026-09-28,2026-11-27,Cold Storage,High,433.52,Reserved,93.21,2026-09-13 09:16:46.937549
WST00807,M327,P101,C054,4202.11,litre,65.06,2026-09-23,2026-11-16,Cold Storage,High,307.33,Reserved,48.9,2026-09-13 09:16:46.937549
WST00808,M328,P102,C055,1040.78,piece,65.36,2026-10-04,2026-11-20,Dry Storage,Low,110.59,Active,54.85,2026-09-13 09:16:46.938558
WST00809,M328,P102,C055,2027.93,piece,71.15,2026-10-10,2026-10-25,Outdoor Storage,Medium,29.57,Reserved,31.04,2026-09-13 09:16:46.938558
WST00810,M328,P102,C055,2217.76,kg,75.64,2026-09-16,2026-10-01,Cold Storage,Low,124.49,Expired,86.35,2026-09-13 09:16:46.938558
WST00811,M329,P102,C055,2283.84,piece,72.37,2026-10-05,2026-11-16,Outdoor Storage,Medium,50.84,Expired,63.98,2026-09-13 09:16:46.938558
WST00812,M329,P102,C055,1268.25,ton,98.16,2026-10-11,2026-12-08,Covered Warehouse,Low,149.46,Sold,99.3,2026-09-13 09:16:46.938558
WST00813,M330,P102,C055,2436.81,kg,90.47,2026-09-16,2026-10-01,Indoor Storage,Medium,144.29,Reserved,13.61,2026-09-13 09:16:46.938558
WST00814,M330,P102,C055,3530.28,kg,64.25,2026-09-16,2026-11-11,Indoor Storage,High,205.56,Active,41.66,2026-09-13 09:16:46.938558
WST00815,M330,P102,C055,3907.11,kg,96.83,2026-10-12,2026-11-10,Outdoor Storage,High,384.86,Expired,73.61,2026-09-13 09:16:46.938558
WST00816,M331,P102,C055,3410.26,piece,72.67,2026-10-07,2026-11-14,Indoor Storage,High,211.11,Reserved,73.99,2026-09-13 09:16:46.938558
WST00817,M331,P102,C055,1951.15,ton,67.94,2026-10-07,2026-11-16,Indoor Storage,Low,49.2,Sold,33.65,2026-09-13 09:16:46.938558
WST00818,M331,P102,C055,4860.94,ton,72.4,2026-09-28,2026-11-25,Outdoor Storage,Low,112.96,Sold,34.36,2026-09-13 09:16:46.938558
WST00819,M332,P103,C055,3237.32,litre,64.29,2026-09-21,2026-10-25,Indoor Storage,Medium,351.56,Sold,37.31,2026-09-13 09:16:46.938558
WST00820,M332,P103,C055,4878.96,litre,91.95,2026-09-25,2026-11-13,Indoor Storage,Medium,350.57,Active,90.05,2026-09-13 09:16:46.938558
WST00821,M333,P103,C055,348.83,litre,63.49,2026-09-29,2026-11-18,Outdoor Storage,Low,55.29,Active,43.48,2026-09-13 09:16:46.938558
WST00822,M333,P103,C055,1084.4,piece,66.62,2026-10-12,2026-11-30,Indoor Storage,Low,191.14,Active,29.7,2026-09-13 09:16:46.938558
WST00823,M334,P103,C055,4323.11,piece,74.65,2026-09-20,2026-11-10,Indoor Storage,High,339.23,Expired,18.06,2026-09-13 09:16:46.938558
WST00824,M334,P103,C055,3951.02,piece,79.32,2026-10-02,2026-11-26,Indoor Storage,Medium,14.6,Active,75.85,2026-09-13 09:16:46.938558
WST00825,M335,P103,C055,421.56,kg,79.32,2026-09-13,2026-11-08,Indoor Storage,Medium,486.98,Expired,27.46,2026-09-13 09:16:46.938558
WST00826,M335,P103,C055,2452.08,ton,88.3,2026-10-12,2026-11-28,Cold Storage,High,287.0,Active,57.84,2026-09-13 09:16:46.938558
WST00827,M335,P103,C055,3016.92,ton,73.49,2026-09-17,2026-11-16,Outdoor Storage,Medium,277.06,Reserved,31.74,2026-09-13 09:16:46.938558
WST00828,M336,P104,C056,2455.65,kg,69.59,2026-09-16,2026-10-29,Indoor Storage,High,146.11,Sold,55.45,2026-09-13 09:16:46.938558
WST00829,M336,P104,C056,2343.7,piece,85.93,2026-09-17,2026-10-02,Indoor Storage,Medium,470.22,Active,90.66,2026-09-13 09:16:46.938558
WST00830,M336,P104,C056,2456.87,kg,71.65,2026-09-27,2026-10-22,Dry Storage,Low,243.83,Expired,58.02,2026-09-13 09:16:46.938558
WST00831,M337,P104,C056,3747.16,ton,96.25,2026-10-02,2026-11-03,Cold Storage,Medium,208.35,Active,19.38,2026-09-13 09:16:46.938558
WST00832,M337,P104,C056,951.15,ton,73.72,2026-10-02,2026-11-12,Indoor Storage,Medium,492.92,Active,13.39,2026-09-13 09:16:46.938558
WST00833,M338,P104,C056,4438.64,litre,69.43,2026-09-24,2026-11-06,Covered Warehouse,High,377.21,Sold,81.55,2026-09-13 09:16:46.938558
WST00834,M338,P104,C056,1574.58,kg,78.78,2026-09-28,2026-10-23,Dry Storage,Medium,388.69,Active,50.84,2026-09-13 09:16:46.938558
WST00835,M338,P104,C056,1649.75,kg,83.55,2026-09-28,2026-11-10,Cold Storage,High,136.66,Reserved,32.06,2026-09-13 09:16:46.938558
WST00836,M339,P105,C057,2582.1,ton,65.38,2026-09-30,2026-11-22,Cold Storage,Medium,178.91,Reserved,13.7,2026-09-13 09:16:46.939560
WST00837,M339,P105,C057,1385.62,ton,91.57,2026-09-14,2026-10-30,Dry Storage,High,159.74,Expired,35.3,2026-09-13 09:16:46.939560
WST00838,M340,P105,C057,459.39,piece,98.57,2026-09-22,2026-10-23,Dry Storage,High,44.98,Active,58.18,2026-09-13 09:16:46.939560
WST00839,M340,P105,C057,983.43,litre,67.82,2026-09-16,2026-10-29,Indoor Storage,High,355.9,Active,51.27,2026-09-13 09:16:46.939560
WST00840,M341,P105,C057,2597.62,ton,79.1,2026-10-03,2026-11-11,Covered Warehouse,High,104.19,Expired,89.8,2026-09-13 09:16:46.939560
WST00841,M341,P105,C057,1220.28,kg,74.38,2026-10-01,2026-11-27,Indoor Storage,High,260.07,Active,26.3,2026-09-13 09:16:46.939560
WST00842,M341,P105,C057,3177.82,litre,93.2,2026-10-08,2026-10-31,Cold Storage,Low,406.03,Reserved,90.14,2026-09-13 09:16:46.939560
WST00843,M342,P106,C057,3719.13,kg,95.75,2026-10-04,2026-11-08,Dry Storage,High,452.05,Expired,81.48,2026-09-13 09:16:46.939560
WST00844,M342,P106,C057,1258.14,kg,70.72,2026-10-05,2026-10-23,Covered Warehouse,Medium,69.65,Reserved,92.91,2026-09-13 09:16:46.939560
WST00845,M343,P106,C057,702.84,piece,96.6,2026-09-15,2026-10-16,Cold Storage,Low,159.06,Sold,56.71,2026-09-13 09:16:46.939560
WST00846,M343,P106,C057,4332.34,litre,62.09,2026-10-03,2026-11-17,Indoor Storage,Medium,6.27,Reserved,87.0,2026-09-13 09:16:46.939560
WST00847,M343,P106,C057,1801.93,kg,97.71,2026-10-06,2026-10-26,Outdoor Storage,Low,157.27,Active,62.52,2026-09-13 09:16:46.939560
WST00848,M344,P106,C057,4049.03,ton,85.91,2026-10-02,2026-10-18,Cold Storage,High,309.28,Sold,10.19,2026-09-13 09:16:46.939560
WST00849,M344,P106,C057,3635.9,kg,85.28,2026-10-03,2026-10-18,Dry Storage,High,126.14,Reserved,96.4,2026-09-13 09:16:46.939560
WST00850,M345,P107,C057,1186.46,ton,87.8,2026-09-20,2026-10-31,Cold Storage,Medium,90.83,Active,11.85,2026-09-13 09:16:46.939560
WST00851,M345,P107,C057,2987.16,litre,88.34,2026-09-13,2026-10-22,Cold Storage,Low,404.04,Reserved,53.51,2026-09-13 09:16:46.939560
WST00852,M345,P107,C057,2075.58,litre,93.83,2026-10-02,2026-10-24,Outdoor Storage,Low,255.84,Expired,67.82,2026-09-13 09:16:46.939560
WST00853,M346,P107,C057,1823.7,piece,93.1,2026-09-23,2026-10-17,Cold Storage,Medium,251.96,Active,40.54,2026-09-13 09:16:46.939560
WST00854,M346,P107,C057,4468.07,ton,86.99,2026-10-03,2026-11-14,Covered Warehouse,Medium,287.44,Reserved,24.57,2026-09-13 09:16:46.939560
WST00855,M347,P108,C058,1273.23,ton,65.62,2026-10-05,2026-11-01,Dry Storage,Medium,204.93,Reserved,51.38,2026-09-13 09:16:46.939560
WST00856,M347,P108,C058,1207.23,piece,98.21,2026-09-26,2026-11-05,Cold Storage,Medium,82.21,Reserved,42.03,2026-09-13 09:16:46.939560
WST00857,M348,P108,C058,2938.74,ton,90.68,2026-09-17,2026-11-15,Covered Warehouse,Medium,190.24,Reserved,40.88,2026-09-13 09:16:46.939560
WST00858,M348,P108,C058,1884.07,ton,77.54,2026-09-25,2026-11-13,Indoor Storage,Medium,27.56,Sold,11.01,2026-09-13 09:16:46.939560
WST00859,M348,P108,C058,1103.92,ton,87.18,2026-09-25,2026-11-22,Cold Storage,Low,221.82,Active,84.05,2026-09-13 09:16:46.939560
WST00860,M349,P109,C058,1490.67,kg,91.27,2026-10-10,2026-10-26,Outdoor Storage,Medium,287.92,Active,52.23,2026-09-13 09:16:46.939560
WST00861,M349,P109,C058,2216.98,piece,90.8,2026-09-28,2026-10-26,Dry Storage,High,309.94,Reserved,10.7,2026-09-13 09:16:46.939560
WST00862,M350,P109,C058,2208.38,litre,79.41,2026-10-03,2026-11-09,Indoor Storage,Low,419.65,Active,82.37,2026-09-13 09:16:46.940562
WST00863,M350,P109,C058,4415.57,ton,90.55,2026-10-11,2026-11-29,Dry Storage,High,122.27,Sold,75.07,2026-09-13 09:16:46.940562
WST00864,M350,P109,C058,149.34,litre,77.12,2026-09-29,2026-11-18,Dry Storage,Low,45.55,Expired,44.42,2026-09-13 09:16:46.940562
WST00865,M351,P109,C058,1469.62,kg,64.55,2026-09-25,2026-11-18,Outdoor Storage,High,76.97,Active,71.08,2026-09-13 09:16:46.940562
WST00866,M351,P109,C058,1749.44,kg,92.63,2026-09-13,2026-09-29,Outdoor Storage,Low,279.85,Active,44.7,2026-09-13 09:16:46.940562
WST00867,M352,P110,C059,2727.05,litre,90.04,2026-09-29,2026-11-13,Covered Warehouse,High,372.69,Active,60.33,2026-09-13 09:16:46.940562
WST00868,M352,P110,C059,247.51,kg,71.13,2026-10-04,2026-10-31,Cold Storage,Low,346.11,Expired,79.22,2026-09-13 09:16:46.940562
WST00869,M352,P110,C059,1717.9,ton,77.14,2026-10-10,2026-11-13,Dry Storage,Medium,176.9,Sold,34.84,2026-09-13 09:16:46.940562
WST00870,M353,P110,C059,936.85,piece,88.22,2026-09-25,2026-11-06,Indoor Storage,High,312.95,Expired,61.57,2026-09-13 09:16:46.940562
WST00871,M353,P110,C059,4363.98,kg,91.47,2026-09-25,2026-11-21,Indoor Storage,Medium,27.61,Active,17.69,2026-09-13 09:16:46.940562
WST00872,M354,P110,C059,3768.16,litre,61.81,2026-09-14,2026-10-13,Outdoor Storage,High,440.21,Expired,39.43,2026-09-13 09:16:46.940562
WST00873,M354,P110,C059,1112.66,kg,67.52,2026-09-21,2026-11-12,Dry Storage,High,306.39,Reserved,70.96,2026-09-13 09:16:46.940562
WST00874,M354,P110,C059,886.41,litre,71.17,2026-09-21,2026-11-16,Dry Storage,Medium,191.44,Expired,62.05,2026-09-13 09:16:46.940562
WST00875,M355,P110,C059,185.06,litre,77.06,2026-10-05,2026-11-05,Covered Warehouse,High,362.17,Reserved,38.01,2026-09-13 09:16:46.940562
WST00876,M355,P110,C059,955.84,piece,71.31,2026-10-05,2026-12-03,Dry Storage,High,494.66,Active,89.98,2026-09-13 09:16:46.940562
WST00877,M356,P111,C059,3595.17,piece,71.51,2026-10-05,2026-10-28,Indoor Storage,Medium,157.52,Sold,84.9,2026-09-13 09:16:46.940562
WST00878,M356,P111,C059,4655.84,litre,66.89,2026-09-14,2026-10-08,Indoor Storage,High,447.21,Reserved,45.2,2026-09-13 09:16:46.940562
WST00879,M356,P111,C059,1337.74,ton,86.1,2026-10-06,2026-11-04,Covered Warehouse,Medium,450.15,Expired,12.09,2026-09-13 09:16:46.940562
WST00880,M357,P111,C059,2544.37,litre,61.18,2026-09-14,2026-10-06,Outdoor Storage,Medium,482.57,Active,64.58,2026-09-13 09:16:46.940562
WST00881,M357,P111,C059,1394.37,kg,63.58,2026-09-24,2026-10-28,Cold Storage,High,403.62,Active,73.62,2026-09-13 09:16:46.940562
WST00882,M357,P111,C059,3149.07,kg,93.19,2026-09-18,2026-11-15,Indoor Storage,Low,327.23,Sold,44.48,2026-09-13 09:16:46.940562
WST00883,M358,P112,C060,2925.1,kg,73.14,2026-10-09,2026-11-03,Indoor Storage,Medium,96.7,Expired,78.64,2026-09-13 09:16:46.940562
WST00884,M358,P112,C060,3781.34,litre,77.56,2026-09-29,2026-11-16,Dry Storage,Medium,158.52,Active,79.94,2026-09-13 09:16:46.940562
WST00885,M358,P112,C060,4483.15,kg,95.44,2026-09-19,2026-10-14,Indoor Storage,Medium,465.92,Sold,94.87,2026-09-13 09:16:46.940562
WST00886,M359,P112,C060,1467.86,kg,79.79,2026-10-06,2026-12-01,Outdoor Storage,Medium,328.91,Active,84.9,2026-09-13 09:16:46.940562
WST00887,M359,P112,C060,2792.88,kg,93.8,2026-09-27,2026-11-06,Outdoor Storage,Medium,336.55,Reserved,39.94,2026-09-13 09:16:46.940562
WST00888,M360,P112,C060,1138.17,ton,62.44,2026-10-05,2026-11-09,Cold Storage,Medium,262.21,Active,58.37,2026-09-13 09:16:46.940562
WST00889,M360,P112,C060,4495.4,kg,89.62,2026-09-15,2026-11-13,Covered Warehouse,High,482.35,Sold,51.3,2026-09-13 09:16:46.940562
WST00890,M361,P112,C060,157.45,ton,66.24,2026-09-30,2026-11-21,Covered Warehouse,High,77.47,Active,46.09,2026-09-13 09:16:46.941564
WST00891,M361,P112,C060,2433.53,litre,90.03,2026-09-26,2026-10-26,Dry Storage,Medium,315.6,Expired,86.78,2026-09-13 09:16:46.941564
WST00892,M361,P112,C060,2765.58,ton,86.84,2026-10-10,2026-11-11,Indoor Storage,Low,489.31,Reserved,28.4,2026-09-13 09:16:46.941564
WST00893,M362,P113,C060,838.88,ton,64.99,2026-09-21,2026-11-06,Outdoor Storage,High,190.18,Active,31.58,2026-09-13 09:16:46.941564
WST00894,M362,P113,C060,2718.54,piece,86.64,2026-10-07,2026-12-04,Indoor Storage,Medium,475.52,Active,99.63,2026-09-13 09:16:46.941564
WST00895,M363,P113,C060,4181.16,kg,86.63,2026-09-16,2026-10-24,Cold Storage,Low,207.51,Active,38.77,2026-09-13 09:16:46.941564
WST00896,M363,P113,C060,4405.11,ton,84.07,2026-10-06,2026-11-19,Dry Storage,High,291.68,Expired,24.13,2026-09-13 09:16:46.941564
WST00897,M364,P113,C060,4491.38,litre,86.94,2026-09-24,2026-10-16,Cold Storage,High,440.5,Reserved,97.43,2026-09-13 09:16:46.941564
WST00898,M364,P113,C060,3901.44,litre,68.9,2026-09-16,2026-10-04,Indoor Storage,High,180.56,Reserved,11.14,2026-09-13 09:16:46.941564
WST00899,M364,P113,C060,516.95,ton,65.23,2026-09-16,2026-10-10,Covered Warehouse,Low,470.07,Sold,94.9,2026-09-13 09:16:46.941564
WST00900,M365,P113,C060,1282.57,kg,90.81,2026-09-25,2026-11-05,Cold Storage,Medium,131.29,Active,72.44,2026-09-13 09:16:46.941564
WST00901,M365,P113,C060,3604.11,piece,62.47,2026-10-08,2026-11-27,Covered Warehouse,Low,257.77,Active,44.18,2026-09-13 09:16:46.941564
WST00902,M366,P114,C060,873.1,piece,74.5,2026-10-02,2026-11-09,Covered Warehouse,High,198.83,Expired,15.8,2026-09-13 09:16:46.941564
WST00903,M366,P114,C060,2587.35,ton,79.67,2026-09-30,2026-10-17,Cold Storage,Low,39.07,Reserved,64.33,2026-09-13 09:16:46.941564
WST00904,M366,P114,C060,2011.21,piece,79.44,2026-09-16,2026-10-18,Indoor Storage,Low,14.44,Expired,88.07,2026-09-13 09:16:46.941564
WST00905,M367,P114,C060,1560.31,piece,64.39,2026-09-24,2026-11-21,Cold Storage,High,456.67,Reserved,26.38,2026-09-13 09:16:46.941564
WST00906,M367,P114,C060,322.06,piece,93.59,2026-09-24,2026-10-09,Cold Storage,Low,263.31,Reserved,79.98,2026-09-13 09:16:46.941564
WST00907,M367,P114,C060,3110.72,litre,88.13,2026-10-12,2026-11-14,Outdoor Storage,High,424.82,Expired,27.04,2026-09-13 09:16:46.941564
WST00908,M368,P114,C060,4945.57,piece,68.34,2026-10-06,2026-11-25,Covered Warehouse,Medium,470.34,Active,22.87,2026-09-13 09:16:46.941564
WST00909,M368,P114,C060,4035.88,ton,83.08,2026-10-09,2026-11-17,Dry Storage,Low,302.52,Sold,95.77,2026-09-13 09:16:46.941564
WST00910,M368,P114,C060,321.03,kg,74.55,2026-09-29,2026-11-24,Dry Storage,Medium,416.68,Active,99.17,2026-09-13 09:16:46.941564
WST00911,M369,P114,C060,4918.45,ton,91.43,2026-10-11,2026-11-24,Outdoor Storage,Low,440.05,Sold,87.75,2026-09-13 09:16:46.941564
WST00912,M369,P114,C060,1755.97,piece,95.18,2026-10-06,2026-12-05,Indoor Storage,Low,466.43,Reserved,47.44,2026-09-13 09:16:46.941564
